0.05 -70.000 0.000
0.10 -70.000 0.000
0.15 -70.000 0.000
0.20 -70.000 0.000
0.25 -70.000 0.000
0.30 -70.000 0.000
0.35 -70.000 0.000
0.40 -70.000 0.000
0.45 -70.000 0.000
0.50 -70.000 0.000
0.55 -70.000 0.000
0.60 -70.000 0.000
0.65 -70.000 0.000
0.70 -70.000 0.000
0.75 -70.000 0.000
0.80 -70.000 0.000
0.85 -70.000 0.000
0.90 -70.000 0.000
0.95 -70.000 0.000
1.00 -70.000 0.000
1.05 -70.000 0.000
1.10 -70.000 0.000
1.15 -70.000 0.000
1.20 -70.000 0.000
1.25 -70.000 0.000
1.30 -70.000 0.000
1.35 -70.000 0.000
1.40 -70.000 0.000
1.45 -70.000 0.000
1.50 -70.000 0.000
1.55 -70.000 0.000
1.60 -70.000 0.000
1.65 -70.000 0.000
1.70 -70.000 0.000
1.75 -70.000 0.000
1.80 -70.000 0.000
1.85 -70.000 0.000
1.90 -70.000 0.000
1.95 -70.000 0.000
2.00 -70.000 0.000
2.05 -70.001 0.000
2.10 -70.001 0.000
2.15 -70.001 0.000
2.20 -70.001 0.000
2.25 -70.001 0.000
2.30 -70.001 0.000
2.35 -70.001 0.000
2.40 -70.001 0.000
2.45 -70.001 0.000
2.50 -70.001 0.000
2.55 -70.001 0.000
2.60 -70.001 0.000
2.65 -70.001 0.000
2.70 -70.001 0.000
2.75 -70.001 0.001
2.80 -70.001 0.001
2.85 -70.001 0.001
2.90 -70.001 0.001
2.95 -70.001 0.001
3.00 -70.001 0.001
3.05 -70.001 0.001
3.10 -70.001 0.001
3.15 -70.001 0.001
3.20 -70.001 0.001
3.25 -70.001 0.001
3.30 -70.001 0.001
3.35 -70.001 0.001
3.40 -70.001 0.001
3.45 -70.001 0.001
3.50 -70.001 0.001
3.55 -70.001 0.001
3.60 -70.001 0.001
3.65 -70.002 0.001
3.70 -70.002 0.001
3.75 -70.002 0.001
3.80 -70.002 0.001
3.85 -70.002 0.001
3.90 -70.002 0.001
3.95 -70.002 0.001
4.00 -70.002 0.001
4.05 -70.002 0.001
4.10 -70.002 0.001
4.15 -70.002 0.001
4.20 -70.002 0.001
4.25 -70.002 0.001
4.30 -70.002 0.001
4.35 -70.002 0.001
4.40 -70.002 0.001
4.45 -70.002 0.001
4.50 -70.002 0.001
4.55 -70.002 0.001
4.60 -70.002 0.001
4.65 -70.002 0.001
4.70 -70.002 0.001
4.75 -70.002 0.001
4.80 -70.003 0.001
4.85 -70.003 0.001
4.90 -70.003 0.001
4.95 -70.003 0.001
5.00 -70.003 0.001
5.05 -70.003 0.001
5.10 -70.003 0.001
5.15 -70.003 0.001
5.20 -70.003 0.001
5.25 -70.003 0.001
5.30 -70.003 0.001
5.35 -70.003 0.001
5.40 -70.003 0.001
5.45 -70.003 0.001
5.50 -70.003 0.001
5.55 -70.003 0.001
5.60 -70.003 0.001
5.65 -70.003 0.001
5.70 -70.003 0.001
5.75 -70.004 0.001
5.80 -70.004 0.001
5.85 -70.004 0.001
5.90 -70.004 0.001
5.95 -70.004 0.001
6.00 -70.004 0.001
6.05 -70.004 0.001
6.10 -70.004 0.001
6.15 -70.004 0.001
6.20 -70.004 0.001
6.25 -70.004 0.001
6.30 -70.004 0.001
6.35 -70.004 0.001
6.40 -70.004 0.001
6.45 -70.004 0.001
6.50 -70.004 0.001
6.55 -70.004 0.001
6.60 -70.005 0.001
6.65 -70.005 0.001
6.70 -70.005 0.001
6.75 -70.005 0.001
6.80 -70.005 0.001
6.85 -70.005 0.001
6.90 -70.005 0.001
6.95 -70.005 0.001
7.00 -70.005 0.001
7.05 -70.005 0.001
7.10 -70.005 0.001
7.15 -70.005 0.001
7.20 -70.005 0.001
7.25 -70.005 0.001
7.30 -70.005 0.001
7.35 -70.005 0.001
7.40 -70.006 0.001
7.45 -70.006 0.001
7.50 -70.006 0.001
7.55 -70.006 0.001
7.60 -70.006 0.001
7.65 -70.006 0.001
7.70 -70.006 0.001
7.75 -70.006 0.001
7.80 -70.006 0.001
7.85 -70.006 0.001
7.90 -70.006 0.001
7.95 -70.006 0.001
8.00 -70.006 0.001
8.05 -70.006 0.001
8.10 -70.006 0.001
8.15 -70.007 0.001
8.20 -70.007 0.001
8.25 -70.007 0.001
8.30 -70.007 0.001
8.35 -70.007 0.002
8.40 -70.007 0.002
8.45 -70.007 0.002
8.50 -70.007 0.002
8.55 -70.007 0.002
8.60 -70.007 0.002
8.65 -70.007 0.002
8.70 -70.007 0.002
8.75 -70.007 0.002
8.80 -70.007 0.002
8.85 -70.008 0.002
8.90 -70.008 0.002
8.95 -70.008 0.002
9.00 -70.008 0.002
9.05 -70.008 0.002
9.10 -70.008 0.002
9.15 -70.008 0.002
9.20 -70.008 0.002
9.25 -70.008 0.002
9.30 -70.008 0.002
9.35 -70.008 0.002
9.40 -70.008 0.002
9.45 -70.008 0.002
9.50 -70.009 0.002
9.55 -70.009 0.002
9.60 -70.009 0.002
9.65 -70.009 0.002
9.70 -70.009 0.002
9.75 -70.009 0.002
9.80 -70.009 0.002
9.85 -70.009 0.002
9.90 -70.009 0.002
9.95 -70.009 0.002
10.00 -70.009 0.002
10.05 -70.009 0.002
10.10 -70.009 0.002
10.15 -70.010 0.002
10.20 -70.010 0.002
10.25 -70.010 0.002
10.30 -70.010 0.002
10.35 -70.010 0.002
10.40 -70.010 0.002
10.45 -70.010 0.002
10.50 -70.010 0.002
10.55 -70.010 0.002
10.60 -70.010 0.002
10.65 -70.010 0.002
10.70 -70.010 0.002
10.75 -70.011 0.002
10.80 -70.011 0.002
10.85 -70.011 0.002
10.90 -70.011 0.002
10.95 -70.011 0.002
11.00 -70.011 0.002
11.05 -70.011 0.002
11.10 -70.011 0.002
11.15 -70.011 0.002
11.20 -70.011 0.002
11.25 -70.011 0.002
11.30 -70.011 0.002
11.35 -70.012 0.002
11.40 -70.012 0.002
11.45 -70.012 0.002
11.50 -70.012 0.002
11.55 -70.012 0.002
11.60 -70.012 0.002
11.65 -70.012 0.002
11.70 -70.012 0.002
11.75 -70.012 0.002
11.80 -70.012 0.002
11.85 -70.012 0.002
11.90 -70.012 0.002
11.95 -70.013 0.002
12.00 -70.013 0.002
12.05 -70.013 0.002
12.10 -70.013 0.002
12.15 -70.013 0.002
12.20 -70.013 0.002
12.25 -70.013 0.002
12.30 -70.013 0.002
12.35 -70.013 0.002
12.40 -70.013 0.002
12.45 -70.013 0.002
12.50 -70.014 0.002
12.55 -70.014 0.002
12.60 -70.014 0.002
12.65 -70.014 0.002
12.70 -70.014 0.002
12.75 -70.014 0.002
12.80 -70.014 0.002
12.85 -70.014 0.002
12.90 -70.014 0.002
12.95 -70.014 0.002
13.00 -70.014 0.002
13.05 -70.015 0.002
13.10 -70.015 0.002
13.15 -70.015 0.002
13.20 -70.015 0.002
13.25 -70.015 0.002
13.30 -70.015 0.002
13.35 -70.015 0.002
13.40 -70.015 0.002
13.45 -70.015 0.002
13.50 -70.015 0.002
13.55 -70.015 0.002
13.60 -70.016 0.002
13.65 -70.016 0.002
13.70 -70.016 0.002
13.75 -70.016 0.002
13.80 -70.016 0.002
13.85 -70.016 0.002
13.90 -70.016 0.002
13.95 -70.016 0.002
14.00 -70.016 0.002
14.05 -70.016 0.002
14.10 -70.016 0.003
14.15 -70.017 0.003
14.20 -70.017 0.003
14.25 -70.017 0.003
14.30 -70.017 0.003
14.35 -70.017 0.003
14.40 -70.017 0.003
14.45 -70.017 0.003
14.50 -70.017 0.003
14.55 -70.017 0.003
14.60 -70.017 0.003
14.65 -70.017 0.003
14.70 -70.018 0.003
14.75 -70.018 0.003
14.80 -70.018 0.003
14.85 -70.018 0.003
14.90 -70.018 0.003
14.95 -70.018 0.003
15.00 -70.018 0.003
15.05 -70.018 0.003
15.10 -70.018 0.003
15.15 -70.018 0.003
15.20 -70.018 0.003
15.25 -70.019 0.003
15.30 -70.019 0.003
15.35 -70.019 0.003
15.40 -70.019 0.003
15.45 -70.019 0.003
15.50 -70.019 0.003
15.55 -70.019 0.003
15.60 -70.019 0.003
15.65 -70.019 0.003
15.70 -70.019 0.003
15.75 -70.020 0.003
15.80 -70.020 0.003
15.85 -70.020 0.003
15.90 -70.020 0.003
15.95 -70.020 0.003
16.00 -70.020 0.003
16.05 -70.020 0.003
16.10 -70.020 0.003
16.15 -70.020 0.003
16.20 -70.020 0.003
16.25 -70.021 0.003
16.30 -70.021 0.003
16.35 -70.021 0.003
16.40 -70.021 0.003
16.45 -70.021 0.003
16.50 -70.021 0.003
16.55 -70.021 0.003
16.60 -70.021 0.003
16.65 -70.021 0.003
16.70 -70.021 0.003
16.75 -70.022 0.003
16.80 -70.022 0.003
16.85 -70.022 0.003
16.90 -70.022 0.003
16.95 -70.022 0.003
17.00 -70.022 0.003
17.05 -70.022 0.003
17.10 -70.022 0.003
17.15 -70.022 0.003
17.20 -70.022 0.003
17.25 -70.022 0.003
17.30 -70.023 0.003
17.35 -70.023 0.003
17.40 -70.023 0.003
17.45 -70.023 0.003
17.50 -70.023 0.003
17.55 -70.023 0.003
17.60 -70.023 0.003
17.65 -70.023 0.003
17.70 -70.023 0.003
17.75 -70.023 0.003
17.80 -70.024 0.003
17.85 -70.024 0.003
17.90 -70.024 0.003
17.95 -70.024 0.003
18.00 -70.024 0.003
18.05 -70.024 0.003
18.10 -70.024 0.003
18.15 -70.024 0.003
18.20 -70.024 0.003
18.25 -70.024 0.003
18.30 -70.025 0.003
18.35 -70.025 0.003
18.40 -70.025 0.003
18.45 -70.025 0.003
18.50 -70.025 0.003
18.55 -70.025 0.003
18.60 -70.025 0.003
18.65 -70.025 0.003
18.70 -70.025 0.003
18.75 -70.026 0.003
18.80 -70.026 0.003
18.85 -70.026 0.003
18.90 -70.026 0.003
18.95 -70.026 0.003
19.00 -70.026 0.003
19.05 -70.026 0.003
19.10 -70.026 0.003
19.15 -70.026 0.003
19.20 -70.026 0.003
19.25 -70.027 0.003
19.30 -70.027 0.003
19.35 -70.027 0.003
19.40 -70.027 0.003
19.45 -70.027 0.003
19.50 -70.027 0.003
19.55 -70.027 0.003
19.60 -70.027 0.003
19.65 -70.027 0.003
19.70 -70.027 0.003
19.75 -70.028 0.003
19.80 -70.028 0.003
19.85 -70.028 0.003
19.90 -70.028 0.003
19.95 -70.028 0.003
20.00 -70.028 0.003
20.05 -70.028 0.003
20.10 -70.028 0.003
20.15 -70.028 0.004
20.20 -70.028 0.004
20.25 -70.029 0.004
20.30 -70.029 0.004
20.35 -70.029 0.004
20.40 -70.029 0.004
20.45 -70.029 0.004
20.50 -70.029 0.004
20.55 -70.029 0.004
20.60 -70.029 0.004
20.65 -70.029 0.004
20.70 -70.030 0.004
20.75 -70.030 0.004
20.80 -70.030 0.004
20.85 -70.030 0.004
20.90 -70.030 0.004
20.95 -70.030 0.004
21.00 -70.030 0.004
21.05 -70.030 0.004
21.10 -70.030 0.004
21.15 -70.030 0.004
21.20 -70.031 0.004
21.25 -70.031 0.004
21.30 -70.031 0.004
21.35 -70.031 0.004
21.40 -70.031 0.004
21.45 -70.031 0.004
21.50 -70.031 0.004
21.55 -70.031 0.004
21.60 -70.031 0.004
21.65 -70.031 0.004
21.70 -70.032 0.004
21.75 -70.032 0.004
21.80 -70.032 0.004
21.85 -70.032 0.004
21.90 -70.032 0.004
21.95 -70.032 0.004
22.00 -70.032 0.004
22.05 -70.032 0.004
22.10 -70.032 0.004
22.15 -70.033 0.004
22.20 -70.033 0.004
22.25 -70.033 0.004
22.30 -70.033 0.004
22.35 -70.033 0.004
22.40 -70.033 0.004
22.45 -70.033 0.004
22.50 -70.033 0.004
22.55 -70.033 0.004
22.60 -70.033 0.004
22.65 -70.034 0.004
22.70 -70.034 0.004
22.75 -70.034 0.004
22.80 -70.034 0.004
22.85 -70.034 0.004
22.90 -70.034 0.004
22.95 -70.034 0.004
23.00 -70.034 0.004
23.05 -70.034 0.004
23.10 -70.035 0.004
23.15 -70.035 0.004
23.20 -70.035 0.004
23.25 -70.035 0.004
23.30 -70.035 0.004
23.35 -70.035 0.004
23.40 -70.035 0.004
23.45 -70.035 0.004
23.50 -70.035 0.004
23.55 -70.035 0.004
23.60 -70.036 0.004
23.65 -70.036 0.004
23.70 -70.036 0.004
23.75 -70.036 0.004
23.80 -70.036 0.004
23.85 -70.036 0.004
23.90 -70.036 0.004
23.95 -70.036 0.004
24.00 -70.036 0.004
24.05 -70.037 0.004
24.10 -70.037 0.004
24.15 -70.037 0.004
24.20 -70.037 0.004
24.25 -70.037 0.004
24.30 -70.037 0.004
24.35 -70.037 0.004
24.40 -70.037 0.004
24.45 -70.037 0.004
24.50 -70.038 0.004
24.55 -70.038 0.004
24.60 -70.038 0.004
24.65 -70.038 0.004
24.70 -70.038 0.004
24.75 -70.038 0.004
24.80 -70.038 0.004
24.85 -70.038 0.004
24.90 -70.038 0.004
24.95 -70.038 0.004
25.00 -70.039 0.004
25.05 -70.039 0.004
25.10 -70.039 0.004
25.15 -70.039 0.004
25.20 -70.039 0.004
25.25 -70.039 0.004
25.30 -70.039 0.004
25.35 -70.039 0.004
25.40 -70.039 0.004
25.45 -70.040 0.004
25.50 -70.040 0.004
25.55 -70.040 0.004
25.60 -70.040 0.004
25.65 -70.040 0.004
25.70 -70.040 0.004
25.75 -70.040 0.004
25.80 -70.040 0.004
25.85 -70.040 0.004
25.90 -70.040 0.004
25.95 -70.041 0.004
26.00 -70.041 0.004
26.05 -70.041 0.004
26.10 -70.041 0.004
26.15 -70.041 0.004
26.20 -70.041 0.004
26.25 -70.041 0.004
26.30 -70.041 0.004
26.35 -70.041 0.004
26.40 -70.042 0.005
26.45 -70.042 0.005
26.50 -70.042 0.005
26.55 -70.042 0.005
26.60 -70.042 0.005
26.65 -70.042 0.005
26.70 -70.042 0.005
26.75 -70.042 0.005
26.80 -70.042 0.005
26.85 -70.043 0.005
26.90 -70.043 0.005
26.95 -70.043 0.005
27.00 -70.043 0.005
27.05 -70.043 0.005
27.10 -70.043 0.005
27.15 -70.043 0.005
27.20 -70.043 0.005
27.25 -70.043 0.005
27.30 -70.043 0.005
27.35 -70.044 0.005
27.40 -70.044 0.005
27.45 -70.044 0.005
27.50 -70.044 0.005
27.55 -70.044 0.005
27.60 -70.044 0.005
27.65 -70.044 0.005
27.70 -70.044 0.005
27.75 -70.044 0.005
27.80 -70.045 0.005
27.85 -70.045 0.005
27.90 -70.045 0.005
27.95 -70.045 0.005
28.00 -70.045 0.005
28.05 -70.045 0.005
28.10 -70.045 0.005
28.15 -70.045 0.005
28.20 -70.045 0.005
28.25 -70.046 0.005
28.30 -70.046 0.005
28.35 -70.046 0.005
28.40 -70.046 0.005
28.45 -70.046 0.005
28.50 -70.046 0.005
28.55 -70.046 0.005
28.60 -70.046 0.005
28.65 -70.046 0.005
28.70 -70.046 0.005
28.75 -70.047 0.005
28.80 -70.047 0.005
28.85 -70.047 0.005
28.90 -70.047 0.005
28.95 -70.047 0.005
29.00 -70.047 0.005
29.05 -70.047 0.005
29.10 -70.047 0.005
29.15 -70.047 0.005
29.20 -70.048 0.005
29.25 -70.048 0.005
29.30 -70.048 0.005
29.35 -70.048 0.005
29.40 -70.048 0.005
29.45 -70.048 0.005
29.50 -70.048 0.005
29.55 -70.048 0.005
29.60 -70.048 0.005
29.65 -70.049 0.005
29.70 -70.049 0.005
29.75 -70.049 0.005
29.80 -70.049 0.005
29.85 -70.049 0.005
29.90 -70.049 0.005
29.95 -70.049 0.005
30.00 -70.049 0.005
30.05 -70.049 0.005
30.10 -70.049 0.005
30.15 -70.050 0.005
30.20 -70.050 0.005
30.25 -70.050 0.005
30.30 -70.050 0.005
30.35 -70.050 0.005
30.40 -70.050 0.005
30.45 -70.050 0.005
30.50 -70.050 0.005
30.55 -70.050 0.005
30.60 -70.051 0.005
30.65 -70.051 0.005
30.70 -70.051 0.005
30.75 -70.051 0.005
30.80 -70.051 0.005
30.85 -70.051 0.005
30.90 -70.051 0.005
30.95 -70.051 0.005
31.00 -70.051 0.005
31.05 -70.052 0.005
31.10 -70.052 0.005
31.15 -70.052 0.005
31.20 -70.052 0.005
31.25 -70.052 0.005
31.30 -70.052 0.005
31.35 -70.052 0.005
31.40 -70.052 0.005
31.45 -70.052 0.005
31.50 -70.052 0.005
31.55 -70.053 0.005
31.60 -70.053 0.005
31.65 -70.053 0.005
31.70 -70.053 0.005
31.75 -70.053 0.005
31.80 -70.053 0.005
31.85 -70.053 0.005
31.90 -70.053 0.005
31.95 -70.053 0.005
32.00 -70.054 0.005
32.05 -70.054 0.005
32.10 -70.054 0.005
32.15 -70.054 0.005
32.20 -70.054 0.005
32.25 -70.054 0.005
32.30 -70.054 0.005
32.35 -70.054 0.005
32.40 -70.054 0.005
32.45 -70.055 0.005
32.50 -70.055 0.005
32.55 -70.055 0.005
32.60 -70.055 0.005
32.65 -70.055 0.005
32.70 -70.055 0.005
32.75 -70.055 0.005
32.80 -70.055 0.005
32.85 -70.055 0.005
32.90 -70.055 0.006
32.95 -70.056 0.006
33.00 -70.056 0.006
33.05 -70.056 0.006
33.10 -70.056 0.006
33.15 -70.056 0.006
33.20 -70.056 0.006
33.25 -70.056 0.006
33.30 -70.056 0.006
33.35 -70.056 0.006
33.40 -70.057 0.006
33.45 -70.057 0.006
33.50 -70.057 0.006
33.55 -70.057 0.006
33.60 -70.057 0.006
33.65 -70.057 0.006
33.70 -70.057 0.006
33.75 -70.057 0.006
33.80 -70.057 0.006
33.85 -70.057 0.006
33.90 -70.058 0.006
33.95 -70.058 0.006
34.00 -70.058 0.006
34.05 -70.058 0.006
34.10 -70.058 0.006
34.15 -70.058 0.006
34.20 -70.058 0.006
34.25 -70.058 0.006
34.30 -70.058 0.006
34.35 -70.059 0.006
34.40 -70.059 0.006
34.45 -70.059 0.006
34.50 -70.059 0.006
34.55 -70.059 0.006
34.60 -70.059 0.006
34.65 -70.059 0.006
34.70 -70.059 0.006
34.75 -70.059 0.006
34.80 -70.060 0.006
34.85 -70.060 0.006
34.90 -70.060 0.006
34.95 -70.060 0.006
35.00 -70.060 0.006
35.05 -70.060 0.006
35.10 -70.060 0.006
35.15 -70.060 0.006
35.20 -70.060 0.006
35.25 -70.060 0.006
35.30 -70.061 0.006
35.35 -70.061 0.006
35.40 -70.061 0.006
35.45 -70.061 0.006
35.50 -70.061 0.006
35.55 -70.061 0.006
35.60 -70.061 0.006
35.65 -70.061 0.006
35.70 -70.061 0.006
35.75 -70.062 0.006
35.80 -70.062 0.006
35.85 -70.062 0.006
35.90 -70.062 0.006
35.95 -70.062 0.006
36.00 -70.062 0.006
36.05 -70.062 0.006
36.10 -70.062 0.006
36.15 -70.062 0.006
36.20 -70.062 0.006
36.25 -70.063 0.006
36.30 -70.063 0.006
36.35 -70.063 0.006
36.40 -70.063 0.006
36.45 -70.063 0.006
36.50 -70.063 0.006
36.55 -70.063 0.006
36.60 -70.063 0.006
36.65 -70.063 0.006
36.70 -70.064 0.006
36.75 -70.064 0.006
36.80 -70.064 0.006
36.85 -70.064 0.006
36.90 -70.064 0.006
36.95 -70.064 0.006
37.00 -70.064 0.006
37.05 -70.064 0.006
37.10 -70.064 0.006
37.15 -70.064 0.006
37.20 -70.065 0.006
37.25 -70.065 0.006
37.30 -70.065 0.006
37.35 -70.065 0.006
37.40 -70.065 0.006
37.45 -70.065 0.006
37.50 -70.065 0.006
37.55 -70.065 0.006
37.60 -70.065 0.006
37.65 -70.066 0.006
37.70 -70.066 0.006
37.75 -70.066 0.006
37.80 -70.066 0.006
37.85 -70.066 0.006
37.90 -70.066 0.006
37.95 -70.066 0.006
38.00 -70.066 0.006
38.05 -70.066 0.006
38.10 -70.066 0.006
38.15 -70.067 0.006
38.20 -70.067 0.006
38.25 -70.067 0.006
38.30 -70.067 0.006
38.35 -70.067 0.006
38.40 -70.067 0.006
38.45 -70.067 0.006
38.50 -70.067 0.006
38.55 -70.067 0.006
38.60 -70.068 0.006
38.65 -70.068 0.006
38.70 -70.068 0.006
38.75 -70.068 0.006
38.80 -70.068 0.006
38.85 -70.068 0.006
38.90 -70.068 0.006
38.95 -70.068 0.006
39.00 -70.068 0.006
39.05 -70.068 0.006
39.10 -70.069 0.006
39.15 -70.069 0.006
39.20 -70.069 0.006
39.25 -70.069 0.006
39.30 -70.069 0.006
39.35 -70.069 0.006
39.40 -70.069 0.006
39.45 -70.069 0.006
39.50 -70.069 0.006
39.55 -70.070 0.006
39.60 -70.070 0.006
39.65 -70.070 0.006
39.70 -70.070 0.006
39.75 -70.070 0.007
39.80 -70.070 0.007
39.85 -70.070 0.007
39.90 -70.070 0.007
39.95 -70.070 0.007
40.00 -70.070 0.007
40.05 -70.071 0.007
40.10 -70.071 0.007
40.15 -70.071 0.007
40.20 -70.071 0.007
40.25 -70.071 0.007
40.30 -70.071 0.007
40.35 -70.071 0.007
40.40 -70.071 0.007
40.45 -70.071 0.007
40.50 -70.071 0.007
40.55 -70.072 0.007
40.60 -70.072 0.007
40.65 -70.072 0.007
40.70 -70.072 0.007
40.75 -70.072 0.007
40.80 -70.072 0.007
40.85 -70.072 0.007
40.90 -70.072 0.007
40.95 -70.072 0.007
41.00 -70.073 0.007
41.05 -70.073 0.007
41.10 -70.073 0.007
41.15 -70.073 0.007
41.20 -70.073 0.007
41.25 -70.073 0.007
41.30 -70.073 0.007
41.35 -70.073 0.007
41.40 -70.073 0.007
41.45 -70.073 0.007
41.50 -70.074 0.007
41.55 -70.074 0.007
41.60 -70.074 0.007
41.65 -70.074 0.007
41.70 -70.074 0.007
41.75 -70.074 0.007
41.80 -70.074 0.007
41.85 -70.074 0.007
41.90 -70.074 0.007
41.95 -70.074 0.007
42.00 -70.075 0.007
42.05 -70.075 0.007
42.10 -70.075 0.007
42.15 -70.075 0.007
42.20 -70.075 0.007
42.25 -70.075 0.007
42.30 -70.075 0.007
42.35 -70.075 0.007
42.40 -70.075 0.007
42.45 -70.076 0.007
42.50 -70.076 0.007
42.55 -70.076 0.007
42.60 -70.076 0.007
42.65 -70.076 0.007
42.70 -70.076 0.007
42.75 -70.076 0.007
42.80 -70.076 0.007
42.85 -70.076 0.007
42.90 -70.076 0.007
42.95 -70.077 0.007
43.00 -70.077 0.007
43.05 -70.077 0.007
43.10 -70.077 0.007
43.15 -70.077 0.007
43.20 -70.077 0.007
43.25 -70.077 0.007
43.30 -70.077 0.007
43.35 -70.077 0.007
43.40 -70.077 0.007
43.45 -70.078 0.007
43.50 -70.078 0.007
43.55 -70.078 0.007
43.60 -70.078 0.007
43.65 -70.078 0.007
43.70 -70.078 0.007
43.75 -70.078 0.007
43.80 -70.078 0.007
43.85 -70.078 0.007
43.90 -70.078 0.007
43.95 -70.079 0.007
44.00 -70.079 0.007
44.05 -70.079 0.007
44.10 -70.079 0.007
44.15 -70.079 0.007
44.20 -70.079 0.007
44.25 -70.079 0.007
44.30 -70.079 0.007
44.35 -70.079 0.007
44.40 -70.080 0.007
44.45 -70.080 0.007
44.50 -70.080 0.007
44.55 -70.080 0.007
44.60 -70.080 0.007
44.65 -70.080 0.007
44.70 -70.080 0.007
44.75 -70.080 0.007
44.80 -70.080 0.007
44.85 -70.080 0.007
44.90 -70.081 0.007
44.95 -70.081 0.007
45.00 -70.081 0.007
45.05 -70.081 0.007
45.10 -70.081 0.007
45.15 -70.081 0.007
45.20 -70.081 0.007
45.25 -70.081 0.007
45.30 -70.081 0.007
45.35 -70.081 0.007
45.40 -70.082 0.007
45.45 -70.082 0.007
45.50 -70.082 0.007
45.55 -70.082 0.007
45.60 -70.082 0.007
45.65 -70.082 0.007
45.70 -70.082 0.007
45.75 -70.082 0.007
45.80 -70.082 0.007
45.85 -70.082 0.007
45.90 -70.083 0.007
45.95 -70.083 0.007
46.00 -70.083 0.007
46.05 -70.083 0.007
46.10 -70.083 0.007
46.15 -70.083 0.007
46.20 -70.083 0.007
46.25 -70.083 0.007
46.30 -70.083 0.007
46.35 -70.083 0.007
46.40 -70.084 0.007
46.45 -70.084 0.007
46.50 -70.084 0.007
46.55 -70.084 0.007
46.60 -70.084 0.007
46.65 -70.084 0.007
46.70 -70.084 0.007
46.75 -70.084 0.007
46.80 -70.084 0.007
46.85 -70.084 0.008
46.90 -70.085 0.008
46.95 -70.085 0.008
47.00 -70.085 0.008
47.05 -70.085 0.008
47.10 -70.085 0.008
47.15 -70.085 0.008
47.20 -70.085 0.008
47.25 -70.085 0.008
47.30 -70.085 0.008
47.35 -70.085 0.008
47.40 -70.086 0.008
47.45 -70.086 0.008
47.50 -70.086 0.008
47.55 -70.086 0.008
47.60 -70.086 0.008
47.65 -70.086 0.008
47.70 -70.086 0.008
47.75 -70.086 0.008
47.80 -70.086 0.008
47.85 -70.086 0.008
47.90 -70.087 0.008
47.95 -70.087 0.008
48.00 -70.087 0.008
48.05 -70.087 0.008
48.10 -70.087 0.008
48.15 -70.087 0.008
48.20 -70.087 0.008
48.25 -70.087 0.008
48.30 -70.087 0.008
48.35 -70.087 0.008
48.40 -70.088 0.008
48.45 -70.088 0.008
48.50 -70.088 0.008
48.55 -70.088 0.008
48.60 -70.088 0.008
48.65 -70.088 0.008
48.70 -70.088 0.008
48.75 -70.088 0.008
48.80 -70.088 0.008
48.85 -70.088 0.008
48.90 -70.089 0.008
48.95 -70.089 0.008
49.00 -70.089 0.008
49.05 -70.089 0.008
49.10 -70.089 0.008
49.15 -70.089 0.008
49.20 -70.089 0.008
49.25 -70.089 0.008
49.30 -70.089 0.008
49.35 -70.089 0.008
49.40 -70.090 0.008
49.45 -70.090 0.008
49.50 -70.090 0.008
49.55 -70.090 0.008
49.60 -70.090 0.008
49.65 -70.090 0.008
49.70 -70.090 0.008
49.75 -70.090 0.008
49.80 -70.090 0.008
49.85 -70.090 0.008
49.90 -70.091 0.008
49.95 -70.091 0.008
50.00 -70.091 0.008
50.05 -70.091 0.008
50.10 -70.091 0.008
50.15 -70.091 0.008
50.20 -70.091 0.008
50.25 -70.091 0.008
50.30 -70.091 0.008
50.35 -70.091 0.008
50.40 -70.092 0.008
50.45 -70.092 0.008
50.50 -70.092 0.008
50.55 -70.092 0.008
50.60 -70.092 0.008
50.65 -70.092 0.008
50.70 -70.092 0.008
50.75 -70.092 0.008
50.80 -70.092 0.008
50.85 -70.092 0.008
50.90 -70.093 0.008
50.95 -70.093 0.008
51.00 -70.093 0.008
51.05 -70.093 0.008
51.10 -70.093 0.008
51.15 -70.093 0.008
51.20 -70.093 0.008
51.25 -70.093 0.008
51.30 -70.093 0.008
51.35 -70.093 0.008
51.40 -70.093 0.008
51.45 -70.094 0.008
51.50 -70.094 0.008
51.55 -70.094 0.008
51.60 -70.094 0.008
51.65 -70.094 0.008
51.70 -70.094 0.008
51.75 -70.094 0.008
51.80 -70.094 0.008
51.85 -70.094 0.008
51.90 -70.094 0.008
51.95 -70.095 0.008
52.00 -70.095 0.008
52.05 -70.095 0.008
52.10 -70.095 0.008
52.15 -70.095 0.008
52.20 -70.095 0.008
52.25 -70.095 0.008
52.30 -70.095 0.008
52.35 -70.095 0.008
52.40 -70.095 0.008
52.45 -70.096 0.008
52.50 -70.096 0.008
52.55 -70.096 0.008
52.60 -70.096 0.008
52.65 -70.096 0.008
52.70 -70.096 0.008
52.75 -70.096 0.008
52.80 -70.096 0.008
52.85 -70.096 0.008
52.90 -70.096 0.008
52.95 -70.097 0.008
53.00 -70.097 0.008
53.05 -70.097 0.008
53.10 -70.097 0.008
53.15 -70.097 0.008
53.20 -70.097 0.008
53.25 -70.097 0.008
53.30 -70.097 0.008
53.35 -70.097 0.008
53.40 -70.097 0.008
53.45 -70.097 0.008
53.50 -70.098 0.008
53.55 -70.098 0.008
53.60 -70.098 0.008
53.65 -70.098 0.008
53.70 -70.098 0.008
53.75 -70.098 0.008
53.80 -70.098 0.008
53.85 -70.098 0.008
53.90 -70.098 0.008
53.95 -70.098 0.008
54.00 -70.099 0.008
54.05 -70.099 0.008
54.10 -70.099 0.008
54.15 -70.099 0.008
54.20 -70.099 0.008
54.25 -70.099 0.008
54.30 -70.099 0.008
54.35 -70.099 0.009
54.40 -70.099 0.009
54.45 -70.099 0.009
54.50 -70.100 0.009
54.55 -70.100 0.009
54.60 -70.100 0.009
54.65 -70.100 0.009
54.70 -70.100 0.009
54.75 -70.100 0.009
54.80 -70.100 0.009
54.85 -70.100 0.009
54.90 -70.100 0.009
54.95 -70.100 0.009
55.00 -70.100 0.009
55.05 -70.101 0.009
55.10 -70.101 0.009
55.15 -70.101 0.009
55.20 -70.101 0.009
55.25 -70.101 0.009
55.30 -70.101 0.009
55.35 -70.101 0.009
55.40 -70.101 0.009
55.45 -70.101 0.009
55.50 -70.101 0.009
55.55 -70.102 0.009
55.60 -70.102 0.009
55.65 -70.102 0.009
55.70 -70.102 0.009
55.75 -70.102 0.009
55.80 -70.102 0.009
55.85 -70.102 0.009
55.90 -70.102 0.009
55.95 -70.102 0.009
56.00 -70.102 0.009
56.05 -70.102 0.009
56.10 -70.103 0.009
56.15 -70.103 0.009
56.20 -70.103 0.009
56.25 -70.103 0.009
56.30 -70.103 0.009
56.35 -70.103 0.009
56.40 -70.103 0.009
56.45 -70.103 0.009
56.50 -70.103 0.009
56.55 -70.103 0.009
56.60 -70.104 0.009
56.65 -70.104 0.009
56.70 -70.104 0.009
56.75 -70.104 0.009
56.80 -70.104 0.009
56.85 -70.104 0.009
56.90 -70.104 0.009
56.95 -70.104 0.009
57.00 -70.104 0.009
57.05 -70.104 0.009
57.10 -70.104 0.009
57.15 -70.105 0.009
57.20 -70.105 0.009
57.25 -70.105 0.009
57.30 -70.105 0.009
57.35 -70.105 0.009
57.40 -70.105 0.009
57.45 -70.105 0.009
57.50 -70.105 0.009
57.55 -70.105 0.009
57.60 -70.105 0.009
57.65 -70.106 0.009
57.70 -70.106 0.009
57.75 -70.106 0.009
57.80 -70.106 0.009
57.85 -70.106 0.009
57.90 -70.106 0.009
57.95 -70.106 0.009
58.00 -70.106 0.009
58.05 -70.106 0.009
58.10 -70.106 0.009
58.15 -70.106 0.009
58.20 -70.107 0.009
58.25 -70.107 0.009
58.30 -70.107 0.009
58.35 -70.107 0.009
58.40 -70.107 0.009
58.45 -70.107 0.009
58.50 -70.107 0.009
58.55 -70.107 0.009
58.60 -70.107 0.009
58.65 -70.107 0.009
58.70 -70.107 0.009
58.75 -70.108 0.009
58.80 -70.108 0.009
58.85 -70.108 0.009
58.90 -70.108 0.009
58.95 -70.108 0.009
59.00 -70.108 0.009
59.05 -70.108 0.009
59.10 -70.108 0.009
59.15 -70.108 0.009
59.20 -70.108 0.009
59.25 -70.109 0.009
59.30 -70.109 0.009
59.35 -70.109 0.009
59.40 -70.109 0.009
59.45 -70.109 0.009
59.50 -70.109 0.009
59.55 -70.109 0.009
59.60 -70.109 0.009
59.65 -70.109 0.009
59.70 -70.109 0.009
59.75 -70.109 0.009
59.80 -70.110 0.009
59.85 -70.110 0.009
59.90 -70.110 0.009
59.95 -70.110 0.009
60.00 -70.110 0.009
60.05 -70.110 0.009
60.10 -70.110 0.009
60.15 -70.110 0.009
60.20 -70.110 0.009
60.25 -70.110 0.009
60.30 -70.110 0.009
60.35 -70.111 0.009
60.40 -70.111 0.009
60.45 -70.111 0.009
60.50 -70.111 0.009
60.55 -70.111 0.009
60.60 -70.111 0.009
60.65 -70.111 0.009
60.70 -70.111 0.009
60.75 -70.111 0.009
60.80 -70.111 0.009
60.85 -70.111 0.009
60.90 -70.112 0.009
60.95 -70.112 0.009
61.00 -70.112 0.009
61.05 -70.112 0.009
61.10 -70.112 0.009
61.15 -70.112 0.009
61.20 -70.112 0.009
61.25 -70.112 0.009
61.30 -70.112 0.009
61.35 -70.112 0.009
61.40 -70.112 0.009
61.45 -70.113 0.009
61.50 -70.113 0.009
61.55 -70.113 0.009
61.60 -70.113 0.009
61.65 -70.113 0.009
61.70 -70.113 0.009
61.75 -70.113 0.009
61.80 -70.113 0.009
61.85 -70.113 0.009
61.90 -70.113 0.009
61.95 -70.113 0.009
62.00 -70.114 0.009
62.05 -70.114 0.009
62.10 -70.114 0.009
62.15 -70.114 0.009
62.20 -70.114 0.010
62.25 -70.114 0.010
62.30 -70.114 0.010
62.35 -70.114 0.010
62.40 -70.114 0.010
62.45 -70.114 0.010
62.50 -70.115 0.010
62.55 -70.115 0.010
62.60 -70.115 0.010
62.65 -70.115 0.010
62.70 -70.115 0.010
62.75 -70.115 0.010
62.80 -70.115 0.010
62.85 -70.115 0.010
62.90 -70.115 0.010
62.95 -70.115 0.010
63.00 -70.115 0.010
63.05 -70.116 0.010
63.10 -70.116 0.010
63.15 -70.116 0.010
63.20 -70.116 0.010
63.25 -70.116 0.010
63.30 -70.116 0.010
63.35 -70.116 0.010
63.40 -70.116 0.010
63.45 -70.116 0.010
63.50 -70.116 0.010
63.55 -70.116 0.010
63.60 -70.117 0.010
63.65 -70.117 0.010
63.70 -70.117 0.010
63.75 -70.117 0.010
63.80 -70.117 0.010
63.85 -70.117 0.010
63.90 -70.117 0.010
63.95 -70.117 0.010
64.00 -70.117 0.010
64.05 -70.117 0.010
64.10 -70.117 0.010
64.15 -70.118 0.010
64.20 -70.118 0.010
64.25 -70.118 0.010
64.30 -70.118 0.010
64.35 -70.118 0.010
64.40 -70.118 0.010
64.45 -70.118 0.010
64.50 -70.118 0.010
64.55 -70.118 0.010
64.60 -70.118 0.010
64.65 -70.118 0.010
64.70 -70.118 0.010
64.75 -70.119 0.010
64.80 -70.119 0.010
64.85 -70.119 0.010
64.90 -70.119 0.010
64.95 -70.119 0.010
65.00 -70.119 0.010
65.05 -70.119 0.010
65.10 -70.119 0.010
65.15 -70.119 0.010
65.20 -70.119 0.010
65.25 -70.119 0.010
65.30 -70.120 0.010
65.35 -70.120 0.010
65.40 -70.120 0.010
65.45 -70.120 0.010
65.50 -70.120 0.010
65.55 -70.120 0.010
65.60 -70.120 0.010
65.65 -70.120 0.010
65.70 -70.120 0.010
65.75 -70.120 0.010
65.80 -70.120 0.010
65.85 -70.121 0.010
65.90 -70.121 0.010
65.95 -70.121 0.010
66.00 -70.121 0.010
66.05 -70.121 0.010
66.10 -70.121 0.010
66.15 -70.121 0.010
66.20 -70.121 0.010
66.25 -70.121 0.010
66.30 -70.121 0.010
66.35 -70.121 0.010
66.40 -70.122 0.010
66.45 -70.122 0.010
66.50 -70.122 0.010
66.55 -70.122 0.010
66.60 -70.122 0.010
66.65 -70.122 0.010
66.70 -70.122 0.010
66.75 -70.122 0.010
66.80 -70.122 0.010
66.85 -70.122 0.010
66.90 -70.122 0.010
66.95 -70.123 0.010
67.00 -70.123 0.010
67.05 -70.123 0.010
67.10 -70.123 0.010
67.15 -70.123 0.010
67.20 -70.123 0.010
67.25 -70.123 0.010
67.30 -70.123 0.010
67.35 -70.123 0.010
67.40 -70.123 0.010
67.45 -70.123 0.010
67.50 -70.123 0.010
67.55 -70.124 0.010
67.60 -70.124 0.010
67.65 -70.124 0.010
67.70 -70.124 0.010
67.75 -70.124 0.010
67.80 -70.124 0.010
67.85 -70.124 0.010
67.90 -70.124 0.010
67.95 -70.124 0.010
68.00 -70.124 0.010
68.05 -70.124 0.010
68.10 -70.125 0.010
68.15 -70.125 0.010
68.20 -70.125 0.010
68.25 -70.125 0.010
68.30 -70.125 0.010
68.35 -70.125 0.010
68.40 -70.125 0.010
68.45 -70.125 0.010
68.50 -70.125 0.010
68.55 -70.125 0.010
68.60 -70.125 0.010
68.65 -70.126 0.010
68.70 -70.126 0.010
68.75 -70.126 0.010
68.80 -70.126 0.010
68.85 -70.126 0.010
68.90 -70.126 0.010
68.95 -70.126 0.010
69.00 -70.126 0.010
69.05 -70.126 0.010
69.10 -70.126 0.010
69.15 -70.126 0.010
69.20 -70.126 0.010
69.25 -70.127 0.010
69.30 -70.127 0.010
69.35 -70.127 0.010
69.40 -70.127 0.010
69.45 -70.127 0.010
69.50 -70.127 0.010
69.55 -70.127 0.010
69.60 -70.127 0.010
69.65 -70.127 0.010
69.70 -70.127 0.010
69.75 -70.127 0.010
69.80 -70.128 0.010
69.85 -70.128 0.010
69.90 -70.128 0.010
69.95 -70.128 0.010
70.00 -70.128 0.010
70.05 -70.128 0.010
70.10 -70.128 0.010
70.15 -70.128 0.010
70.20 -70.128 0.010
70.25 -70.128 0.010
70.30 -70.128 0.010
70.35 -70.128 0.010
70.40 -70.129 0.010
70.45 -70.129 0.010
70.50 -70.129 0.011
70.55 -70.129 0.011
70.60 -70.129 0.011
70.65 -70.129 0.011
70.70 -70.129 0.011
70.75 -70.129 0.011
70.80 -70.129 0.011
70.85 -70.129 0.011
70.90 -70.129 0.011
70.95 -70.130 0.011
71.00 -70.130 0.011
71.05 -70.130 0.011
71.10 -70.130 0.011
71.15 -70.130 0.011
71.20 -70.130 0.011
71.25 -70.130 0.011
71.30 -70.130 0.011
71.35 -70.130 0.011
71.40 -70.130 0.011
71.45 -70.130 0.011
71.50 -70.130 0.011
71.55 -70.131 0.011
71.60 -70.131 0.011
71.65 -70.131 0.011
71.70 -70.131 0.011
71.75 -70.131 0.011
71.80 -70.131 0.011
71.85 -70.131 0.011
71.90 -70.131 0.011
71.95 -70.131 0.011
72.00 -70.131 0.011
72.05 -70.131 0.011
72.10 -70.132 0.011
72.15 -70.132 0.011
72.20 -70.132 0.011
72.25 -70.132 0.011
72.30 -70.132 0.011
72.35 -70.132 0.011
72.40 -70.132 0.011
72.45 -70.132 0.011
72.50 -70.132 0.011
72.55 -70.132 0.011
72.60 -70.132 0.011
72.65 -70.132 0.011
72.70 -70.133 0.011
72.75 -70.133 0.011
72.80 -70.133 0.011
72.85 -70.133 0.011
72.90 -70.133 0.011
72.95 -70.133 0.011
73.00 -70.133 0.011
73.05 -70.133 0.011
73.10 -70.133 0.011
73.15 -70.133 0.011
73.20 -70.133 0.011
73.25 -70.133 0.011
73.30 -70.134 0.011
73.35 -70.134 0.011
73.40 -70.134 0.011
73.45 -70.134 0.011
73.50 -70.134 0.011
73.55 -70.134 0.011
73.60 -70.134 0.011
73.65 -70.134 0.011
73.70 -70.134 0.011
73.75 -70.134 0.011
73.80 -70.134 0.011
73.85 -70.134 0.011
73.90 -70.135 0.011
73.95 -70.135 0.011
74.00 -70.135 0.011
74.05 -70.135 0.011
74.10 -70.135 0.011
74.15 -70.135 0.011
74.20 -70.135 0.011
74.25 -70.135 0.011
74.30 -70.135 0.011
74.35 -70.135 0.011
74.40 -70.135 0.011
74.45 -70.136 0.011
74.50 -70.136 0.011
74.55 -70.136 0.011
74.60 -70.136 0.011
74.65 -70.136 0.011
74.70 -70.136 0.011
74.75 -70.136 0.011
74.80 -70.136 0.011
74.85 -70.136 0.011
74.90 -70.136 0.011
74.95 -70.136 0.011
75.00 -70.136 0.011
75.05 -70.137 0.011
75.10 -70.137 0.011
75.15 -70.137 0.011
75.20 -70.137 0.011
75.25 -70.137 0.011
75.30 -70.137 0.011
75.35 -70.137 0.011
75.40 -70.137 0.011
75.45 -70.137 0.011
75.50 -70.137 0.011
75.55 -70.137 0.011
75.60 -70.137 0.011
75.65 -70.138 0.011
75.70 -70.138 0.011
75.75 -70.138 0.011
75.80 -70.138 0.011
75.85 -70.138 0.011
75.90 -70.138 0.011
75.95 -70.138 0.011
76.00 -70.138 0.011
76.05 -70.138 0.011
76.10 -70.138 0.011
76.15 -70.138 0.011
76.20 -70.138 0.011
76.25 -70.139 0.011
76.30 -70.139 0.011
76.35 -70.139 0.011
76.40 -70.139 0.011
76.45 -70.139 0.011
76.50 -70.139 0.011
76.55 -70.139 0.011
76.60 -70.139 0.011
76.65 -70.139 0.011
76.70 -70.139 0.011
76.75 -70.139 0.011
76.80 -70.139 0.011
76.85 -70.140 0.011
76.90 -70.140 0.011
76.95 -70.140 0.011
77.00 -70.140 0.011
77.05 -70.140 0.011
77.10 -70.140 0.011
77.15 -70.140 0.011
77.20 -70.140 0.011
77.25 -70.140 0.011
77.30 -70.140 0.011
77.35 -70.140 0.011
77.40 -70.140 0.011
77.45 -70.141 0.011
77.50 -70.141 0.011
77.55 -70.141 0.011
77.60 -70.141 0.011
77.65 -70.141 0.011
77.70 -70.141 0.011
77.75 -70.141 0.011
77.80 -70.141 0.011
77.85 -70.141 0.011
77.90 -70.141 0.011
77.95 -70.141 0.011
78.00 -70.141 0.011
78.05 -70.142 0.011
78.10 -70.142 0.011
78.15 -70.142 0.011
78.20 -70.142 0.011
78.25 -70.142 0.011
78.30 -70.142 0.011
78.35 -70.142 0.011
78.40 -70.142 0.011
78.45 -70.142 0.011
78.50 -70.142 0.011
78.55 -70.142 0.011
78.60 -70.142 0.011
78.65 -70.143 0.011
78.70 -70.143 0.011
78.75 -70.143 0.011
78.80 -70.143 0.011
78.85 -70.143 0.011
78.90 -70.143 0.011
78.95 -70.143 0.011
79.00 -70.143 0.011
79.05 -70.143 0.011
79.10 -70.143 0.011
79.15 -70.143 0.011
79.20 -70.143 0.011
79.25 -70.143 0.012
79.30 -70.144 0.012
79.35 -70.144 0.012
79.40 -70.144 0.012
79.45 -70.144 0.012
79.50 -70.144 0.012
79.55 -70.144 0.012
79.60 -70.144 0.012
79.65 -70.144 0.012
79.70 -70.144 0.012
79.75 -70.144 0.012
79.80 -70.144 0.012
79.85 -70.144 0.012
79.90 -70.145 0.012
79.95 -70.145 0.012
80.00 -70.145 0.012
80.05 -70.145 0.012
80.10 -70.145 0.012
80.15 -70.145 0.012
80.20 -70.145 0.012
80.25 -70.145 0.012
80.30 -70.145 0.012
80.35 -70.145 0.012
80.40 -70.145 0.012
80.45 -70.145 0.012
80.50 -70.146 0.012
80.55 -70.146 0.012
80.60 -70.146 0.012
80.65 -70.146 0.012
80.70 -70.146 0.012
80.75 -70.146 0.012
80.80 -70.146 0.012
80.85 -70.146 0.012
80.90 -70.146 0.012
80.95 -70.146 0.012
81.00 -70.146 0.012
81.05 -70.146 0.012
81.10 -70.146 0.012
81.15 -70.147 0.012
81.20 -70.147 0.012
81.25 -70.147 0.012
81.30 -70.147 0.012
81.35 -70.147 0.012
81.40 -70.147 0.012
81.45 -70.147 0.012
81.50 -70.147 0.012
81.55 -70.147 0.012
81.60 -70.147 0.012
81.65 -70.147 0.012
81.70 -70.147 0.012
81.75 -70.148 0.012
81.80 -70.148 0.012
81.85 -70.148 0.012
81.90 -70.148 0.012
81.95 -70.148 0.012
82.00 -70.148 0.012
82.05 -70.148 0.012
82.10 -70.148 0.012
82.15 -70.148 0.012
82.20 -70.148 0.012
82.25 -70.148 0.012
82.30 -70.148 0.012
82.35 -70.149 0.012
82.40 -70.149 0.012
82.45 -70.149 0.012
82.50 -70.149 0.012
82.55 -70.149 0.012
82.60 -70.149 0.012
82.65 -70.149 0.012
82.70 -70.149 0.012
82.75 -70.149 0.012
82.80 -70.149 0.012
82.85 -70.149 0.012
82.90 -70.149 0.012
82.95 -70.149 0.012
83.00 -70.150 0.012
83.05 -70.150 0.012
83.10 -70.150 0.012
83.15 -70.150 0.012
83.20 -70.150 0.012
83.25 -70.150 0.012
83.30 -70.150 0.012
83.35 -70.150 0.012
83.40 -70.150 0.012
83.45 -70.150 0.012
83.50 -70.150 0.012
83.55 -70.150 0.012
83.60 -70.151 0.012
83.65 -70.151 0.012
83.70 -70.151 0.012
83.75 -70.151 0.012
83.80 -70.151 0.012
83.85 -70.151 0.012
83.90 -70.151 0.012
83.95 -70.151 0.012
84.00 -70.151 0.012
84.05 -70.151 0.012
84.10 -70.151 0.012
84.15 -70.151 0.012
84.20 -70.151 0.012
84.25 -70.152 0.012
84.30 -70.152 0.012
84.35 -70.152 0.012
84.40 -70.152 0.012
84.45 -70.152 0.012
84.50 -70.152 0.012
84.55 -70.152 0.012
84.60 -70.152 0.012
84.65 -70.152 0.012
84.70 -70.152 0.012
84.75 -70.152 0.012
84.80 -70.152 0.012
84.85 -70.152 0.012
84.90 -70.153 0.012
84.95 -70.153 0.012
85.00 -70.153 0.012
85.05 -70.153 0.012
85.10 -70.153 0.012
85.15 -70.153 0.012
85.20 -70.153 0.012
85.25 -70.153 0.012
85.30 -70.153 0.012
85.35 -70.153 0.012
85.40 -70.153 0.012
85.45 -70.153 0.012
85.50 -70.154 0.012
85.55 -70.154 0.012
85.60 -70.154 0.012
85.65 -70.154 0.012
85.70 -70.154 0.012
85.75 -70.154 0.012
85.80 -70.154 0.012
85.85 -70.154 0.012
85.90 -70.154 0.012
85.95 -70.154 0.012
86.00 -70.154 0.012
86.05 -70.154 0.012
86.10 -70.154 0.012
86.15 -70.155 0.012
86.20 -70.155 0.012
86.25 -70.155 0.012
86.30 -70.155 0.012
86.35 -70.155 0.012
86.40 -70.155 0.012
86.45 -70.155 0.012
86.50 -70.155 0.012
86.55 -70.155 0.012
86.60 -70.155 0.012
86.65 -70.155 0.012
86.70 -70.155 0.012
86.75 -70.155 0.012
86.80 -70.156 0.012
86.85 -70.156 0.012
86.90 -70.156 0.012
86.95 -70.156 0.012
87.00 -70.156 0.012
87.05 -70.156 0.012
87.10 -70.156 0.012
87.15 -70.156 0.012
87.20 -70.156 0.012
87.25 -70.156 0.012
87.30 -70.156 0.012
87.35 -70.156 0.012
87.40 -70.156 0.012
87.45 -70.157 0.012
87.50 -70.157 0.012
87.55 -70.157 0.012
87.60 -70.157 0.012
87.65 -70.157 0.012
87.70 -70.157 0.012
87.75 -70.157 0.012
87.80 -70.157 0.012
87.85 -70.157 0.012
87.90 -70.157 0.012
87.95 -70.157 0.012
88.00 -70.157 0.012
88.05 -70.157 0.012
88.10 -70.158 0.012
88.15 -70.158 0.012
88.20 -70.158 0.012
88.25 -70.158 0.012
88.30 -70.158 0.012
88.35 -70.158 0.012
88.40 -70.158 0.012
88.45 -70.158 0.012
88.50 -70.158 0.012
88.55 -70.158 0.013
88.60 -70.158 0.013
88.65 -70.158 0.013
88.70 -70.158 0.013
88.75 -70.159 0.013
88.80 -70.159 0.013
88.85 -70.159 0.013
88.90 -70.159 0.013
88.95 -70.159 0.013
89.00 -70.159 0.013
89.05 -70.159 0.013
89.10 -70.159 0.013
89.15 -70.159 0.013
89.20 -70.159 0.013
89.25 -70.159 0.013
89.30 -70.159 0.013
89.35 -70.159 0.013
89.40 -70.160 0.013
89.45 -70.160 0.013
89.50 -70.160 0.013
89.55 -70.160 0.013
89.60 -70.160 0.013
89.65 -70.160 0.013
89.70 -70.160 0.013
89.75 -70.160 0.013
89.80 -70.160 0.013
89.85 -70.160 0.013
89.90 -70.160 0.013
89.95 -70.160 0.013
90.00 -70.160 0.013
90.05 -70.161 0.013
90.10 -70.161 0.013
90.15 -70.161 0.013
90.20 -70.161 0.013
90.25 -70.161 0.013
90.30 -70.161 0.013
90.35 -70.161 0.013
90.40 -70.161 0.013
90.45 -70.161 0.013
90.50 -70.161 0.013
90.55 -70.161 0.013
90.60 -70.161 0.013
90.65 -70.161 0.013
90.70 -70.162 0.013
90.75 -70.162 0.013
90.80 -70.162 0.013
90.85 -70.162 0.013
90.90 -70.162 0.013
90.95 -70.162 0.013
91.00 -70.162 0.013
91.05 -70.162 0.013
91.10 -70.162 0.013
91.15 -70.162 0.013
91.20 -70.162 0.013
91.25 -70.162 0.013
91.30 -70.162 0.013
91.35 -70.163 0.013
91.40 -70.163 0.013
91.45 -70.163 0.013
91.50 -70.163 0.013
91.55 -70.163 0.013
91.60 -70.163 0.013
91.65 -70.163 0.013
91.70 -70.163 0.013
91.75 -70.163 0.013
91.80 -70.163 0.013
91.85 -70.163 0.013
91.90 -70.163 0.013
91.95 -70.163 0.013
92.00 -70.163 0.013
92.05 -70.164 0.013
92.10 -70.164 0.013
92.15 -70.164 0.013
92.20 -70.164 0.013
92.25 -70.164 0.013
92.30 -70.164 0.013
92.35 -70.164 0.013
92.40 -70.164 0.013
92.45 -70.164 0.013
92.50 -70.164 0.013
92.55 -70.164 0.013
92.60 -70.164 0.013
92.65 -70.164 0.013
92.70 -70.165 0.013
92.75 -70.165 0.013
92.80 -70.165 0.013
92.85 -70.165 0.013
92.90 -70.165 0.013
92.95 -70.165 0.013
93.00 -70.165 0.013
93.05 -70.165 0.013
93.10 -70.165 0.013
93.15 -70.165 0.013
93.20 -70.165 0.013
93.25 -70.165 0.013
93.30 -70.165 0.013
93.35 -70.166 0.013
93.40 -70.166 0.013
93.45 -70.166 0.013
93.50 -70.166 0.013
93.55 -70.166 0.013
93.60 -70.166 0.013
93.65 -70.166 0.013
93.70 -70.166 0.013
93.75 -70.166 0.013
93.80 -70.166 0.013
93.85 -70.166 0.013
93.90 -70.166 0.013
93.95 -70.166 0.013
94.00 -70.166 0.013
94.05 -70.167 0.013
94.10 -70.167 0.013
94.15 -70.167 0.013
94.20 -70.167 0.013
94.25 -70.167 0.013
94.30 -70.167 0.013
94.35 -70.167 0.013
94.40 -70.167 0.013
94.45 -70.167 0.013
94.50 -70.167 0.013
94.55 -70.167 0.013
94.60 -70.167 0.013
94.65 -70.167 0.013
94.70 -70.168 0.013
94.75 -70.168 0.013
94.80 -70.168 0.013
94.85 -70.168 0.013
94.90 -70.168 0.013
94.95 -70.168 0.013
95.00 -70.168 0.013
95.05 -70.168 0.013
95.10 -70.168 0.013
95.15 -70.168 0.013
95.20 -70.168 0.013
95.25 -70.168 0.013
95.30 -70.168 0.013
95.35 -70.168 0.013
95.40 -70.169 0.013
95.45 -70.169 0.013
95.50 -70.169 0.013
95.55 -70.169 0.013
95.60 -70.169 0.013
95.65 -70.169 0.013
95.70 -70.169 0.013
95.75 -70.169 0.013
95.80 -70.169 0.013
95.85 -70.169 0.013
95.90 -70.169 0.013
95.95 -70.169 0.013
96.00 -70.169 0.013
96.05 -70.169 0.013
96.10 -70.170 0.013
96.15 -70.170 0.013
96.20 -70.170 0.013
96.25 -70.170 0.013
96.30 -70.170 0.013
96.35 -70.170 0.013
96.40 -70.170 0.013
96.45 -70.170 0.013
96.50 -70.170 0.013
96.55 -70.170 0.013
96.60 -70.170 0.013
96.65 -70.170 0.013
96.70 -70.170 0.013
96.75 -70.171 0.013
96.80 -70.171 0.013
96.85 -70.171 0.013
96.90 -70.171 0.013
96.95 -70.171 0.013
97.00 -70.171 0.013
97.05 -70.171 0.013
97.10 -70.171 0.013
97.15 -70.171 0.013
97.20 -70.171 0.013
97.25 -70.171 0.013
97.30 -70.171 0.013
97.35 -70.171 0.013
97.40 -70.171 0.013
97.45 -70.172 0.013
97.50 -70.172 0.013
97.55 -70.172 0.013
97.60 -70.172 0.013
97.65 -70.172 0.013
97.70 -70.172 0.013
97.75 -70.172 0.013
97.80 -70.172 0.013
97.85 -70.172 0.013
97.90 -70.172 0.013
97.95 -70.172 0.013
98.00 -70.172 0.013
98.05 -70.172 0.013
98.10 -70.172 0.013
98.15 -70.173 0.013
98.20 -70.173 0.013
98.25 -70.173 0.013
98.30 -70.173 0.013
98.35 -70.173 0.013
98.40 -70.173 0.013
98.45 -70.173 0.013
98.50 -70.173 0.014
98.55 -70.173 0.014
98.60 -70.173 0.014
98.65 -70.173 0.014
98.70 -70.173 0.014
98.75 -70.173 0.014
98.80 -70.173 0.014
98.85 -70.174 0.014
98.90 -70.174 0.014
98.95 -70.174 0.014
99.00 -70.174 0.014
99.05 -70.174 0.014
99.10 -70.174 0.014
99.15 -70.174 0.014
99.20 -70.174 0.014
99.25 -70.174 0.014
99.30 -70.174 0.014
99.35 -70.174 0.014
99.40 -70.174 0.014
99.45 -70.174 0.014
99.50 -70.174 0.014
99.55 -70.175 0.014
99.60 -70.175 0.014
99.65 -70.175 0.014
99.70 -70.175 0.014
99.75 -70.175 0.014
99.80 -70.175 0.014
99.85 -70.175 0.014
99.90 -70.175 0.014
99.95 -70.175 0.014
100.00 -70.175 0.014
100.05 -70.175 0.014
100.10 -70.175 0.014
100.15 -70.175 0.014
100.20 -70.175 0.014
100.25 -70.176 0.014
100.30 -70.176 0.014
100.35 -70.176 0.014
100.40 -70.176 0.014
100.45 -70.176 0.014
100.50 -70.176 0.014
100.55 -70.176 0.014
100.60 -70.176 0.014
100.65 -70.176 0.014
100.70 -70.176 0.014
100.75 -70.176 0.014
100.80 -70.176 0.014
100.85 -70.176 0.014
100.90 -70.176 0.014
100.95 -70.177 0.014
101.00 -70.177 0.014
101.05 -70.177 0.014
101.10 -70.177 0.014
101.15 -70.177 0.014
101.20 -70.177 0.014
101.25 -70.177 0.014
101.30 -70.177 0.014
101.35 -70.177 0.014
101.40 -70.177 0.014
101.45 -70.177 0.014
101.50 -70.177 0.014
101.55 -70.177 0.014
101.60 -70.177 0.014
101.65 -70.178 0.014
101.70 -70.178 0.014
101.75 -70.178 0.014
101.80 -70.178 0.014
101.85 -70.178 0.014
101.90 -70.178 0.014
101.95 -70.178 0.014
102.00 -70.178 0.014
102.05 -70.178 0.014
102.10 -70.178 0.014
102.15 -70.178 0.014
102.20 -70.178 0.014
102.25 -70.178 0.014
102.30 -70.178 0.014
102.35 -70.179 0.014
102.40 -70.179 0.014
102.45 -70.179 0.014
102.50 -70.179 0.014
102.55 -70.179 0.014
102.60 -70.179 0.014
102.65 -70.179 0.014
102.70 -70.179 0.014
102.75 -70.179 0.014
102.80 -70.179 0.014
102.85 -70.179 0.014
102.90 -70.179 0.014
102.95 -70.179 0.014
103.00 -70.179 0.014
103.05 -70.179 0.014
103.10 -70.180 0.014
103.15 -70.180 0.014
103.20 -70.180 0.014
103.25 -70.180 0.014
103.30 -70.180 0.014
103.35 -70.180 0.014
103.40 -70.180 0.014
103.45 -70.180 0.014
103.50 -70.180 0.014
103.55 -70.180 0.014
103.60 -70.180 0.014
103.65 -70.180 0.014
103.70 -70.180 0.014
103.75 -70.180 0.014
103.80 -70.181 0.014
103.85 -70.181 0.014
103.90 -70.181 0.014
103.95 -70.181 0.014
104.00 -70.181 0.014
104.05 -70.181 0.014
104.10 -70.181 0.014
104.15 -70.181 0.014
104.20 -70.181 0.014
104.25 -70.181 0.014
104.30 -70.181 0.014
104.35 -70.181 0.014
104.40 -70.181 0.014
104.45 -70.181 0.014
104.50 -70.181 0.014
104.55 -70.182 0.014
104.60 -70.182 0.014
104.65 -70.182 0.014
104.70 -70.182 0.014
104.75 -70.182 0.014
104.80 -70.182 0.014
104.85 -70.182 0.014
104.90 -70.182 0.014
104.95 -70.182 0.014
105.00 -70.182 0.014
105.05 -70.182 0.014
105.10 -70.182 0.014
105.15 -70.182 0.014
105.20 -70.182 0.014
105.25 -70.183 0.014
105.30 -70.183 0.014
105.35 -70.183 0.014
105.40 -70.183 0.014
105.45 -70.183 0.014
105.50 -70.183 0.014
105.55 -70.183 0.014
105.60 -70.183 0.014
105.65 -70.183 0.014
105.70 -70.183 0.014
105.75 -70.183 0.014
105.80 -70.183 0.014
105.85 -70.183 0.014
105.90 -70.183 0.014
105.95 -70.183 0.014
106.00 -70.184 0.014
106.05 -70.184 0.014
106.10 -70.184 0.014
106.15 -70.184 0.014
106.20 -70.184 0.014
106.25 -70.184 0.014
106.30 -70.184 0.014
106.35 -70.184 0.014
106.40 -70.184 0.014
106.45 -70.184 0.014
106.50 -70.184 0.014
106.55 -70.184 0.014
106.60 -70.184 0.014
106.65 -70.184 0.014
106.70 -70.185 0.014
106.75 -70.185 0.014
106.80 -70.185 0.014
106.85 -70.185 0.014
106.90 -70.185 0.014
106.95 -70.185 0.014
107.00 -70.185 0.014
107.05 -70.185 0.014
107.10 -70.185 0.014
107.15 -70.185 0.014
107.20 -70.185 0.014
107.25 -70.185 0.014
107.30 -70.185 0.014
107.35 -70.185 0.014
107.40 -70.185 0.014
107.45 -70.186 0.014
107.50 -70.186 0.014
107.55 -70.186 0.014
107.60 -70.186 0.014
107.65 -70.186 0.014
107.70 -70.186 0.014
107.75 -70.186 0.014
107.80 -70.186 0.014
107.85 -70.186 0.014
107.90 -70.186 0.014
107.95 -70.186 0.014
108.00 -70.186 0.014
108.05 -70.186 0.014
108.10 -70.186 0.014
108.15 -70.186 0.014
108.20 -70.187 0.014
108.25 -70.187 0.014
108.30 -70.187 0.014
108.35 -70.187 0.014
108.40 -70.187 0.014
108.45 -70.187 0.014
108.50 -70.187 0.014
108.55 -70.187 0.014
108.60 -70.187 0.014
108.65 -70.187 0.014
108.70 -70.187 0.014
108.75 -70.187 0.014
108.80 -70.187 0.014
108.85 -70.187 0.014
108.90 -70.187 0.014
108.95 -70.188 0.014
109.00 -70.188 0.014
109.05 -70.188 0.014
109.10 -70.188 0.015
109.15 -70.188 0.015
109.20 -70.188 0.015
109.25 -70.188 0.015
109.30 -70.188 0.015
109.35 -70.188 0.015
109.40 -70.188 0.015
109.45 -70.188 0.015
109.50 -70.188 0.015
109.55 -70.188 0.015
109.60 -70.188 0.015
109.65 -70.188 0.015
109.70 -70.189 0.015
109.75 -70.189 0.015
109.80 -70.189 0.015
109.85 -70.189 0.015
109.90 -70.189 0.015
109.95 -70.189 0.015
110.00 -70.189 0.015
110.05 -70.189 0.015
110.10 -70.189 0.015
110.15 -70.189 0.015
110.20 -70.189 0.015
110.25 -70.189 0.015
110.30 -70.189 0.015
110.35 -70.189 0.015
110.40 -70.189 0.015
110.45 -70.190 0.015
110.50 -70.190 0.015
110.55 -70.190 0.015
110.60 -70.190 0.015
110.65 -70.190 0.015
110.70 -70.190 0.015
110.75 -70.190 0.015
110.80 -70.190 0.015
110.85 -70.190 0.015
110.90 -70.190 0.015
110.95 -70.190 0.015
111.00 -70.190 0.015
111.05 -70.190 0.015
111.10 -70.190 0.015
111.15 -70.190 0.015
111.20 -70.191 0.015
111.25 -70.191 0.015
111.30 -70.191 0.015
111.35 -70.191 0.015
111.40 -70.191 0.015
111.45 -70.191 0.015
111.50 -70.191 0.015
111.55 -70.191 0.015
111.60 -70.191 0.015
111.65 -70.191 0.015
111.70 -70.191 0.015
111.75 -70.191 0.015
111.80 -70.191 0.015
111.85 -70.191 0.015
111.90 -70.191 0.015
111.95 -70.192 0.015
112.00 -70.192 0.015
112.05 -70.192 0.015
112.10 -70.192 0.015
112.15 -70.192 0.015
112.20 -70.192 0.015
112.25 -70.192 0.015
112.30 -70.192 0.015
112.35 -70.192 0.015
112.40 -70.192 0.015
112.45 -70.192 0.015
112.50 -70.192 0.015
112.55 -70.192 0.015
112.60 -70.192 0.015
112.65 -70.192 0.015
112.70 -70.193 0.015
112.75 -70.193 0.015
112.80 -70.193 0.015
112.85 -70.193 0.015
112.90 -70.193 0.015
112.95 -70.193 0.015
113.00 -70.193 0.015
113.05 -70.193 0.015
113.10 -70.193 0.015
113.15 -70.193 0.015
113.20 -70.193 0.015
113.25 -70.193 0.015
113.30 -70.193 0.015
113.35 -70.193 0.015
113.40 -70.193 0.015
113.45 -70.193 0.015
113.50 -70.194 0.015
113.55 -70.194 0.015
113.60 -70.194 0.015
113.65 -70.194 0.015
113.70 -70.194 0.015
113.75 -70.194 0.015
113.80 -70.194 0.015
113.85 -70.194 0.015
113.90 -70.194 0.015
113.95 -70.194 0.015
114.00 -70.194 0.015
114.05 -70.194 0.015
114.10 -70.194 0.015
114.15 -70.194 0.015
114.20 -70.194 0.015
114.25 -70.195 0.015
114.30 -70.195 0.015
114.35 -70.195 0.015
114.40 -70.195 0.015
114.45 -70.195 0.015
114.50 -70.195 0.015
114.55 -70.195 0.015
114.60 -70.195 0.015
114.65 -70.195 0.015
114.70 -70.195 0.015
114.75 -70.195 0.015
114.80 -70.195 0.015
114.85 -70.195 0.015
114.90 -70.195 0.015
114.95 -70.195 0.015
115.00 -70.195 0.015
115.05 -70.196 0.015
115.10 -70.196 0.015
115.15 -70.196 0.015
115.20 -70.196 0.015
115.25 -70.196 0.015
115.30 -70.196 0.015
115.35 -70.196 0.015
115.40 -70.196 0.015
115.45 -70.196 0.015
115.50 -70.196 0.015
115.55 -70.196 0.015
115.60 -70.196 0.015
115.65 -70.196 0.015
115.70 -70.196 0.015
115.75 -70.196 0.015
115.80 -70.197 0.015
115.85 -70.197 0.015
115.90 -70.197 0.015
115.95 -70.197 0.015
116.00 -70.197 0.015
116.05 -70.197 0.015
116.10 -70.197 0.015
116.15 -70.197 0.015
116.20 -70.197 0.015
116.25 -70.197 0.015
116.30 -70.197 0.015
116.35 -70.197 0.015
116.40 -70.197 0.015
116.45 -70.197 0.015
116.50 -70.197 0.015
116.55 -70.197 0.015
116.60 -70.198 0.015
116.65 -70.198 0.015
116.70 -70.198 0.015
116.75 -70.198 0.015
116.80 -70.198 0.015
116.85 -70.198 0.015
116.90 -70.198 0.015
116.95 -70.198 0.015
117.00 -70.198 0.015
117.05 -70.198 0.015
117.10 -70.198 0.015
117.15 -70.198 0.015
117.20 -70.198 0.015
117.25 -70.198 0.015
117.30 -70.198 0.015
117.35 -70.198 0.015
117.40 -70.199 0.015
117.45 -70.199 0.015
117.50 -70.199 0.015
117.55 -70.199 0.015
117.60 -70.199 0.015
117.65 -70.199 0.015
117.70 -70.199 0.015
117.75 -70.199 0.015
117.80 -70.199 0.015
117.85 -70.199 0.015
117.90 -70.199 0.015
117.95 -70.199 0.015
118.00 -70.199 0.015
118.05 -70.199 0.015
118.10 -70.199 0.015
118.15 -70.200 0.015
118.20 -70.200 0.015
118.25 -70.200 0.015
118.30 -70.200 0.015
118.35 -70.200 0.015
118.40 -70.200 0.015
118.45 -70.200 0.015
118.50 -70.200 0.015
118.55 -70.200 0.015
118.60 -70.200 0.015
118.65 -70.200 0.015
118.70 -70.200 0.015
118.75 -70.200 0.015
118.80 -70.200 0.015
118.85 -70.200 0.015
118.90 -70.200 0.015
118.95 -70.201 0.015
119.00 -70.201 0.015
119.05 -70.201 0.015
119.10 -70.201 0.015
119.15 -70.201 0.015
119.20 -70.201 0.015
119.25 -70.201 0.015
119.30 -70.201 0.015
119.35 -70.201 0.015
119.40 -70.201 0.015
119.45 -70.201 0.015
119.50 -70.201 0.015
119.55 -70.201 0.015
119.60 -70.201 0.015
119.65 -70.201 0.015
119.70 -70.201 0.015
119.75 -70.202 0.015
119.80 -70.202 0.015
119.85 -70.202 0.015
119.90 -70.202 0.015
119.95 -70.202 0.015
120.00 -70.202 0.015
120.05 -70.202 0.015
120.10 -70.202 0.015
120.15 -70.202 0.015
120.20 -70.202 0.015
120.25 -70.202 0.015
120.30 -70.202 0.015
120.35 -70.202 0.015
120.40 -70.202 0.015
120.45 -70.202 0.015
120.50 -70.202 0.016
120.55 -70.203 0.016
120.60 -70.203 0.016
120.65 -70.203 0.016
120.70 -70.203 0.016
120.75 -70.203 0.016
120.80 -70.203 0.016
120.85 -70.203 0.016
120.90 -70.203 0.016
120.95 -70.203 0.016
121.00 -70.203 0.016
121.05 -70.203 0.016
121.10 -70.203 0.016
121.15 -70.203 0.016
121.20 -70.203 0.016
121.25 -70.203 0.016
121.30 -70.203 0.016
121.35 -70.203 0.016
121.40 -70.204 0.016
121.45 -70.204 0.016
121.50 -70.204 0.016
121.55 -70.204 0.016
121.60 -70.204 0.016
121.65 -70.204 0.016
121.70 -70.204 0.016
121.75 -70.204 0.016
121.80 -70.204 0.016
121.85 -70.204 0.016
121.90 -70.204 0.016
121.95 -70.204 0.016
122.00 -70.204 0.016
122.05 -70.204 0.016
122.10 -70.204 0.016
122.15 -70.204 0.016
122.20 -70.205 0.016
122.25 -70.205 0.016
122.30 -70.205 0.016
122.35 -70.205 0.016
122.40 -70.205 0.016
122.45 -70.205 0.016
122.50 -70.205 0.016
122.55 -70.205 0.016
122.60 -70.205 0.016
122.65 -70.205 0.016
122.70 -70.205 0.016
122.75 -70.205 0.016
122.80 -70.205 0.016
122.85 -70.205 0.016
122.90 -70.205 0.016
122.95 -70.205 0.016
123.00 -70.206 0.016
123.05 -70.206 0.016
123.10 -70.206 0.016
123.15 -70.206 0.016
123.20 -70.206 0.016
123.25 -70.206 0.016
123.30 -70.206 0.016
123.35 -70.206 0.016
123.40 -70.206 0.016
123.45 -70.206 0.016
123.50 -70.206 0.016
123.55 -70.206 0.016
123.60 -70.206 0.016
123.65 -70.206 0.016
123.70 -70.206 0.016
123.75 -70.206 0.016
123.80 -70.206 0.016
123.85 -70.207 0.016
123.90 -70.207 0.016
123.95 -70.207 0.016
124.00 -70.207 0.016
124.05 -70.207 0.016
124.10 -70.207 0.016
124.15 -70.207 0.016
124.20 -70.207 0.016
124.25 -70.207 0.016
124.30 -70.207 0.016
124.35 -70.207 0.016
124.40 -70.207 0.016
124.45 -70.207 0.016
124.50 -70.207 0.016
124.55 -70.207 0.016
124.60 -70.207 0.016
124.65 -70.208 0.016
124.70 -70.208 0.016
124.75 -70.208 0.016
124.80 -70.208 0.016
124.85 -70.208 0.016
124.90 -70.208 0.016
124.95 -70.208 0.016
125.00 -70.208 0.016
125.05 -70.208 0.016
125.10 -70.208 0.016
125.15 -70.208 0.016
125.20 -70.208 0.016
125.25 -70.208 0.016
125.30 -70.208 0.016
125.35 -70.208 0.016
125.40 -70.208 0.016
125.45 -70.208 0.016
125.50 -70.209 0.016
125.55 -70.209 0.016
125.60 -70.209 0.016
125.65 -70.209 0.016
125.70 -70.209 0.016
125.75 -70.209 0.016
125.80 -70.209 0.016
125.85 -70.209 0.016
125.90 -70.209 0.016
125.95 -70.209 0.016
126.00 -70.209 0.016
126.05 -70.209 0.016
126.10 -70.209 0.016
126.15 -70.209 0.016
126.20 -70.209 0.016
126.25 -70.209 0.016
126.30 -70.210 0.016
126.35 -70.210 0.016
126.40 -70.210 0.016
126.45 -70.210 0.016
126.50 -70.210 0.016
126.55 -70.210 0.016
126.60 -70.210 0.016
126.65 -70.210 0.016
126.70 -70.210 0.016
126.75 -70.210 0.016
126.80 -70.210 0.016
126.85 -70.210 0.016
126.90 -70.210 0.016
126.95 -70.210 0.016
127.00 -70.210 0.016
127.05 -70.210 0.016
127.10 -70.210 0.016
127.15 -70.211 0.016
127.20 -70.211 0.016
127.25 -70.211 0.016
127.30 -70.211 0.016
127.35 -70.211 0.016
127.40 -70.211 0.016
127.45 -70.211 0.016
127.50 -70.211 0.016
127.55 -70.211 0.016
127.60 -70.211 0.016
127.65 -70.211 0.016
127.70 -70.211 0.016
127.75 -70.211 0.016
127.80 -70.211 0.016
127.85 -70.211 0.016
127.90 -70.211 0.016
127.95 -70.211 0.016
128.00 -70.212 0.016
128.05 -70.212 0.016
128.10 -70.212 0.016
128.15 -70.212 0.016
128.20 -70.212 0.016
128.25 -70.212 0.016
128.30 -70.212 0.016
128.35 -70.212 0.016
128.40 -70.212 0.016
128.45 -70.212 0.016
128.50 -70.212 0.016
128.55 -70.212 0.016
128.60 -70.212 0.016
128.65 -70.212 0.016
128.70 -70.212 0.016
128.75 -70.212 0.016
128.80 -70.212 0.016
128.85 -70.213 0.016
128.90 -70.213 0.016
128.95 -70.213 0.016
129.00 -70.213 0.016
129.05 -70.213 0.016
129.10 -70.213 0.016
129.15 -70.213 0.016
129.20 -70.213 0.016
129.25 -70.213 0.016
129.30 -70.213 0.016
129.35 -70.213 0.016
129.40 -70.213 0.016
129.45 -70.213 0.016
129.50 -70.213 0.016
129.55 -70.213 0.016
129.60 -70.213 0.016
129.65 -70.213 0.016
129.70 -70.214 0.016
129.75 -70.214 0.016
129.80 -70.214 0.016
129.85 -70.214 0.016
129.90 -70.214 0.016
129.95 -70.214 0.016
130.00 -70.214 0.016
130.05 -70.214 0.016
130.10 -70.214 0.016
130.15 -70.214 0.016
130.20 -70.214 0.016
130.25 -70.214 0.016
130.30 -70.214 0.016
130.35 -70.214 0.016
130.40 -70.214 0.016
130.45 -70.214 0.016
130.50 -70.214 0.016
130.55 -70.215 0.016
130.60 -70.215 0.016
130.65 -70.215 0.016
130.70 -70.215 0.016
130.75 -70.215 0.016
130.80 -70.215 0.016
130.85 -70.215 0.016
130.90 -70.215 0.016
130.95 -70.215 0.016
131.00 -70.215 0.016
131.05 -70.215 0.016
131.10 -70.215 0.016
131.15 -70.215 0.016
131.20 -70.215 0.016
131.25 -70.215 0.016
131.30 -70.215 0.016
131.35 -70.215 0.016
131.40 -70.215 0.016
131.45 -70.216 0.016
131.50 -70.216 0.016
131.55 -70.216 0.016
131.60 -70.216 0.016
131.65 -70.216 0.016
131.70 -70.216 0.016
131.75 -70.216 0.016
131.80 -70.216 0.016
131.85 -70.216 0.016
131.90 -70.216 0.016
131.95 -70.216 0.016
132.00 -70.216 0.016
132.05 -70.216 0.016
132.10 -70.216 0.016
132.15 -70.216 0.016
132.20 -70.216 0.016
132.25 -70.216 0.016
132.30 -70.217 0.016
132.35 -70.217 0.016
132.40 -70.217 0.016
132.45 -70.217 0.016
132.50 -70.217 0.016
132.55 -70.217 0.016
132.60 -70.217 0.016
132.65 -70.217 0.016
132.70 -70.217 0.016
132.75 -70.217 0.016
132.80 -70.217 0.017
132.85 -70.217 0.017
132.90 -70.217 0.017
132.95 -70.217 0.017
133.00 -70.217 0.017
133.05 -70.217 0.017
133.10 -70.217 0.017
133.15 -70.217 0.017
133.20 -70.218 0.017
133.25 -70.218 0.017
133.30 -70.218 0.017
133.35 -70.218 0.017
133.40 -70.218 0.017
133.45 -70.218 0.017
133.50 -70.218 0.017
133.55 -70.218 0.017
133.60 -70.218 0.017
133.65 -70.218 0.017
133.70 -70.218 0.017
133.75 -70.218 0.017
133.80 -70.218 0.017
133.85 -70.218 0.017
133.90 -70.218 0.017
133.95 -70.218 0.017
134.00 -70.218 0.017
134.05 -70.219 0.017
134.10 -70.219 0.017
134.15 -70.219 0.017
134.20 -70.219 0.017
134.25 -70.219 0.017
134.30 -70.219 0.017
134.35 -70.219 0.017
134.40 -70.219 0.017
134.45 -70.219 0.017
134.50 -70.219 0.017
134.55 -70.219 0.017
134.60 -70.219 0.017
134.65 -70.219 0.017
134.70 -70.219 0.017
134.75 -70.219 0.017
134.80 -70.219 0.017
134.85 -70.219 0.017
134.90 -70.219 0.017
134.95 -70.220 0.017
135.00 -70.220 0.017
135.05 -70.220 0.017
135.10 -70.220 0.017
135.15 -70.220 0.017
135.20 -70.220 0.017
135.25 -70.220 0.017
135.30 -70.220 0.017
135.35 -70.220 0.017
135.40 -70.220 0.017
135.45 -70.220 0.017
135.50 -70.220 0.017
135.55 -70.220 0.017
135.60 -70.220 0.017
135.65 -70.220 0.017
135.70 -70.220 0.017
135.75 -70.220 0.017
135.80 -70.220 0.017
135.85 -70.221 0.017
135.90 -70.221 0.017
135.95 -70.221 0.017
136.00 -70.221 0.017
136.05 -70.221 0.017
136.10 -70.221 0.017
136.15 -70.221 0.017
136.20 -70.221 0.017
136.25 -70.221 0.017
136.30 -70.221 0.017
136.35 -70.221 0.017
136.40 -70.221 0.017
136.45 -70.221 0.017
136.50 -70.221 0.017
136.55 -70.221 0.017
136.60 -70.221 0.017
136.65 -70.221 0.017
136.70 -70.221 0.017
136.75 -70.222 0.017
136.80 -70.222 0.017
136.85 -70.222 0.017
136.90 -70.222 0.017
136.95 -70.222 0.017
137.00 -70.222 0.017
137.05 -70.222 0.017
137.10 -70.222 0.017
137.15 -70.222 0.017
137.20 -70.222 0.017
137.25 -70.222 0.017
137.30 -70.222 0.017
137.35 -70.222 0.017
137.40 -70.222 0.017
137.45 -70.222 0.017
137.50 -70.222 0.017
137.55 -70.222 0.017
137.60 -70.222 0.017
137.65 -70.223 0.017
137.70 -70.223 0.017
137.75 -70.223 0.017
137.80 -70.223 0.017
137.85 -70.223 0.017
137.90 -70.223 0.017
137.95 -70.223 0.017
138.00 -70.223 0.017
138.05 -70.223 0.017
138.10 -70.223 0.017
138.15 -70.223 0.017
138.20 -70.223 0.017
138.25 -70.223 0.017
138.30 -70.223 0.017
138.35 -70.223 0.017
138.40 -70.223 0.017
138.45 -70.223 0.017
138.50 -70.223 0.017
138.55 -70.224 0.017
138.60 -70.224 0.017
138.65 -70.224 0.017
138.70 -70.224 0.017
138.75 -70.224 0.017
138.80 -70.224 0.017
138.85 -70.224 0.017
138.90 -70.224 0.017
138.95 -70.224 0.017
139.00 -70.224 0.017
139.05 -70.224 0.017
139.10 -70.224 0.017
139.15 -70.224 0.017
139.20 -70.224 0.017
139.25 -70.224 0.017
139.30 -70.224 0.017
139.35 -70.224 0.017
139.40 -70.224 0.017
139.45 -70.225 0.017
139.50 -70.225 0.017
139.55 -70.225 0.017
139.60 -70.225 0.017
139.65 -70.225 0.017
139.70 -70.225 0.017
139.75 -70.225 0.017
139.80 -70.225 0.017
139.85 -70.225 0.017
139.90 -70.225 0.017
139.95 -70.225 0.017
140.00 -70.225 0.017
140.05 -70.225 0.017
140.10 -70.225 0.017
140.15 -70.225 0.017
140.20 -70.225 0.017
140.25 -70.225 0.017
140.30 -70.225 0.017
140.35 -70.225 0.017
140.40 -70.226 0.017
140.45 -70.226 0.017
140.50 -70.226 0.017
140.55 -70.226 0.017
140.60 -70.226 0.017
140.65 -70.226 0.017
140.70 -70.226 0.017
140.75 -70.226 0.017
140.80 -70.226 0.017
140.85 -70.226 0.017
140.90 -70.226 0.017
140.95 -70.226 0.017
141.00 -70.226 0.017
141.05 -70.226 0.017
141.10 -70.226 0.017
141.15 -70.226 0.017
141.20 -70.226 0.017
141.25 -70.226 0.017
141.30 -70.227 0.017
141.35 -70.227 0.017
141.40 -70.227 0.017
141.45 -70.227 0.017
141.50 -70.227 0.017
141.55 -70.227 0.017
141.60 -70.227 0.017
141.65 -70.227 0.017
141.70 -70.227 0.017
141.75 -70.227 0.017
141.80 -70.227 0.017
141.85 -70.227 0.017
141.90 -70.227 0.017
141.95 -70.227 0.017
142.00 -70.227 0.017
142.05 -70.227 0.017
142.10 -70.227 0.017
142.15 -70.227 0.017
142.20 -70.227 0.017
142.25 -70.228 0.017
142.30 -70.228 0.017
142.35 -70.228 0.017
142.40 -70.228 0.017
142.45 -70.228 0.017
142.50 -70.228 0.017
142.55 -70.228 0.017
142.60 -70.228 0.017
142.65 -70.228 0.017
142.70 -70.228 0.017
142.75 -70.228 0.017
142.80 -70.228 0.017
142.85 -70.228 0.017
142.90 -70.228 0.017
142.95 -70.228 0.017
143.00 -70.228 0.017
143.05 -70.228 0.017
143.10 -70.228 0.017
143.15 -70.229 0.017
143.20 -70.229 0.017
143.25 -70.229 0.017
143.30 -70.229 0.017
143.35 -70.229 0.017
143.40 -70.229 0.017
143.45 -70.229 0.017
143.50 -70.229 0.017
143.55 -70.229 0.017
143.60 -70.229 0.017
143.65 -70.229 0.017
143.70 -70.229 0.017
143.75 -70.229 0.017
143.80 -70.229 0.017
143.85 -70.229 0.017
143.90 -70.229 0.017
143.95 -70.229 0.017
144.00 -70.229 0.017
144.05 -70.229 0.017
144.10 -70.230 0.017
144.15 -70.230 0.017
144.20 -70.230 0.017
144.25 -70.230 0.017
144.30 -70.230 0.017
144.35 -70.230 0.017
144.40 -70.230 0.017
144.45 -70.230 0.017
144.50 -70.230 0.017
144.55 -70.230 0.017
144.60 -70.230 0.017
144.65 -70.230 0.017
144.70 -70.230 0.017
144.75 -70.230 0.017
144.80 -70.230 0.017
144.85 -70.230 0.017
144.90 -70.230 0.017
144.95 -70.230 0.017
145.00 -70.230 0.017
145.05 -70.231 0.017
145.10 -70.231 0.017
145.15 -70.231 0.017
145.20 -70.231 0.017
145.25 -70.231 0.017
145.30 -70.231 0.017
145.35 -70.231 0.017
145.40 -70.231 0.017
145.45 -70.231 0.017
145.50 -70.231 0.017
145.55 -70.231 0.017
145.60 -70.231 0.017
145.65 -70.231 0.017
145.70 -70.231 0.017
145.75 -70.231 0.017
145.80 -70.231 0.017
145.85 -70.231 0.017
145.90 -70.231 0.017
145.95 -70.231 0.017
146.00 -70.232 0.017
146.05 -70.232 0.017
146.10 -70.232 0.017
146.15 -70.232 0.017
146.20 -70.232 0.018
146.25 -70.232 0.018
146.30 -70.232 0.018
146.35 -70.232 0.018
146.40 -70.232 0.018
146.45 -70.232 0.018
146.50 -70.232 0.018
146.55 -70.232 0.018
146.60 -70.232 0.018
146.65 -70.232 0.018
146.70 -70.232 0.018
146.75 -70.232 0.018
146.80 -70.232 0.018
146.85 -70.232 0.018
146.90 -70.232 0.018
146.95 -70.233 0.018
147.00 -70.233 0.018
147.05 -70.233 0.018
147.10 -70.233 0.018
147.15 -70.233 0.018
147.20 -70.233 0.018
147.25 -70.233 0.018
147.30 -70.233 0.018
147.35 -70.233 0.018
147.40 -70.233 0.018
147.45 -70.233 0.018
147.50 -70.233 0.018
147.55 -70.233 0.018
147.60 -70.233 0.018
147.65 -70.233 0.018
147.70 -70.233 0.018
147.75 -70.233 0.018
147.80 -70.233 0.018
147.85 -70.233 0.018
147.90 -70.233 0.018
147.95 -70.234 0.018
148.00 -70.234 0.018
148.05 -70.234 0.018
148.10 -70.234 0.018
148.15 -70.234 0.018
148.20 -70.234 0.018
148.25 -70.234 0.018
148.30 -70.234 0.018
148.35 -70.234 0.018
148.40 -70.234 0.018
148.45 -70.234 0.018
148.50 -70.234 0.018
148.55 -70.234 0.018
148.60 -70.234 0.018
148.65 -70.234 0.018
148.70 -70.234 0.018
148.75 -70.234 0.018
148.80 -70.234 0.018
148.85 -70.234 0.018
148.90 -70.235 0.018
148.95 -70.235 0.018
149.00 -70.235 0.018
149.05 -70.235 0.018
149.10 -70.235 0.018
149.15 -70.235 0.018
149.20 -70.235 0.018
149.25 -70.235 0.018
149.30 -70.235 0.018
149.35 -70.235 0.018
149.40 -70.235 0.018
149.45 -70.235 0.018
149.50 -70.235 0.018
149.55 -70.235 0.018
149.60 -70.235 0.018
149.65 -70.235 0.018
149.70 -70.235 0.018
149.75 -70.235 0.018
149.80 -70.235 0.018
149.85 -70.235 0.018
149.90 -70.236 0.018
149.95 -70.236 0.018
150.00 -70.236 0.018
150.05 -70.236 0.018
150.10 -70.236 0.018
150.15 -70.236 0.018
150.20 -70.236 0.018
150.25 -70.236 0.018
150.30 -70.236 0.018
150.35 -70.236 0.018
150.40 -70.236 0.018
150.45 -70.236 0.018
150.50 -70.236 0.018
150.55 -70.236 0.018
150.60 -70.236 0.018
150.65 -70.236 0.018
150.70 -70.236 0.018
150.75 -70.236 0.018
150.80 -70.236 0.018
150.85 -70.237 0.018
150.90 -70.237 0.018
150.95 -70.237 0.018
151.00 -70.237 0.018
151.05 -70.237 0.018
151.10 -70.237 0.018
151.15 -70.237 0.018
151.20 -70.237 0.018
151.25 -70.237 0.018
151.30 -70.237 0.018
151.35 -70.237 0.018
151.40 -70.237 0.018
151.45 -70.237 0.018
151.50 -70.237 0.018
151.55 -70.237 0.018
151.60 -70.237 0.018
151.65 -70.237 0.018
151.70 -70.237 0.018
151.75 -70.237 0.018
151.80 -70.237 0.018
151.85 -70.238 0.018
151.90 -70.238 0.018
151.95 -70.238 0.018
152.00 -70.238 0.018
152.05 -70.238 0.018
152.10 -70.238 0.018
152.15 -70.238 0.018
152.20 -70.238 0.018
152.25 -70.238 0.018
152.30 -70.238 0.018
152.35 -70.238 0.018
152.40 -70.238 0.018
152.45 -70.238 0.018
152.50 -70.238 0.018
152.55 -70.238 0.018
152.60 -70.238 0.018
152.65 -70.238 0.018
152.70 -70.238 0.018
152.75 -70.238 0.018
152.80 -70.238 0.018
152.85 -70.239 0.018
152.90 -70.239 0.018
152.95 -70.239 0.018
153.00 -70.239 0.018
153.05 -70.239 0.018
153.10 -70.239 0.018
153.15 -70.239 0.018
153.20 -70.239 0.018
153.25 -70.239 0.018
153.30 -70.239 0.018
153.35 -70.239 0.018
153.40 -70.239 0.018
153.45 -70.239 0.018
153.50 -70.239 0.018
153.55 -70.239 0.018
153.60 -70.239 0.018
153.65 -70.239 0.018
153.70 -70.239 0.018
153.75 -70.239 0.018
153.80 -70.239 0.018
153.85 -70.240 0.018
153.90 -70.240 0.018
153.95 -70.240 0.018
154.00 -70.240 0.018
154.05 -70.240 0.018
154.10 -70.240 0.018
154.15 -70.240 0.018
154.20 -70.240 0.018
154.25 -70.240 0.018
154.30 -70.240 0.018
154.35 -70.240 0.018
154.40 -70.240 0.018
154.45 -70.240 0.018
154.50 -70.240 0.018
154.55 -70.240 0.018
154.60 -70.240 0.018
154.65 -70.240 0.018
154.70 -70.240 0.018
154.75 -70.240 0.018
154.80 -70.240 0.018
154.85 -70.240 0.018
154.90 -70.241 0.018
154.95 -70.241 0.018
155.00 -70.241 0.018
155.05 -70.241 0.018
155.10 -70.241 0.018
155.15 -70.241 0.018
155.20 -70.241 0.018
155.25 -70.241 0.018
155.30 -70.241 0.018
155.35 -70.241 0.018
155.40 -70.241 0.018
155.45 -70.241 0.018
155.50 -70.241 0.018
155.55 -70.241 0.018
155.60 -70.241 0.018
155.65 -70.241 0.018
155.70 -70.241 0.018
155.75 -70.241 0.018
155.80 -70.241 0.018
155.85 -70.241 0.018
155.90 -70.242 0.018
155.95 -70.242 0.018
156.00 -70.242 0.018
156.05 -70.242 0.018
156.10 -70.242 0.018
156.15 -70.242 0.018
156.20 -70.242 0.018
156.25 -70.242 0.018
156.30 -70.242 0.018
156.35 -70.242 0.018
156.40 -70.242 0.018
156.45 -70.242 0.018
156.50 -70.242 0.018
156.55 -70.242 0.018
156.60 -70.242 0.018
156.65 -70.242 0.018
156.70 -70.242 0.018
156.75 -70.242 0.018
156.80 -70.242 0.018
156.85 -70.242 0.018
156.90 -70.243 0.018
156.95 -70.243 0.018
157.00 -70.243 0.018
157.05 -70.243 0.018
157.10 -70.243 0.018
157.15 -70.243 0.018
157.20 -70.243 0.018
157.25 -70.243 0.018
157.30 -70.243 0.018
157.35 -70.243 0.018
157.40 -70.243 0.018
157.45 -70.243 0.018
157.50 -70.243 0.018
157.55 -70.243 0.018
157.60 -70.243 0.018
157.65 -70.243 0.018
157.70 -70.243 0.018
157.75 -70.243 0.018
157.80 -70.243 0.018
157.85 -70.243 0.018
157.90 -70.243 0.018
157.95 -70.244 0.018
158.00 -70.244 0.018
158.05 -70.244 0.018
158.10 -70.244 0.018
158.15 -70.244 0.018
158.20 -70.244 0.018
158.25 -70.244 0.018
158.30 -70.244 0.018
158.35 -70.244 0.018
158.40 -70.244 0.018
158.45 -70.244 0.018
158.50 -70.244 0.018
158.55 -70.244 0.018
158.60 -70.244 0.018
158.65 -70.244 0.018
158.70 -70.244 0.018
158.75 -70.244 0.018
158.80 -70.244 0.018
158.85 -70.244 0.018
158.90 -70.244 0.018
158.95 -70.244 0.018
159.00 -70.245 0.018
159.05 -70.245 0.018
159.10 -70.245 0.018
159.15 -70.245 0.018
159.20 -70.245 0.018
159.25 -70.245 0.018
159.30 -70.245 0.018
159.35 -70.245 0.018
159.40 -70.245 0.018
159.45 -70.245 0.018
159.50 -70.245 0.018
159.55 -70.245 0.018
159.60 -70.245 0.018
159.65 -70.245 0.018
159.70 -70.245 0.018
159.75 -70.245 0.018
159.80 -70.245 0.018
159.85 -70.245 0.018
159.90 -70.245 0.018
159.95 -70.245 0.018
160.00 -70.245 0.018
160.05 -70.246 0.018
160.10 -70.246 0.018
160.15 -70.246 0.018
160.20 -70.246 0.018
160.25 -70.246 0.018
160.30 -70.246 0.018
160.35 -70.246 0.018
160.40 -70.246 0.018
160.45 -70.246 0.018
160.50 -70.246 0.018
160.55 -70.246 0.018
160.60 -70.246 0.018
160.65 -70.246 0.018
160.70 -70.246 0.018
160.75 -70.246 0.018
160.80 -70.246 0.018
160.85 -70.246 0.018
160.90 -70.246 0.018
160.95 -70.246 0.019
161.00 -70.246 0.019
161.05 -70.246 0.019
161.10 -70.247 0.019
161.15 -70.247 0.019
161.20 -70.247 0.019
161.25 -70.247 0.019
161.30 -70.247 0.019
161.35 -70.247 0.019
161.40 -70.247 0.019
161.45 -70.247 0.019
161.50 -70.247 0.019
161.55 -70.247 0.019
161.60 -70.247 0.019
161.65 -70.247 0.019
161.70 -70.247 0.019
161.75 -70.247 0.019
161.80 -70.247 0.019
161.85 -70.247 0.019
161.90 -70.247 0.019
161.95 -70.247 0.019
162.00 -70.247 0.019
162.05 -70.247 0.019
162.10 -70.247 0.019
162.15 -70.248 0.019
162.20 -70.248 0.019
162.25 -70.248 0.019
162.30 -70.248 0.019
162.35 -70.248 0.019
162.40 -70.248 0.019
162.45 -70.248 0.019
162.50 -70.248 0.019
162.55 -70.248 0.019
162.60 -70.248 0.019
162.65 -70.248 0.019
162.70 -70.248 0.019
162.75 -70.248 0.019
162.80 -70.248 0.019
162.85 -70.248 0.019
162.90 -70.248 0.019
162.95 -70.248 0.019
163.00 -70.248 0.019
163.05 -70.248 0.019
163.10 -70.248 0.019
163.15 -70.248 0.019
163.20 -70.248 0.019
163.25 -70.249 0.019
163.30 -70.249 0.019
163.35 -70.249 0.019
163.40 -70.249 0.019
163.45 -70.249 0.019
163.50 -70.249 0.019
163.55 -70.249 0.019
163.60 -70.249 0.019
163.65 -70.249 0.019
163.70 -70.249 0.019
163.75 -70.249 0.019
163.80 -70.249 0.019
163.85 -70.249 0.019
163.90 -70.249 0.019
163.95 -70.249 0.019
164.00 -70.249 0.019
164.05 -70.249 0.019
164.10 -70.249 0.019
164.15 -70.249 0.019
164.20 -70.249 0.019
164.25 -70.249 0.019
164.30 -70.250 0.019
164.35 -70.250 0.019
164.40 -70.250 0.019
164.45 -70.250 0.019
164.50 -70.250 0.019
164.55 -70.250 0.019
164.60 -70.250 0.019
164.65 -70.250 0.019
164.70 -70.250 0.019
164.75 -70.250 0.019
164.80 -70.250 0.019
164.85 -70.250 0.019
164.90 -70.250 0.019
164.95 -70.250 0.019
165.00 -70.250 0.019
165.05 -70.250 0.019
165.10 -70.250 0.019
165.15 -70.250 0.019
165.20 -70.250 0.019
165.25 -70.250 0.019
165.30 -70.250 0.019
165.35 -70.250 0.019
165.40 -70.251 0.019
165.45 -70.251 0.019
165.50 -70.251 0.019
165.55 -70.251 0.019
165.60 -70.251 0.019
165.65 -70.251 0.019
165.70 -70.251 0.019
165.75 -70.251 0.019
165.80 -70.251 0.019
165.85 -70.251 0.019
165.90 -70.251 0.019
165.95 -70.251 0.019
166.00 -70.251 0.019
166.05 -70.251 0.019
166.10 -70.251 0.019
166.15 -70.251 0.019
166.20 -70.251 0.019
166.25 -70.251 0.019
166.30 -70.251 0.019
166.35 -70.251 0.019
166.40 -70.251 0.019
166.45 -70.251 0.019
166.50 -70.252 0.019
166.55 -70.252 0.019
166.60 -70.252 0.019
166.65 -70.252 0.019
166.70 -70.252 0.019
166.75 -70.252 0.019
166.80 -70.252 0.019
166.85 -70.252 0.019
166.90 -70.252 0.019
166.95 -70.252 0.019
167.00 -70.252 0.019
167.05 -70.252 0.019
167.10 -70.252 0.019
167.15 -70.252 0.019
167.20 -70.252 0.019
167.25 -70.252 0.019
167.30 -70.252 0.019
167.35 -70.252 0.019
167.40 -70.252 0.019
167.45 -70.252 0.019
167.50 -70.252 0.019
167.55 -70.252 0.019
167.60 -70.253 0.019
167.65 -70.253 0.019
167.70 -70.253 0.019
167.75 -70.253 0.019
167.80 -70.253 0.019
167.85 -70.253 0.019
167.90 -70.253 0.019
167.95 -70.253 0.019
168.00 -70.253 0.019
168.05 -70.253 0.019
168.10 -70.253 0.019
168.15 -70.253 0.019
168.20 -70.253 0.019
168.25 -70.253 0.019
168.30 -70.253 0.019
168.35 -70.253 0.019
168.40 -70.253 0.019
168.45 -70.253 0.019
168.50 -70.253 0.019
168.55 -70.253 0.019
168.60 -70.253 0.019
168.65 -70.253 0.019
168.70 -70.254 0.019
168.75 -70.254 0.019
168.80 -70.254 0.019
168.85 -70.254 0.019
168.90 -70.254 0.019
168.95 -70.254 0.019
169.00 -70.254 0.019
169.05 -70.254 0.019
169.10 -70.254 0.019
169.15 -70.254 0.019
169.20 -70.254 0.019
169.25 -70.254 0.019
169.30 -70.254 0.019
169.35 -70.254 0.019
169.40 -70.254 0.019
169.45 -70.254 0.019
169.50 -70.254 0.019
169.55 -70.254 0.019
169.60 -70.254 0.019
169.65 -70.254 0.019
169.70 -70.254 0.019
169.75 -70.254 0.019
169.80 -70.255 0.019
169.85 -70.255 0.019
169.90 -70.255 0.019
169.95 -70.255 0.019
170.00 -70.255 0.019
170.05 -70.255 0.019
170.10 -70.255 0.019
170.15 -70.255 0.019
170.20 -70.255 0.019
170.25 -70.255 0.019
170.30 -70.255 0.019
170.35 -70.255 0.019
170.40 -70.255 0.019
170.45 -70.255 0.019
170.50 -70.255 0.019
170.55 -70.255 0.019
170.60 -70.255 0.019
170.65 -70.255 0.019
170.70 -70.255 0.019
170.75 -70.255 0.019
170.80 -70.255 0.019
170.85 -70.255 0.019
170.90 -70.255 0.019
170.95 -70.256 0.019
171.00 -70.256 0.019
171.05 -70.256 0.019
171.10 -70.256 0.019
171.15 -70.256 0.019
171.20 -70.256 0.019
171.25 -70.256 0.019
171.30 -70.256 0.019
171.35 -70.256 0.019
171.40 -70.256 0.019
171.45 -70.256 0.019
171.50 -70.256 0.019
171.55 -70.256 0.019
171.60 -70.256 0.019
171.65 -70.256 0.019
171.70 -70.256 0.019
171.75 -70.256 0.019
171.80 -70.256 0.019
171.85 -70.256 0.019
171.90 -70.256 0.019
171.95 -70.256 0.019
172.00 -70.256 0.019
172.05 -70.256 0.019
172.10 -70.257 0.019
172.15 -70.257 0.019
172.20 -70.257 0.019
172.25 -70.257 0.019
172.30 -70.257 0.019
172.35 -70.257 0.019
172.40 -70.257 0.019
172.45 -70.257 0.019
172.50 -70.257 0.019
172.55 -70.257 0.019
172.60 -70.257 0.019
172.65 -70.257 0.019
172.70 -70.257 0.019
172.75 -70.257 0.019
172.80 -70.257 0.019
172.85 -70.257 0.019
172.90 -70.257 0.019
172.95 -70.257 0.019
173.00 -70.257 0.019
173.05 -70.257 0.019
173.10 -70.257 0.019
173.15 -70.257 0.019
173.20 -70.258 0.019
173.25 -70.258 0.019
173.30 -70.258 0.019
173.35 -70.258 0.019
173.40 -70.258 0.019
173.45 -70.258 0.019
173.50 -70.258 0.019
173.55 -70.258 0.019
173.60 -70.258 0.019
173.65 -70.258 0.019
173.70 -70.258 0.019
173.75 -70.258 0.019
173.80 -70.258 0.019
173.85 -70.258 0.019
173.90 -70.258 0.019
173.95 -70.258 0.019
174.00 -70.258 0.019
174.05 -70.258 0.019
174.10 -70.258 0.019
174.15 -70.258 0.019
174.20 -70.258 0.019
174.25 -70.258 0.019
174.30 -70.258 0.019
174.35 -70.259 0.019
174.40 -70.259 0.019
174.45 -70.259 0.019
174.50 -70.259 0.019
174.55 -70.259 0.019
174.60 -70.259 0.019
174.65 -70.259 0.019
174.70 -70.259 0.019
174.75 -70.259 0.019
174.80 -70.259 0.019
174.85 -70.259 0.019
174.90 -70.259 0.019
174.95 -70.259 0.019
175.00 -70.259 0.019
175.05 -70.259 0.019
175.10 -70.259 0.019
175.15 -70.259 0.019
175.20 -70.259 0.019
175.25 -70.259 0.019
175.30 -70.259 0.019
175.35 -70.259 0.019
175.40 -70.259 0.019
175.45 -70.259 0.019
175.50 -70.259 0.019
175.55 -70.260 0.019
175.60 -70.260 0.019
175.65 -70.260 0.019
175.70 -70.260 0.019
175.75 -70.260 0.019
175.80 -70.260 0.019
175.85 -70.260 0.019
175.90 -70.260 0.019
175.95 -70.260 0.019
176.00 -70.260 0.019
176.05 -70.260 0.019
176.10 -70.260 0.019
176.15 -70.260 0.019
176.20 -70.260 0.019
176.25 -70.260 0.019
176.30 -70.260 0.019
176.35 -70.260 0.019
176.40 -70.260 0.019
176.45 -70.260 0.019
176.50 -70.260 0.019
176.55 -70.260 0.019
176.60 -70.260 0.019
176.65 -70.260 0.019
176.70 -70.261 0.019
176.75 -70.261 0.019
176.80 -70.261 0.019
176.85 -70.261 0.019
176.90 -70.261 0.019
176.95 -70.261 0.019
177.00 -70.261 0.019
177.05 -70.261 0.019
177.10 -70.261 0.019
177.15 -70.261 0.019
177.20 -70.261 0.019
177.25 -70.261 0.020
177.30 -70.261 0.020
177.35 -70.261 0.020
177.40 -70.261 0.020
177.45 -70.261 0.020
177.50 -70.261 0.020
177.55 -70.261 0.020
177.60 -70.261 0.020
177.65 -70.261 0.020
177.70 -70.261 0.020
177.75 -70.261 0.020
177.80 -70.261 0.020
177.85 -70.261 0.020
177.90 -70.262 0.020
177.95 -70.262 0.020
178.00 -70.262 0.020
178.05 -70.262 0.020
178.10 -70.262 0.020
178.15 -70.262 0.020
178.20 -70.262 0.020
178.25 -70.262 0.020
178.30 -70.262 0.020
178.35 -70.262 0.020
178.40 -70.262 0.020
178.45 -70.262 0.020
178.50 -70.262 0.020
178.55 -70.262 0.020
178.60 -70.262 0.020
178.65 -70.262 0.020
178.70 -70.262 0.020
178.75 -70.262 0.020
178.80 -70.262 0.020
178.85 -70.262 0.020
178.90 -70.262 0.020
178.95 -70.262 0.020
179.00 -70.262 0.020
179.05 -70.262 0.020
179.10 -70.263 0.020
179.15 -70.263 0.020
179.20 -70.263 0.020
179.25 -70.263 0.020
179.30 -70.263 0.020
179.35 -70.263 0.020
179.40 -70.263 0.020
179.45 -70.263 0.020
179.50 -70.263 0.020
179.55 -70.263 0.020
179.60 -70.263 0.020
179.65 -70.263 0.020
179.70 -70.263 0.020
179.75 -70.263 0.020
179.80 -70.263 0.020
179.85 -70.263 0.020
179.90 -70.263 0.020
179.95 -70.263 0.020
180.00 -70.263 0.020
180.05 -70.263 0.020
180.10 -70.263 0.020
180.15 -70.263 0.020
180.20 -70.263 0.020
180.25 -70.263 0.020
180.30 -70.264 0.020
180.35 -70.264 0.020
180.40 -70.264 0.020
180.45 -70.264 0.020
180.50 -70.264 0.020
180.55 -70.264 0.020
180.60 -70.264 0.020
180.65 -70.264 0.020
180.70 -70.264 0.020
180.75 -70.264 0.020
180.80 -70.264 0.020
180.85 -70.264 0.020
180.90 -70.264 0.020
180.95 -70.264 0.020
181.00 -70.264 0.020
181.05 -70.264 0.020
181.10 -70.264 0.020
181.15 -70.264 0.020
181.20 -70.264 0.020
181.25 -70.264 0.020
181.30 -70.264 0.020
181.35 -70.264 0.020
181.40 -70.264 0.020
181.45 -70.264 0.020
181.50 -70.265 0.020
181.55 -70.265 0.020
181.60 -70.265 0.020
181.65 -70.265 0.020
181.70 -70.265 0.020
181.75 -70.265 0.020
181.80 -70.265 0.020
181.85 -70.265 0.020
181.90 -70.265 0.020
181.95 -70.265 0.020
182.00 -70.265 0.020
182.05 -70.265 0.020
182.10 -70.265 0.020
182.15 -70.265 0.020
182.20 -70.265 0.020
182.25 -70.265 0.020
182.30 -70.265 0.020
182.35 -70.265 0.020
182.40 -70.265 0.020
182.45 -70.265 0.020
182.50 -70.265 0.020
182.55 -70.265 0.020
182.60 -70.265 0.020
182.65 -70.265 0.020
182.70 -70.266 0.020
182.75 -70.266 0.020
182.80 -70.266 0.020
182.85 -70.266 0.020
182.90 -70.266 0.020
182.95 -70.266 0.020
183.00 -70.266 0.020
183.05 -70.266 0.020
183.10 -70.266 0.020
183.15 -70.266 0.020
183.20 -70.266 0.020
183.25 -70.266 0.020
183.30 -70.266 0.020
183.35 -70.266 0.020
183.40 -70.266 0.020
183.45 -70.266 0.020
183.50 -70.266 0.020
183.55 -70.266 0.020
183.60 -70.266 0.020
183.65 -70.266 0.020
183.70 -70.266 0.020
183.75 -70.266 0.020
183.80 -70.266 0.020
183.85 -70.266 0.020
183.90 -70.266 0.020
183.95 -70.267 0.020
184.00 -70.267 0.020
184.05 -70.267 0.020
184.10 -70.267 0.020
184.15 -70.267 0.020
184.20 -70.267 0.020
184.25 -70.267 0.020
184.30 -70.267 0.020
184.35 -70.267 0.020
184.40 -70.267 0.020
184.45 -70.267 0.020
184.50 -70.267 0.020
184.55 -70.267 0.020
184.60 -70.267 0.020
184.65 -70.267 0.020
184.70 -70.267 0.020
184.75 -70.267 0.020
184.80 -70.267 0.020
184.85 -70.267 0.020
184.90 -70.267 0.020
184.95 -70.267 0.020
185.00 -70.267 0.020
185.05 -70.267 0.020
185.10 -70.267 0.020
185.15 -70.268 0.020
185.20 -70.268 0.020
185.25 -70.268 0.020
185.30 -70.268 0.020
185.35 -70.268 0.020
185.40 -70.268 0.020
185.45 -70.268 0.020
185.50 -70.268 0.020
185.55 -70.268 0.020
185.60 -70.268 0.020
185.65 -70.268 0.020
185.70 -70.268 0.020
185.75 -70.268 0.020
185.80 -70.268 0.020
185.85 -70.268 0.020
185.90 -70.268 0.020
185.95 -70.268 0.020
186.00 -70.268 0.020
186.05 -70.268 0.020
186.10 -70.268 0.020
186.15 -70.268 0.020
186.20 -70.268 0.020
186.25 -70.268 0.020
186.30 -70.268 0.020
186.35 -70.268 0.020
186.40 -70.269 0.020
186.45 -70.269 0.020
186.50 -70.269 0.020
186.55 -70.269 0.020
186.60 -70.269 0.020
186.65 -70.269 0.020
186.70 -70.269 0.020
186.75 -70.269 0.020
186.80 -70.269 0.020
186.85 -70.269 0.020
186.90 -70.269 0.020
186.95 -70.269 0.020
187.00 -70.269 0.020
187.05 -70.269 0.020
187.10 -70.269 0.020
187.15 -70.269 0.020
187.20 -70.269 0.020
187.25 -70.269 0.020
187.30 -70.269 0.020
187.35 -70.269 0.020
187.40 -70.269 0.020
187.45 -70.269 0.020
187.50 -70.269 0.020
187.55 -70.269 0.020
187.60 -70.269 0.020
187.65 -70.269 0.020
187.70 -70.270 0.020
187.75 -70.270 0.020
187.80 -70.270 0.020
187.85 -70.270 0.020
187.90 -70.270 0.020
187.95 -70.270 0.020
188.00 -70.270 0.020
188.05 -70.270 0.020
188.10 -70.270 0.020
188.15 -70.270 0.020
188.20 -70.270 0.020
188.25 -70.270 0.020
188.30 -70.270 0.020
188.35 -70.270 0.020
188.40 -70.270 0.020
188.45 -70.270 0.020
188.50 -70.270 0.020
188.55 -70.270 0.020
188.60 -70.270 0.020
188.65 -70.270 0.020
188.70 -70.270 0.020
188.75 -70.270 0.020
188.80 -70.270 0.020
188.85 -70.270 0.020
188.90 -70.270 0.020
188.95 -70.271 0.020
189.00 -70.271 0.020
189.05 -70.271 0.020
189.10 -70.271 0.020
189.15 -70.271 0.020
189.20 -70.271 0.020
189.25 -70.271 0.020
189.30 -70.271 0.020
189.35 -70.271 0.020
189.40 -70.271 0.020
189.45 -70.271 0.020
189.50 -70.271 0.020
189.55 -70.271 0.020
189.60 -70.271 0.020
189.65 -70.271 0.020
189.70 -70.271 0.020
189.75 -70.271 0.020
189.80 -70.271 0.020
189.85 -70.271 0.020
189.90 -70.271 0.020
189.95 -70.271 0.020
190.00 -70.271 0.020
190.05 -70.271 0.020
190.10 -70.271 0.020
190.15 -70.271 0.020
190.20 -70.271 0.020
190.25 -70.272 0.020
190.30 -70.272 0.020
190.35 -70.272 0.020
190.40 -70.272 0.020
190.45 -70.272 0.020
190.50 -70.272 0.020
190.55 -70.272 0.020
190.60 -70.272 0.020
190.65 -70.272 0.020
190.70 -70.272 0.020
190.75 -70.272 0.020
190.80 -70.272 0.020
190.85 -70.272 0.020
190.90 -70.272 0.020
190.95 -70.272 0.020
191.00 -70.272 0.020
191.05 -70.272 0.020
191.10 -70.272 0.020
191.15 -70.272 0.020
191.20 -70.272 0.020
191.25 -70.272 0.020
191.30 -70.272 0.020
191.35 -70.272 0.020
191.40 -70.272 0.020
191.45 -70.272 0.020
191.50 -70.272 0.020
191.55 -70.273 0.020
191.60 -70.273 0.020
191.65 -70.273 0.020
191.70 -70.273 0.020
191.75 -70.273 0.020
191.80 -70.273 0.020
191.85 -70.273 0.020
191.90 -70.273 0.020
191.95 -70.273 0.020
192.00 -70.273 0.020
192.05 -70.273 0.020
192.10 -70.273 0.020
192.15 -70.273 0.020
192.20 -70.273 0.020
192.25 -70.273 0.020
192.30 -70.273 0.020
192.35 -70.273 0.020
192.40 -70.273 0.020
192.45 -70.273 0.020
192.50 -70.273 0.020
192.55 -70.273 0.020
192.60 -70.273 0.020
192.65 -70.273 0.020
192.70 -70.273 0.020
192.75 -70.273 0.020
192.80 -70.273 0.020
192.85 -70.274 0.020
192.90 -70.274 0.020
192.95 -70.274 0.020
193.00 -70.274 0.020
193.05 -70.274 0.020
193.10 -70.274 0.020
193.15 -70.274 0.020
193.20 -70.274 0.020
193.25 -70.274 0.020
193.30 -70.274 0.020
193.35 -70.274 0.020
193.40 -70.274 0.020
193.45 -70.274 0.020
193.50 -70.274 0.020
193.55 -70.274 0.020
193.60 -70.274 0.020
193.65 -70.274 0.020
193.70 -70.274 0.020
193.75 -70.274 0.020
193.80 -70.274 0.020
193.85 -70.274 0.020
193.90 -70.274 0.020
193.95 -70.274 0.020
194.00 -70.274 0.020
194.05 -70.274 0.020
194.10 -70.274 0.020
194.15 -70.275 0.020
194.20 -70.275 0.020
194.25 -70.275 0.020
194.30 -70.275 0.020
194.35 -70.275 0.020
194.40 -70.275 0.020
194.45 -70.275 0.020
194.50 -70.275 0.020
194.55 -70.275 0.020
194.60 -70.275 0.020
194.65 -70.275 0.020
194.70 -70.275 0.020
194.75 -70.275 0.020
194.80 -70.275 0.020
194.85 -70.275 0.020
194.90 -70.275 0.020
194.95 -70.275 0.020
195.00 -70.275 0.020
195.05 -70.275 0.020
195.10 -70.275 0.020
195.15 -70.275 0.020
195.20 -70.275 0.020
195.25 -70.275 0.020
195.30 -70.275 0.020
195.35 -70.275 0.020
195.40 -70.275 0.020
195.45 -70.276 0.020
195.50 -70.276 0.020
195.55 -70.276 0.021
195.60 -70.276 0.021
195.65 -70.276 0.021
195.70 -70.276 0.021
195.75 -70.276 0.021
195.80 -70.276 0.021
195.85 -70.276 0.021
195.90 -70.276 0.021
195.95 -70.276 0.021
196.00 -70.276 0.021
196.05 -70.276 0.021
196.10 -70.276 0.021
196.15 -70.276 0.021
196.20 -70.276 0.021
196.25 -70.276 0.021
196.30 -70.276 0.021
196.35 -70.276 0.021
196.40 -70.276 0.021
196.45 -70.276 0.021
196.50 -70.276 0.021
196.55 -70.276 0.021
196.60 -70.276 0.021
196.65 -70.276 0.021
196.70 -70.276 0.021
196.75 -70.276 0.021
196.80 -70.277 0.021
196.85 -70.277 0.021
196.90 -70.277 0.021
196.95 -70.277 0.021
197.00 -70.277 0.021
197.05 -70.277 0.021
197.10 -70.277 0.021
197.15 -70.277 0.021
197.20 -70.277 0.021
197.25 -70.277 0.021
197.30 -70.277 0.021
197.35 -70.277 0.021
197.40 -70.277 0.021
197.45 -70.277 0.021
197.50 -70.277 0.021
197.55 -70.277 0.021
197.60 -70.277 0.021
197.65 -70.277 0.021
197.70 -70.277 0.021
197.75 -70.277 0.021
197.80 -70.277 0.021
197.85 -70.277 0.021
197.90 -70.277 0.021
197.95 -70.277 0.021
198.00 -70.277 0.021
198.05 -70.277 0.021
198.10 -70.277 0.021
198.15 -70.278 0.021
198.20 -70.278 0.021
198.25 -70.278 0.021
198.30 -70.278 0.021
198.35 -70.278 0.021
198.40 -70.278 0.021
198.45 -70.278 0.021
198.50 -70.278 0.021
198.55 -70.278 0.021
198.60 -70.278 0.021
198.65 -70.278 0.021
198.70 -70.278 0.021
198.75 -70.278 0.021
198.80 -70.278 0.021
198.85 -70.278 0.021
198.90 -70.278 0.021
198.95 -70.278 0.021
199.00 -70.278 0.021
199.05 -70.278 0.021
199.10 -70.278 0.021
199.15 -70.278 0.021
199.20 -70.278 0.021
199.25 -70.278 0.021
199.30 -70.278 0.021
199.35 -70.278 0.021
199.40 -70.278 0.021
199.45 -70.278 0.021
199.50 -70.278 0.021
199.55 -70.279 0.021
199.60 -70.279 0.021
199.65 -70.279 0.021
199.70 -70.279 0.021
199.75 -70.279 0.021
199.80 -70.279 0.021
199.85 -70.279 0.021
199.90 -70.279 0.021
199.95 -70.279 0.021
200.00 -70.279 0.021
200.05 -70.279 0.021
200.10 -70.279 0.021
200.15 -70.279 0.021
200.20 -70.279 0.021
200.25 -70.279 0.021
200.30 -70.279 0.021
200.35 -70.279 0.021
200.40 -70.279 0.021
200.45 -70.279 0.021
200.50 -70.279 0.021
200.55 -70.279 0.021
200.60 -70.279 0.021
200.65 -70.279 0.021
200.70 -70.279 0.021
200.75 -70.279 0.021
200.80 -70.279 0.021
200.85 -70.279 0.021
200.90 -70.280 0.021
200.95 -70.280 0.021
201.00 -70.280 0.021
201.05 -70.280 0.021
201.10 -70.280 0.021
201.15 -70.280 0.021
201.20 -70.280 0.021
201.25 -70.280 0.021
201.30 -70.280 0.021
201.35 -70.280 0.021
201.40 -70.280 0.021
201.45 -70.280 0.021
201.50 -70.280 0.021
201.55 -70.280 0.021
201.60 -70.280 0.021
201.65 -70.280 0.021
201.70 -70.280 0.021
201.75 -70.280 0.021
201.80 -70.280 0.021
201.85 -70.280 0.021
201.90 -70.280 0.021
201.95 -70.280 0.021
202.00 -70.280 0.021
202.05 -70.280 0.021
202.10 -70.280 0.021
202.15 -70.280 0.021
202.20 -70.280 0.021
202.25 -70.280 0.021
202.30 -70.281 0.021
202.35 -70.281 0.021
202.40 -70.281 0.021
202.45 -70.281 0.021
202.50 -70.281 0.021
202.55 -70.281 0.021
202.60 -70.281 0.021
202.65 -70.281 0.021
202.70 -70.281 0.021
202.75 -70.281 0.021
202.80 -70.281 0.021
202.85 -70.281 0.021
202.90 -70.281 0.021
202.95 -70.281 0.021
203.00 -70.281 0.021
203.05 -70.281 0.021
203.10 -70.281 0.021
203.15 -70.281 0.021
203.20 -70.281 0.021
203.25 -70.281 0.021
203.30 -70.281 0.021
203.35 -70.281 0.021
203.40 -70.281 0.021
203.45 -70.281 0.021
203.50 -70.281 0.021
203.55 -70.281 0.021
203.60 -70.281 0.021
203.65 -70.281 0.021
203.70 -70.282 0.021
203.75 -70.282 0.021
203.80 -70.282 0.021
203.85 -70.282 0.021
203.90 -70.282 0.021
203.95 -70.282 0.021
204.00 -70.282 0.021
204.05 -70.282 0.021
204.10 -70.282 0.021
204.15 -70.282 0.021
204.20 -70.282 0.021
204.25 -70.282 0.021
204.30 -70.282 0.021
204.35 -70.282 0.021
204.40 -70.282 0.021
204.45 -70.282 0.021
204.50 -70.282 0.021
204.55 -70.282 0.021
204.60 -70.282 0.021
204.65 -70.282 0.021
204.70 -70.282 0.021
204.75 -70.282 0.021
204.80 -70.282 0.021
204.85 -70.282 0.021
204.90 -70.282 0.021
204.95 -70.282 0.021
205.00 -70.282 0.021
205.05 -70.282 0.021
205.10 -70.283 0.021
205.15 -70.283 0.021
205.20 -70.283 0.021
205.25 -70.283 0.021
205.30 -70.283 0.021
205.35 -70.283 0.021
205.40 -70.283 0.021
205.45 -70.283 0.021
205.50 -70.283 0.021
205.55 -70.283 0.021
205.60 -70.283 0.021
205.65 -70.283 0.021
205.70 -70.283 0.021
205.75 -70.283 0.021
205.80 -70.283 0.021
205.85 -70.283 0.021
205.90 -70.283 0.021
205.95 -70.283 0.021
206.00 -70.283 0.021
206.05 -70.283 0.021
206.10 -70.283 0.021
206.15 -70.283 0.021
206.20 -70.283 0.021
206.25 -70.283 0.021
206.30 -70.283 0.021
206.35 -70.283 0.021
206.40 -70.283 0.021
206.45 -70.283 0.021
206.50 -70.283 0.021
206.55 -70.284 0.021
206.60 -70.284 0.021
206.65 -70.284 0.021
206.70 -70.284 0.021
206.75 -70.284 0.021
206.80 -70.284 0.021
206.85 -70.284 0.021
206.90 -70.284 0.021
206.95 -70.284 0.021
207.00 -70.284 0.021
207.05 -70.284 0.021
207.10 -70.284 0.021
207.15 -70.284 0.021
207.20 -70.284 0.021
207.25 -70.284 0.021
207.30 -70.284 0.021
207.35 -70.284 0.021
207.40 -70.284 0.021
207.45 -70.284 0.021
207.50 -70.284 0.021
207.55 -70.284 0.021
207.60 -70.284 0.021
207.65 -70.284 0.021
207.70 -70.284 0.021
207.75 -70.284 0.021
207.80 -70.284 0.021
207.85 -70.284 0.021
207.90 -70.284 0.021
207.95 -70.284 0.021
208.00 -70.285 0.021
208.05 -70.285 0.021
208.10 -70.285 0.021
208.15 -70.285 0.021
208.20 -70.285 0.021
208.25 -70.285 0.021
208.30 -70.285 0.021
208.35 -70.285 0.021
208.40 -70.285 0.021
208.45 -70.285 0.021
208.50 -70.285 0.021
208.55 -70.285 0.021
208.60 -70.285 0.021
208.65 -70.285 0.021
208.70 -70.285 0.021
208.75 -70.285 0.021
208.80 -70.285 0.021
208.85 -70.285 0.021
208.90 -70.285 0.021
208.95 -70.285 0.021
209.00 -70.285 0.021
209.05 -70.285 0.021
209.10 -70.285 0.021
209.15 -70.285 0.021
209.20 -70.285 0.021
209.25 -70.285 0.021
209.30 -70.285 0.021
209.35 -70.285 0.021
209.40 -70.285 0.021
209.45 -70.286 0.021
209.50 -70.286 0.021
209.55 -70.286 0.021
209.60 -70.286 0.021
209.65 -70.286 0.021
209.70 -70.286 0.021
209.75 -70.286 0.021
209.80 -70.286 0.021
209.85 -70.286 0.021
209.90 -70.286 0.021
209.95 -70.286 0.021
210.00 -70.286 0.021
210.05 -70.286 0.021
210.10 -70.286 0.021
210.15 -70.286 0.021
210.20 -70.286 0.021
210.25 -70.286 0.021
210.30 -70.286 0.021
210.35 -70.286 0.021
210.40 -70.286 0.021
210.45 -70.286 0.021
210.50 -70.286 0.021
210.55 -70.286 0.021
210.60 -70.286 0.021
210.65 -70.286 0.021
210.70 -70.286 0.021
210.75 -70.286 0.021
210.80 -70.286 0.021
210.85 -70.286 0.021
210.90 -70.287 0.021
210.95 -70.287 0.021
211.00 -70.287 0.021
211.05 -70.287 0.021
211.10 -70.287 0.021
211.15 -70.287 0.021
211.20 -70.287 0.021
211.25 -70.287 0.021
211.30 -70.287 0.021
211.35 -70.287 0.021
211.40 -70.287 0.021
211.45 -70.287 0.021
211.50 -70.287 0.021
211.55 -70.287 0.021
211.60 -70.287 0.021
211.65 -70.287 0.021
211.70 -70.287 0.021
211.75 -70.287 0.021
211.80 -70.287 0.021
211.85 -70.287 0.021
211.90 -70.287 0.021
211.95 -70.287 0.021
212.00 -70.287 0.021
212.05 -70.287 0.021
212.10 -70.287 0.021
212.15 -70.287 0.021
212.20 -70.287 0.021
212.25 -70.287 0.021
212.30 -70.287 0.021
212.35 -70.287 0.021
212.40 -70.288 0.021
212.45 -70.288 0.021
212.50 -70.288 0.021
212.55 -70.288 0.021
212.60 -70.288 0.021
212.65 -70.288 0.021
212.70 -70.288 0.021
212.75 -70.288 0.021
212.80 -70.288 0.021
212.85 -70.288 0.021
212.90 -70.288 0.021
212.95 -70.288 0.021
213.00 -70.288 0.021
213.05 -70.288 0.021
213.10 -70.288 0.021
213.15 -70.288 0.021
213.20 -70.288 0.021
213.25 -70.288 0.021
213.30 -70.288 0.021
213.35 -70.288 0.021
213.40 -70.288 0.021
213.45 -70.288 0.021
213.50 -70.288 0.021
213.55 -70.288 0.021
213.60 -70.288 0.021
213.65 -70.288 0.021
213.70 -70.288 0.021
213.75 -70.288 0.021
213.80 -70.288 0.021
213.85 -70.288 0.021
213.90 -70.289 0.021
213.95 -70.289 0.021
214.00 -70.289 0.021
214.05 -70.289 0.021
214.10 -70.289 0.021
214.15 -70.289 0.021
214.20 -70.289 0.021
214.25 -70.289 0.021
214.30 -70.289 0.021
214.35 -70.289 0.021
214.40 -70.289 0.021
214.45 -70.289 0.021
214.50 -70.289 0.021
214.55 -70.289 0.021
214.60 -70.289 0.021
214.65 -70.289 0.021
214.70 -70.289 0.021
214.75 -70.289 0.021
214.80 -70.289 0.021
214.85 -70.289 0.021
214.90 -70.289 0.021
214.95 -70.289 0.021
215.00 -70.289 0.021
215.05 -70.289 0.021
215.10 -70.289 0.021
215.15 -70.289 0.021
215.20 -70.289 0.021
215.25 -70.289 0.021
215.30 -70.289 0.021
215.35 -70.289 0.021
215.40 -70.290 0.021
215.45 -70.290 0.021
215.50 -70.290 0.021
215.55 -70.290 0.021
215.60 -70.290 0.021
215.65 -70.290 0.021
215.70 -70.290 0.021
215.75 -70.290 0.021
215.80 -70.290 0.021
215.85 -70.290 0.021
215.90 -70.290 0.021
215.95 -70.290 0.021
216.00 -70.290 0.021
216.05 -70.290 0.021
216.10 -70.290 0.021
216.15 -70.290 0.021
216.20 -70.290 0.021
216.25 -70.290 0.021
216.30 -70.290 0.021
216.35 -70.290 0.022
216.40 -70.290 0.022
216.45 -70.290 0.022
216.50 -70.290 0.022
216.55 -70.290 0.022
216.60 -70.290 0.022
216.65 -70.290 0.022
216.70 -70.290 0.022
216.75 -70.290 0.022
216.80 -70.290 0.022
216.85 -70.290 0.022
216.90 -70.290 0.022
216.95 -70.291 0.022
217.00 -70.291 0.022
217.05 -70.291 0.022
217.10 -70.291 0.022
217.15 -70.291 0.022
217.20 -70.291 0.022
217.25 -70.291 0.022
217.30 -70.291 0.022
217.35 -70.291 0.022
217.40 -70.291 0.022
217.45 -70.291 0.022
217.50 -70.291 0.022
217.55 -70.291 0.022
217.60 -70.291 0.022
217.65 -70.291 0.022
217.70 -70.291 0.022
217.75 -70.291 0.022
217.80 -70.291 0.022
217.85 -70.291 0.022
217.90 -70.291 0.022
217.95 -70.291 0.022
218.00 -70.291 0.022
218.05 -70.291 0.022
218.10 -70.291 0.022
218.15 -70.291 0.022
218.20 -70.291 0.022
218.25 -70.291 0.022
218.30 -70.291 0.022
218.35 -70.291 0.022
218.40 -70.291 0.022
218.45 -70.291 0.022
218.50 -70.292 0.022
218.55 -70.292 0.022
218.60 -70.292 0.022
218.65 -70.292 0.022
218.70 -70.292 0.022
218.75 -70.292 0.022
218.80 -70.292 0.022
218.85 -70.292 0.022
218.90 -70.292 0.022
218.95 -70.292 0.022
219.00 -70.292 0.022
219.05 -70.292 0.022
219.10 -70.292 0.022
219.15 -70.292 0.022
219.20 -70.292 0.022
219.25 -70.292 0.022
219.30 -70.292 0.022
219.35 -70.292 0.022
219.40 -70.292 0.022
219.45 -70.292 0.022
219.50 -70.292 0.022
219.55 -70.292 0.022
219.60 -70.292 0.022
219.65 -70.292 0.022
219.70 -70.292 0.022
219.75 -70.292 0.022
219.80 -70.292 0.022
219.85 -70.292 0.022
219.90 -70.292 0.022
219.95 -70.292 0.022
220.00 -70.292 0.022
220.05 -70.293 0.022
220.10 -70.293 0.022
220.15 -70.293 0.022
220.20 -70.293 0.022
220.25 -70.293 0.022
220.30 -70.293 0.022
220.35 -70.293 0.022
220.40 -70.293 0.022
220.45 -70.293 0.022
220.50 -70.293 0.022
220.55 -70.293 0.022
220.60 -70.293 0.022
220.65 -70.293 0.022
220.70 -70.293 0.022
220.75 -70.293 0.022
220.80 -70.293 0.022
220.85 -70.293 0.022
220.90 -70.293 0.022
220.95 -70.293 0.022
221.00 -70.293 0.022
221.05 -70.293 0.022
221.10 -70.293 0.022
221.15 -70.293 0.022
221.20 -70.293 0.022
221.25 -70.293 0.022
221.30 -70.293 0.022
221.35 -70.293 0.022
221.40 -70.293 0.022
221.45 -70.293 0.022
221.50 -70.293 0.022
221.55 -70.293 0.022
221.60 -70.293 0.022
221.65 -70.294 0.022
221.70 -70.294 0.022
221.75 -70.294 0.022
221.80 -70.294 0.022
221.85 -70.294 0.022
221.90 -70.294 0.022
221.95 -70.294 0.022
222.00 -70.294 0.022
222.05 -70.294 0.022
222.10 -70.294 0.022
222.15 -70.294 0.022
222.20 -70.294 0.022
222.25 -70.294 0.022
222.30 -70.294 0.022
222.35 -70.294 0.022
222.40 -70.294 0.022
222.45 -70.294 0.022
222.50 -70.294 0.022
222.55 -70.294 0.022
222.60 -70.294 0.022
222.65 -70.294 0.022
222.70 -70.294 0.022
222.75 -70.294 0.022
222.80 -70.294 0.022
222.85 -70.294 0.022
222.90 -70.294 0.022
222.95 -70.294 0.022
223.00 -70.294 0.022
223.05 -70.294 0.022
223.10 -70.294 0.022
223.15 -70.294 0.022
223.20 -70.294 0.022
223.25 -70.295 0.022
223.30 -70.295 0.022
223.35 -70.295 0.022
223.40 -70.295 0.022
223.45 -70.295 0.022
223.50 -70.295 0.022
223.55 -70.295 0.022
223.60 -70.295 0.022
223.65 -70.295 0.022
223.70 -70.295 0.022
223.75 -70.295 0.022
223.80 -70.295 0.022
223.85 -70.295 0.022
223.90 -70.295 0.022
223.95 -70.295 0.022
224.00 -70.295 0.022
224.05 -70.295 0.022
224.10 -70.295 0.022
224.15 -70.295 0.022
224.20 -70.295 0.022
224.25 -70.295 0.022
224.30 -70.295 0.022
224.35 -70.295 0.022
224.40 -70.295 0.022
224.45 -70.295 0.022
224.50 -70.295 0.022
224.55 -70.295 0.022
224.60 -70.295 0.022
224.65 -70.295 0.022
224.70 -70.295 0.022
224.75 -70.295 0.022
224.80 -70.295 0.022
224.85 -70.296 0.022
224.90 -70.296 0.022
224.95 -70.296 0.022
225.00 -70.296 0.022
225.05 -70.296 0.022
225.10 -70.296 0.022
225.15 -70.296 0.022
225.20 -70.296 0.022
225.25 -70.296 0.022
225.30 -70.296 0.022
225.35 -70.296 0.022
225.40 -70.296 0.022
225.45 -70.296 0.022
225.50 -70.296 0.022
225.55 -70.296 0.022
225.60 -70.296 0.022
225.65 -70.296 0.022
225.70 -70.296 0.022
225.75 -70.296 0.022
225.80 -70.296 0.022
225.85 -70.296 0.022
225.90 -70.296 0.022
225.95 -70.296 0.022
226.00 -70.296 0.022
226.05 -70.296 0.022
226.10 -70.296 0.022
226.15 -70.296 0.022
226.20 -70.296 0.022
226.25 -70.296 0.022
226.30 -70.296 0.022
226.35 -70.296 0.022
226.40 -70.296 0.022
226.45 -70.296 0.022
226.50 -70.297 0.022
226.55 -70.297 0.022
226.60 -70.297 0.022
226.65 -70.297 0.022
226.70 -70.297 0.022
226.75 -70.297 0.022
226.80 -70.297 0.022
226.85 -70.297 0.022
226.90 -70.297 0.022
226.95 -70.297 0.022
227.00 -70.297 0.022
227.05 -70.297 0.022
227.10 -70.297 0.022
227.15 -70.297 0.022
227.20 -70.297 0.022
227.25 -70.297 0.022
227.30 -70.297 0.022
227.35 -70.297 0.022
227.40 -70.297 0.022
227.45 -70.297 0.022
227.50 -70.297 0.022
227.55 -70.297 0.022
227.60 -70.297 0.022
227.65 -70.297 0.022
227.70 -70.297 0.022
227.75 -70.297 0.022
227.80 -70.297 0.022
227.85 -70.297 0.022
227.90 -70.297 0.022
227.95 -70.297 0.022
228.00 -70.297 0.022
228.05 -70.297 0.022
228.10 -70.297 0.022
228.15 -70.298 0.022
228.20 -70.298 0.022
228.25 -70.298 0.022
228.30 -70.298 0.022
228.35 -70.298 0.022
228.40 -70.298 0.022
228.45 -70.298 0.022
228.50 -70.298 0.022
228.55 -70.298 0.022
228.60 -70.298 0.022
228.65 -70.298 0.022
228.70 -70.298 0.022
228.75 -70.298 0.022
228.80 -70.298 0.022
228.85 -70.298 0.022
228.90 -70.298 0.022
228.95 -70.298 0.022
229.00 -70.298 0.022
229.05 -70.298 0.022
229.10 -70.298 0.022
229.15 -70.298 0.022
229.20 -70.298 0.022
229.25 -70.298 0.022
229.30 -70.298 0.022
229.35 -70.298 0.022
229.40 -70.298 0.022
229.45 -70.298 0.022
229.50 -70.298 0.022
229.55 -70.298 0.022
229.60 -70.298 0.022
229.65 -70.298 0.022
229.70 -70.298 0.022
229.75 -70.298 0.022
229.80 -70.299 0.022
229.85 -70.299 0.022
229.90 -70.299 0.022
229.95 -70.299 0.022
230.00 -70.299 0.022
230.05 -70.299 0.022
230.10 -70.299 0.022
230.15 -70.299 0.022
230.20 -70.299 0.022
230.25 -70.299 0.022
230.30 -70.299 0.022
230.35 -70.299 0.022
230.40 -70.299 0.022
230.45 -70.299 0.022
230.50 -70.299 0.022
230.55 -70.299 0.022
230.60 -70.299 0.022
230.65 -70.299 0.022
230.70 -70.299 0.022
230.75 -70.299 0.022
230.80 -70.299 0.022
230.85 -70.299 0.022
230.90 -70.299 0.022
230.95 -70.299 0.022
231.00 -70.299 0.022
231.05 -70.299 0.022
231.10 -70.299 0.022
231.15 -70.299 0.022
231.20 -70.299 0.022
231.25 -70.299 0.022
231.30 -70.299 0.022
231.35 -70.299 0.022
231.40 -70.299 0.022
231.45 -70.299 0.022
231.50 -70.300 0.022
231.55 -70.300 0.022
231.60 -70.300 0.022
231.65 -70.300 0.022
231.70 -70.300 0.022
231.75 -70.300 0.022
231.80 -70.300 0.022
231.85 -70.300 0.022
231.90 -70.300 0.022
231.95 -70.300 0.022
232.00 -70.300 0.022
232.05 -70.300 0.022
232.10 -70.300 0.022
232.15 -70.300 0.022
232.20 -70.300 0.022
232.25 -70.300 0.022
232.30 -70.300 0.022
232.35 -70.300 0.022
232.40 -70.300 0.022
232.45 -70.300 0.022
232.50 -70.300 0.022
232.55 -70.300 0.022
232.60 -70.300 0.022
232.65 -70.300 0.022
232.70 -70.300 0.022
232.75 -70.300 0.022
232.80 -70.300 0.022
232.85 -70.300 0.022
232.90 -70.300 0.022
232.95 -70.300 0.022
233.00 -70.300 0.022
233.05 -70.300 0.022
233.10 -70.300 0.022
233.15 -70.300 0.022
233.20 -70.301 0.022
233.25 -70.301 0.022
233.30 -70.301 0.022
233.35 -70.301 0.022
233.40 -70.301 0.022
233.45 -70.301 0.022
233.50 -70.301 0.022
233.55 -70.301 0.022
233.60 -70.301 0.022
233.65 -70.301 0.022
233.70 -70.301 0.022
233.75 -70.301 0.022
233.80 -70.301 0.022
233.85 -70.301 0.022
233.90 -70.301 0.022
233.95 -70.301 0.022
234.00 -70.301 0.022
234.05 -70.301 0.022
234.10 -70.301 0.022
234.15 -70.301 0.022
234.20 -70.301 0.022
234.25 -70.301 0.022
234.30 -70.301 0.022
234.35 -70.301 0.022
234.40 -70.301 0.022
234.45 -70.301 0.022
234.50 -70.301 0.022
234.55 -70.301 0.022
234.60 -70.301 0.022
234.65 -70.301 0.022
234.70 -70.301 0.022
234.75 -70.301 0.022
234.80 -70.301 0.022
234.85 -70.301 0.022
234.90 -70.302 0.022
234.95 -70.302 0.022
235.00 -70.302 0.022
235.05 -70.302 0.022
235.10 -70.302 0.022
235.15 -70.302 0.022
235.20 -70.302 0.022
235.25 -70.302 0.022
235.30 -70.302 0.022
235.35 -70.302 0.022
235.40 -70.302 0.022
235.45 -70.302 0.022
235.50 -70.302 0.022
235.55 -70.302 0.022
235.60 -70.302 0.022
235.65 -70.302 0.022
235.70 -70.302 0.022
235.75 -70.302 0.022
235.80 -70.302 0.022
235.85 -70.302 0.022
235.90 -70.302 0.022
235.95 -70.302 0.022
236.00 -70.302 0.022
236.05 -70.302 0.022
236.10 -70.302 0.022
236.15 -70.302 0.022
236.20 -70.302 0.022
236.25 -70.302 0.022
236.30 -70.302 0.022
236.35 -70.302 0.022
236.40 -70.302 0.022
236.45 -70.302 0.022
236.50 -70.302 0.022
236.55 -70.302 0.022
236.60 -70.302 0.022
236.65 -70.303 0.022
236.70 -70.303 0.022
236.75 -70.303 0.022
236.80 -70.303 0.022
236.85 -70.303 0.022
236.90 -70.303 0.022
236.95 -70.303 0.022
237.00 -70.303 0.022
237.05 -70.303 0.022
237.10 -70.303 0.022
237.15 -70.303 0.022
237.20 -70.303 0.022
237.25 -70.303 0.022
237.30 -70.303 0.022
237.35 -70.303 0.022
237.40 -70.303 0.022
237.45 -70.303 0.022
237.50 -70.303 0.022
237.55 -70.303 0.022
237.60 -70.303 0.022
237.65 -70.303 0.022
237.70 -70.303 0.022
237.75 -70.303 0.022
237.80 -70.303 0.022
237.85 -70.303 0.022
237.90 -70.303 0.022
237.95 -70.303 0.022
238.00 -70.303 0.022
238.05 -70.303 0.022
238.10 -70.303 0.022
238.15 -70.303 0.022
238.20 -70.303 0.022
238.25 -70.303 0.022
238.30 -70.303 0.022
238.35 -70.303 0.022
238.40 -70.303 0.022
238.45 -70.304 0.022
238.50 -70.304 0.022
238.55 -70.304 0.022
238.60 -70.304 0.022
238.65 -70.304 0.022
238.70 -70.304 0.022
238.75 -70.304 0.022
238.80 -70.304 0.022
238.85 -70.304 0.022
238.90 -70.304 0.022
238.95 -70.304 0.022
239.00 -70.304 0.022
239.05 -70.304 0.022
239.10 -70.304 0.022
239.15 -70.304 0.022
239.20 -70.304 0.022
239.25 -70.304 0.022
239.30 -70.304 0.022
239.35 -70.304 0.022
239.40 -70.304 0.022
239.45 -70.304 0.022
239.50 -70.304 0.022
239.55 -70.304 0.022
239.60 -70.304 0.022
239.65 -70.304 0.022
239.70 -70.304 0.022
239.75 -70.304 0.022
239.80 -70.304 0.022
239.85 -70.304 0.022
239.90 -70.304 0.022
239.95 -70.304 0.022
240.00 -70.304 0.022
240.05 -70.304 0.022
240.10 -70.304 0.022
240.15 -70.304 0.022
240.20 -70.305 0.022
240.25 -70.305 0.022
240.30 -70.305 0.022
240.35 -70.305 0.022
240.40 -70.305 0.022
240.45 -70.305 0.022
240.50 -70.305 0.023
240.55 -70.305 0.023
240.60 -70.305 0.023
240.65 -70.305 0.023
240.70 -70.305 0.023
240.75 -70.305 0.023
240.80 -70.305 0.023
240.85 -70.305 0.023
240.90 -70.305 0.023
240.95 -70.305 0.023
241.00 -70.305 0.023
241.05 -70.305 0.023
241.10 -70.305 0.023
241.15 -70.305 0.023
241.20 -70.305 0.023
241.25 -70.305 0.023
241.30 -70.305 0.023
241.35 -70.305 0.023
241.40 -70.305 0.023
241.45 -70.305 0.023
241.50 -70.305 0.023
241.55 -70.305 0.023
241.60 -70.305 0.023
241.65 -70.305 0.023
241.70 -70.305 0.023
241.75 -70.305 0.023
241.80 -70.305 0.023
241.85 -70.305 0.023
241.90 -70.305 0.023
241.95 -70.305 0.023
242.00 -70.305 0.023
242.05 -70.306 0.023
242.10 -70.306 0.023
242.15 -70.306 0.023
242.20 -70.306 0.023
242.25 -70.306 0.023
242.30 -70.306 0.023
242.35 -70.306 0.023
242.40 -70.306 0.023
242.45 -70.306 0.023
242.50 -70.306 0.023
242.55 -70.306 0.023
242.60 -70.306 0.023
242.65 -70.306 0.023
242.70 -70.306 0.023
242.75 -70.306 0.023
242.80 -70.306 0.023
242.85 -70.306 0.023
242.90 -70.306 0.023
242.95 -70.306 0.023
243.00 -70.306 0.023
243.05 -70.306 0.023
243.10 -70.306 0.023
243.15 -70.306 0.023
243.20 -70.306 0.023
243.25 -70.306 0.023
243.30 -70.306 0.023
243.35 -70.306 0.023
243.40 -70.306 0.023
243.45 -70.306 0.023
243.50 -70.306 0.023
243.55 -70.306 0.023
243.60 -70.306 0.023
243.65 -70.306 0.023
243.70 -70.306 0.023
243.75 -70.306 0.023
243.80 -70.306 0.023
243.85 -70.307 0.023
243.90 -70.307 0.023
243.95 -70.307 0.023
244.00 -70.307 0.023
244.05 -70.307 0.023
244.10 -70.307 0.023
244.15 -70.307 0.023
244.20 -70.307 0.023
244.25 -70.307 0.023
244.30 -70.307 0.023
244.35 -70.307 0.023
244.40 -70.307 0.023
244.45 -70.307 0.023
244.50 -70.307 0.023
244.55 -70.307 0.023
244.60 -70.307 0.023
244.65 -70.307 0.023
244.70 -70.307 0.023
244.75 -70.307 0.023
244.80 -70.307 0.023
244.85 -70.307 0.023
244.90 -70.307 0.023
244.95 -70.307 0.023
245.00 -70.307 0.023
245.05 -70.307 0.023
245.10 -70.307 0.023
245.15 -70.307 0.023
245.20 -70.307 0.023
245.25 -70.307 0.023
245.30 -70.307 0.023
245.35 -70.307 0.023
245.40 -70.307 0.023
245.45 -70.307 0.023
245.50 -70.307 0.023
245.55 -70.307 0.023
245.60 -70.307 0.023
245.65 -70.307 0.023
245.70 -70.308 0.023
245.75 -70.308 0.023
245.80 -70.308 0.023
245.85 -70.308 0.023
245.90 -70.308 0.023
245.95 -70.308 0.023
246.00 -70.308 0.023
246.05 -70.308 0.023
246.10 -70.308 0.023
246.15 -70.308 0.023
246.20 -70.308 0.023
246.25 -70.308 0.023
246.30 -70.308 0.023
246.35 -70.308 0.023
246.40 -70.308 0.023
246.45 -70.308 0.023
246.50 -70.308 0.023
246.55 -70.308 0.023
246.60 -70.308 0.023
246.65 -70.308 0.023
246.70 -70.308 0.023
246.75 -70.308 0.023
246.80 -70.308 0.023
246.85 -70.308 0.023
246.90 -70.308 0.023
246.95 -70.308 0.023
247.00 -70.308 0.023
247.05 -70.308 0.023
247.10 -70.308 0.023
247.15 -70.308 0.023
247.20 -70.308 0.023
247.25 -70.308 0.023
247.30 -70.308 0.023
247.35 -70.308 0.023
247.40 -70.308 0.023
247.45 -70.308 0.023
247.50 -70.308 0.023
247.55 -70.308 0.023
247.60 -70.309 0.023
247.65 -70.309 0.023
247.70 -70.309 0.023
247.75 -70.309 0.023
247.80 -70.309 0.023
247.85 -70.309 0.023
247.90 -70.309 0.023
247.95 -70.309 0.023
248.00 -70.309 0.023
248.05 -70.309 0.023
248.10 -70.309 0.023
248.15 -70.309 0.023
248.20 -70.309 0.023
248.25 -70.309 0.023
248.30 -70.309 0.023
248.35 -70.309 0.023
248.40 -70.309 0.023
248.45 -70.309 0.023
248.50 -70.309 0.023
248.55 -70.309 0.023
248.60 -70.309 0.023
248.65 -70.309 0.023
248.70 -70.309 0.023
248.75 -70.309 0.023
248.80 -70.309 0.023
248.85 -70.309 0.023
248.90 -70.309 0.023
248.95 -70.309 0.023
249.00 -70.309 0.023
249.05 -70.309 0.023
249.10 -70.309 0.023
249.15 -70.309 0.023
249.20 -70.309 0.023
249.25 -70.309 0.023
249.30 -70.309 0.023
249.35 -70.309 0.023
249.40 -70.309 0.023
249.45 -70.309 0.023
249.50 -70.310 0.023
249.55 -70.310 0.023
249.60 -70.310 0.023
249.65 -70.310 0.023
249.70 -70.310 0.023
249.75 -70.310 0.023
249.80 -70.310 0.023
249.85 -70.310 0.023
249.90 -70.310 0.023
249.95 -70.310 0.023
250.00 -70.310 0.023
250.05 -70.310 0.023
250.10 -70.310 0.023
250.15 -70.310 0.023
250.20 -70.310 0.023
250.25 -70.310 0.023
250.30 -70.310 0.023
250.35 -70.310 0.023
250.40 -70.310 0.023
250.45 -70.310 0.023
250.50 -70.310 0.023
250.55 -70.310 0.023
250.60 -70.310 0.023
250.65 -70.310 0.023
250.70 -70.310 0.023
250.75 -70.310 0.023
250.80 -70.310 0.023
250.85 -70.310 0.023
250.90 -70.310 0.023
250.95 -70.310 0.023
251.00 -70.310 0.023
251.05 -70.310 0.023
251.10 -70.310 0.023
251.15 -70.310 0.023
251.20 -70.310 0.023
251.25 -70.310 0.023
251.30 -70.310 0.023
251.35 -70.310 0.023
251.40 -70.310 0.023
251.45 -70.311 0.023
251.50 -70.311 0.023
251.55 -70.311 0.023
251.60 -70.311 0.023
251.65 -70.311 0.023
251.70 -70.311 0.023
251.75 -70.311 0.023
251.80 -70.311 0.023
251.85 -70.311 0.023
251.90 -70.311 0.023
251.95 -70.311 0.023
252.00 -70.311 0.023
252.05 -70.311 0.023
252.10 -70.311 0.023
252.15 -70.311 0.023
252.20 -70.311 0.023
252.25 -70.311 0.023
252.30 -70.311 0.023
252.35 -70.311 0.023
252.40 -70.311 0.023
252.45 -70.311 0.023
252.50 -70.311 0.023
252.55 -70.311 0.023
252.60 -70.311 0.023
252.65 -70.311 0.023
252.70 -70.311 0.023
252.75 -70.311 0.023
252.80 -70.311 0.023
252.85 -70.311 0.023
252.90 -70.311 0.023
252.95 -70.311 0.023
253.00 -70.311 0.023
253.05 -70.311 0.023
253.10 -70.311 0.023
253.15 -70.311 0.023
253.20 -70.311 0.023
253.25 -70.311 0.023
253.30 -70.311 0.023
253.35 -70.311 0.023
253.40 -70.312 0.023
253.45 -70.312 0.023
253.50 -70.312 0.023
253.55 -70.312 0.023
253.60 -70.312 0.023
253.65 -70.312 0.023
253.70 -70.312 0.023
253.75 -70.312 0.023
253.80 -70.312 0.023
253.85 -70.312 0.023
253.90 -70.312 0.023
253.95 -70.312 0.023
254.00 -70.312 0.023
254.05 -70.312 0.023
254.10 -70.312 0.023
254.15 -70.312 0.023
254.20 -70.312 0.023
254.25 -70.312 0.023
254.30 -70.312 0.023
254.35 -70.312 0.023
254.40 -70.312 0.023
254.45 -70.312 0.023
254.50 -70.312 0.023
254.55 -70.312 0.023
254.60 -70.312 0.023
254.65 -70.312 0.023
254.70 -70.312 0.023
254.75 -70.312 0.023
254.80 -70.312 0.023
254.85 -70.312 0.023
254.90 -70.312 0.023
254.95 -70.312 0.023
255.00 -70.312 0.023
255.05 -70.312 0.023
255.10 -70.312 0.023
255.15 -70.312 0.023
255.20 -70.312 0.023
255.25 -70.312 0.023
255.30 -70.312 0.023
255.35 -70.313 0.023
255.40 -70.313 0.023
255.45 -70.313 0.023
255.50 -70.313 0.023
255.55 -70.313 0.023
255.60 -70.313 0.023
255.65 -70.313 0.023
255.70 -70.313 0.023
255.75 -70.313 0.023
255.80 -70.313 0.023
255.85 -70.313 0.023
255.90 -70.313 0.023
255.95 -70.313 0.023
256.00 -70.313 0.023
256.05 -70.313 0.023
256.10 -70.313 0.023
256.15 -70.313 0.023
256.20 -70.313 0.023
256.25 -70.313 0.023
256.30 -70.313 0.023
256.35 -70.313 0.023
256.40 -70.313 0.023
256.45 -70.313 0.023
256.50 -70.313 0.023
256.55 -70.313 0.023
256.60 -70.313 0.023
256.65 -70.313 0.023
256.70 -70.313 0.023
256.75 -70.313 0.023
256.80 -70.313 0.023
256.85 -70.313 0.023
256.90 -70.313 0.023
256.95 -70.313 0.023
257.00 -70.313 0.023
257.05 -70.313 0.023
257.10 -70.313 0.023
257.15 -70.313 0.023
257.20 -70.313 0.023
257.25 -70.313 0.023
257.30 -70.313 0.023
257.35 -70.314 0.023
257.40 -70.314 0.023
257.45 -70.314 0.023
257.50 -70.314 0.023
257.55 -70.314 0.023
257.60 -70.314 0.023
257.65 -70.314 0.023
257.70 -70.314 0.023
257.75 -70.314 0.023
257.80 -70.314 0.023
257.85 -70.314 0.023
257.90 -70.314 0.023
257.95 -70.314 0.023
258.00 -70.314 0.023
258.05 -70.314 0.023
258.10 -70.314 0.023
258.15 -70.314 0.023
258.20 -70.314 0.023
258.25 -70.314 0.023
258.30 -70.314 0.023
258.35 -70.314 0.023
258.40 -70.314 0.023
258.45 -70.314 0.023
258.50 -70.314 0.023
258.55 -70.314 0.023
258.60 -70.314 0.023
258.65 -70.314 0.023
258.70 -70.314 0.023
258.75 -70.314 0.023
258.80 -70.314 0.023
258.85 -70.314 0.023
258.90 -70.314 0.023
258.95 -70.314 0.023
259.00 -70.314 0.023
259.05 -70.314 0.023
259.10 -70.314 0.023
259.15 -70.314 0.023
259.20 -70.314 0.023
259.25 -70.314 0.023
259.30 -70.314 0.023
259.35 -70.314 0.023
259.40 -70.315 0.023
259.45 -70.315 0.023
259.50 -70.315 0.023
259.55 -70.315 0.023
259.60 -70.315 0.023
259.65 -70.315 0.023
259.70 -70.315 0.023
259.75 -70.315 0.023
259.80 -70.315 0.023
259.85 -70.315 0.023
259.90 -70.315 0.023
259.95 -70.315 0.023
260.00 -70.315 0.023
260.05 -70.315 0.023
260.10 -70.315 0.023
260.15 -70.315 0.023
260.20 -70.315 0.023
260.25 -70.315 0.023
260.30 -70.315 0.023
260.35 -70.315 0.023
260.40 -70.315 0.023
260.45 -70.315 0.023
260.50 -70.315 0.023
260.55 -70.315 0.023
260.60 -70.315 0.023
260.65 -70.315 0.023
260.70 -70.315 0.023
260.75 -70.315 0.023
260.80 -70.315 0.023
260.85 -70.315 0.023
260.90 -70.315 0.023
260.95 -70.315 0.023
261.00 -70.315 0.023
261.05 -70.315 0.023
261.10 -70.315 0.023
261.15 -70.315 0.023
261.20 -70.315 0.023
261.25 -70.315 0.023
261.30 -70.315 0.023
261.35 -70.315 0.023
261.40 -70.315 0.023
261.45 -70.316 0.023
261.50 -70.316 0.023
261.55 -70.316 0.023
261.60 -70.316 0.023
261.65 -70.316 0.023
261.70 -70.316 0.023
261.75 -70.316 0.023
261.80 -70.316 0.023
261.85 -70.316 0.023
261.90 -70.316 0.023
261.95 -70.316 0.023
262.00 -70.316 0.023
262.05 -70.316 0.023
262.10 -70.316 0.023
262.15 -70.316 0.023
262.20 -70.316 0.023
262.25 -70.316 0.023
262.30 -70.316 0.023
262.35 -70.316 0.023
262.40 -70.316 0.023
262.45 -70.316 0.023
262.50 -70.316 0.023
262.55 -70.316 0.023
262.60 -70.316 0.023
262.65 -70.316 0.023
262.70 -70.316 0.023
262.75 -70.316 0.023
262.80 -70.316 0.023
262.85 -70.316 0.023
262.90 -70.316 0.023
262.95 -70.316 0.023
263.00 -70.316 0.023
263.05 -70.316 0.023
263.10 -70.316 0.023
263.15 -70.316 0.023
263.20 -70.316 0.023
263.25 -70.316 0.023
263.30 -70.316 0.023
263.35 -70.316 0.023
263.40 -70.316 0.023
263.45 -70.316 0.023
263.50 -70.316 0.023
263.55 -70.317 0.023
263.60 -70.317 0.023
263.65 -70.317 0.023
263.70 -70.317 0.023
263.75 -70.317 0.023
263.80 -70.317 0.023
263.85 -70.317 0.023
263.90 -70.317 0.023
263.95 -70.317 0.023
264.00 -70.317 0.023
264.05 -70.317 0.023
264.10 -70.317 0.023
264.15 -70.317 0.023
264.20 -70.317 0.023
264.25 -70.317 0.023
264.30 -70.317 0.023
264.35 -70.317 0.023
264.40 -70.317 0.023
264.45 -70.317 0.023
264.50 -70.317 0.023
264.55 -70.317 0.023
264.60 -70.317 0.023
264.65 -70.317 0.023
264.70 -70.317 0.023
264.75 -70.317 0.023
264.80 -70.317 0.023
264.85 -70.317 0.023
264.90 -70.317 0.023
264.95 -70.317 0.023
265.00 -70.317 0.023
265.05 -70.317 0.023
265.10 -70.317 0.023
265.15 -70.317 0.023
265.20 -70.317 0.023
265.25 -70.317 0.023
265.30 -70.317 0.023
265.35 -70.317 0.023
265.40 -70.317 0.023
265.45 -70.317 0.023
265.50 -70.317 0.023
265.55 -70.317 0.023
265.60 -70.317 0.023
265.65 -70.318 0.023
265.70 -70.318 0.023
265.75 -70.318 0.023
265.80 -70.318 0.023
265.85 -70.318 0.023
265.90 -70.318 0.023
265.95 -70.318 0.023
266.00 -70.318 0.023
266.05 -70.318 0.023
266.10 -70.318 0.023
266.15 -70.318 0.023
266.20 -70.318 0.023
266.25 -70.318 0.023
266.30 -70.318 0.023
266.35 -70.318 0.023
266.40 -70.318 0.023
266.45 -70.318 0.023
266.50 -70.318 0.023
266.55 -70.318 0.023
266.60 -70.318 0.023
266.65 -70.318 0.023
266.70 -70.318 0.023
266.75 -70.318 0.023
266.80 -70.318 0.023
266.85 -70.318 0.023
266.90 -70.318 0.023
266.95 -70.318 0.023
267.00 -70.318 0.023
267.05 -70.318 0.023
267.10 -70.318 0.023
267.15 -70.318 0.023
267.20 -70.318 0.023
267.25 -70.318 0.023
267.30 -70.318 0.023
267.35 -70.318 0.023
267.40 -70.318 0.023
267.45 -70.318 0.023
267.50 -70.318 0.023
267.55 -70.318 0.023
267.60 -70.318 0.023
267.65 -70.318 0.023
267.70 -70.318 0.023
267.75 -70.318 0.023
267.80 -70.319 0.023
267.85 -70.319 0.023
267.90 -70.319 0.023
267.95 -70.319 0.023
268.00 -70.319 0.023
268.05 -70.319 0.023
268.10 -70.319 0.023
268.15 -70.319 0.023
268.20 -70.319 0.023
268.25 -70.319 0.023
268.30 -70.319 0.023
268.35 -70.319 0.023
268.40 -70.319 0.023
268.45 -70.319 0.023
268.50 -70.319 0.023
268.55 -70.319 0.023
268.60 -70.319 0.023
268.65 -70.319 0.023
268.70 -70.319 0.023
268.75 -70.319 0.023
268.80 -70.319 0.023
268.85 -70.319 0.023
268.90 -70.319 0.023
268.95 -70.319 0.023
269.00 -70.319 0.023
269.05 -70.319 0.023
269.10 -70.319 0.023
269.15 -70.319 0.023
269.20 -70.319 0.023
269.25 -70.319 0.024
269.30 -70.319 0.024
269.35 -70.319 0.024
269.40 -70.319 0.024
269.45 -70.319 0.024
269.50 -70.319 0.024
269.55 -70.319 0.024
269.60 -70.319 0.024
269.65 -70.319 0.024
269.70 -70.319 0.024
269.75 -70.319 0.024
269.80 -70.319 0.024
269.85 -70.319 0.024
269.90 -70.319 0.024
269.95 -70.319 0.024
270.00 -70.320 0.024
270.05 -70.320 0.024
270.10 -70.320 0.024
270.15 -70.320 0.024
270.20 -70.320 0.024
270.25 -70.320 0.024
270.30 -70.320 0.024
270.35 -70.320 0.024
270.40 -70.320 0.024
270.45 -70.320 0.024
270.50 -70.320 0.024
270.55 -70.320 0.024
270.60 -70.320 0.024
270.65 -70.320 0.024
270.70 -70.320 0.024
270.75 -70.320 0.024
270.80 -70.320 0.024
270.85 -70.320 0.024
270.90 -70.320 0.024
270.95 -70.320 0.024
271.00 -70.320 0.024
271.05 -70.320 0.024
271.10 -70.320 0.024
271.15 -70.320 0.024
271.20 -70.320 0.024
271.25 -70.320 0.024
271.30 -70.320 0.024
271.35 -70.320 0.024
271.40 -70.320 0.024
271.45 -70.320 0.024
271.50 -70.320 0.024
271.55 -70.320 0.024
271.60 -70.320 0.024
271.65 -70.320 0.024
271.70 -70.320 0.024
271.75 -70.320 0.024
271.80 -70.320 0.024
271.85 -70.320 0.024
271.90 -70.320 0.024
271.95 -70.320 0.024
272.00 -70.320 0.024
272.05 -70.320 0.024
272.10 -70.320 0.024
272.15 -70.320 0.024
272.20 -70.321 0.024
272.25 -70.321 0.024
272.30 -70.321 0.024
272.35 -70.321 0.024
272.40 -70.321 0.024
272.45 -70.321 0.024
272.50 -70.321 0.024
272.55 -70.321 0.024
272.60 -70.321 0.024
272.65 -70.321 0.024
272.70 -70.321 0.024
272.75 -70.321 0.024
272.80 -70.321 0.024
272.85 -70.321 0.024
272.90 -70.321 0.024
272.95 -70.321 0.024
273.00 -70.321 0.024
273.05 -70.321 0.024
273.10 -70.321 0.024
273.15 -70.321 0.024
273.20 -70.321 0.024
273.25 -70.321 0.024
273.30 -70.321 0.024
273.35 -70.321 0.024
273.40 -70.321 0.024
273.45 -70.321 0.024
273.50 -70.321 0.024
273.55 -70.321 0.024
273.60 -70.321 0.024
273.65 -70.321 0.024
273.70 -70.321 0.024
273.75 -70.321 0.024
273.80 -70.321 0.024
273.85 -70.321 0.024
273.90 -70.321 0.024
273.95 -70.321 0.024
274.00 -70.321 0.024
274.05 -70.321 0.024
274.10 -70.321 0.024
274.15 -70.321 0.024
274.20 -70.321 0.024
274.25 -70.321 0.024
274.30 -70.321 0.024
274.35 -70.321 0.024
274.40 -70.321 0.024
274.45 -70.322 0.024
274.50 -70.322 0.024
274.55 -70.322 0.024
274.60 -70.322 0.024
274.65 -70.322 0.024
274.70 -70.322 0.024
274.75 -70.322 0.024
274.80 -70.322 0.024
274.85 -70.322 0.024
274.90 -70.322 0.024
274.95 -70.322 0.024
275.00 -70.322 0.024
275.05 -70.322 0.024
275.10 -70.322 0.024
275.15 -70.322 0.024
275.20 -70.322 0.024
275.25 -70.322 0.024
275.30 -70.322 0.024
275.35 -70.322 0.024
275.40 -70.322 0.024
275.45 -70.322 0.024
275.50 -70.322 0.024
275.55 -70.322 0.024
275.60 -70.322 0.024
275.65 -70.322 0.024
275.70 -70.322 0.024
275.75 -70.322 0.024
275.80 -70.322 0.024
275.85 -70.322 0.024
275.90 -70.322 0.024
275.95 -70.322 0.024
276.00 -70.322 0.024
276.05 -70.322 0.024
276.10 -70.322 0.024
276.15 -70.322 0.024
276.20 -70.322 0.024
276.25 -70.322 0.024
276.30 -70.322 0.024
276.35 -70.322 0.024
276.40 -70.322 0.024
276.45 -70.322 0.024
276.50 -70.322 0.024
276.55 -70.322 0.024
276.60 -70.322 0.024
276.65 -70.322 0.024
276.70 -70.322 0.024
276.75 -70.323 0.024
276.80 -70.323 0.024
276.85 -70.323 0.024
276.90 -70.323 0.024
276.95 -70.323 0.024
277.00 -70.323 0.024
277.05 -70.323 0.024
277.10 -70.323 0.024
277.15 -70.323 0.024
277.20 -70.323 0.024
277.25 -70.323 0.024
277.30 -70.323 0.024
277.35 -70.323 0.024
277.40 -70.323 0.024
277.45 -70.323 0.024
277.50 -70.323 0.024
277.55 -70.323 0.024
277.60 -70.323 0.024
277.65 -70.323 0.024
277.70 -70.323 0.024
277.75 -70.323 0.024
277.80 -70.323 0.024
277.85 -70.323 0.024
277.90 -70.323 0.024
277.95 -70.323 0.024
278.00 -70.323 0.024
278.05 -70.323 0.024
278.10 -70.323 0.024
278.15 -70.323 0.024
278.20 -70.323 0.024
278.25 -70.323 0.024
278.30 -70.323 0.024
278.35 -70.323 0.024
278.40 -70.323 0.024
278.45 -70.323 0.024
278.50 -70.323 0.024
278.55 -70.323 0.024
278.60 -70.323 0.024
278.65 -70.323 0.024
278.70 -70.323 0.024
278.75 -70.323 0.024
278.80 -70.323 0.024
278.85 -70.323 0.024
278.90 -70.323 0.024
278.95 -70.323 0.024
279.00 -70.323 0.024
279.05 -70.324 0.024
279.10 -70.324 0.024
279.15 -70.324 0.024
279.20 -70.324 0.024
279.25 -70.324 0.024
279.30 -70.324 0.024
279.35 -70.324 0.024
279.40 -70.324 0.024
279.45 -70.324 0.024
279.50 -70.324 0.024
279.55 -70.324 0.024
279.60 -70.324 0.024
279.65 -70.324 0.024
279.70 -70.324 0.024
279.75 -70.324 0.024
279.80 -70.324 0.024
279.85 -70.324 0.024
279.90 -70.324 0.024
279.95 -70.324 0.024
280.00 -70.324 0.024
280.05 -70.324 0.024
280.10 -70.324 0.024
280.15 -70.324 0.024
280.20 -70.324 0.024
280.25 -70.324 0.024
280.30 -70.324 0.024
280.35 -70.324 0.024
280.40 -70.324 0.024
280.45 -70.324 0.024
280.50 -70.324 0.024
280.55 -70.324 0.024
280.60 -70.324 0.024
280.65 -70.324 0.024
280.70 -70.324 0.024
280.75 -70.324 0.024
280.80 -70.324 0.024
280.85 -70.324 0.024
280.90 -70.324 0.024
280.95 -70.324 0.024
281.00 -70.324 0.024
281.05 -70.324 0.024
281.10 -70.324 0.024
281.15 -70.324 0.024
281.20 -70.324 0.024
281.25 -70.324 0.024
281.30 -70.324 0.024
281.35 -70.324 0.024
281.40 -70.325 0.024
281.45 -70.325 0.024
281.50 -70.325 0.024
281.55 -70.325 0.024
281.60 -70.325 0.024
281.65 -70.325 0.024
281.70 -70.325 0.024
281.75 -70.325 0.024
281.80 -70.325 0.024
281.85 -70.325 0.024
281.90 -70.325 0.024
281.95 -70.325 0.024
282.00 -70.325 0.024
282.05 -70.325 0.024
282.10 -70.325 0.024
282.15 -70.325 0.024
282.20 -70.325 0.024
282.25 -70.325 0.024
282.30 -70.325 0.024
282.35 -70.325 0.024
282.40 -70.325 0.024
282.45 -70.325 0.024
282.50 -70.325 0.024
282.55 -70.325 0.024
282.60 -70.325 0.024
282.65 -70.325 0.024
282.70 -70.325 0.024
282.75 -70.325 0.024
282.80 -70.325 0.024
282.85 -70.325 0.024
282.90 -70.325 0.024
282.95 -70.325 0.024
283.00 -70.325 0.024
283.05 -70.325 0.024
283.10 -70.325 0.024
283.15 -70.325 0.024
283.20 -70.325 0.024
283.25 -70.325 0.024
283.30 -70.325 0.024
283.35 -70.325 0.024
283.40 -70.325 0.024
283.45 -70.325 0.024
283.50 -70.325 0.024
283.55 -70.325 0.024
283.60 -70.325 0.024
283.65 -70.325 0.024
283.70 -70.325 0.024
283.75 -70.325 0.024
283.80 -70.326 0.024
283.85 -70.326 0.024
283.90 -70.326 0.024
283.95 -70.326 0.024
284.00 -70.326 0.024
284.05 -70.326 0.024
284.10 -70.326 0.024
284.15 -70.326 0.024
284.20 -70.326 0.024
284.25 -70.326 0.024
284.30 -70.326 0.024
284.35 -70.326 0.024
284.40 -70.326 0.024
284.45 -70.326 0.024
284.50 -70.326 0.024
284.55 -70.326 0.024
284.60 -70.326 0.024
284.65 -70.326 0.024
284.70 -70.326 0.024
284.75 -70.326 0.024
284.80 -70.326 0.024
284.85 -70.326 0.024
284.90 -70.326 0.024
284.95 -70.326 0.024
285.00 -70.326 0.024
285.05 -70.326 0.024
285.10 -70.326 0.024
285.15 -70.326 0.024
285.20 -70.326 0.024
285.25 -70.326 0.024
285.30 -70.326 0.024
285.35 -70.326 0.024
285.40 -70.326 0.024
285.45 -70.326 0.024
285.50 -70.326 0.024
285.55 -70.326 0.024
285.60 -70.326 0.024
285.65 -70.326 0.024
285.70 -70.326 0.024
285.75 -70.326 0.024
285.80 -70.326 0.024
285.85 -70.326 0.024
285.90 -70.326 0.024
285.95 -70.326 0.024
286.00 -70.326 0.024
286.05 -70.326 0.024
286.10 -70.326 0.024
286.15 -70.326 0.024
286.20 -70.327 0.024
286.25 -70.327 0.024
286.30 -70.327 0.024
286.35 -70.327 0.024
286.40 -70.327 0.024
286.45 -70.327 0.024
286.50 -70.327 0.024
286.55 -70.327 0.024
286.60 -70.327 0.024
286.65 -70.327 0.024
286.70 -70.327 0.024
286.75 -70.327 0.024
286.80 -70.327 0.024
286.85 -70.327 0.024
286.90 -70.327 0.024
286.95 -70.327 0.024
287.00 -70.327 0.024
287.05 -70.327 0.024
287.10 -70.327 0.024
287.15 -70.327 0.024
287.20 -70.327 0.024
287.25 -70.327 0.024
287.30 -70.327 0.024
287.35 -70.327 0.024
287.40 -70.327 0.024
287.45 -70.327 0.024
287.50 -70.327 0.024
287.55 -70.327 0.024
287.60 -70.327 0.024
287.65 -70.327 0.024
287.70 -70.327 0.024
287.75 -70.327 0.024
287.80 -70.327 0.024
287.85 -70.327 0.024
287.90 -70.327 0.024
287.95 -70.327 0.024
288.00 -70.327 0.024
288.05 -70.327 0.024
288.10 -70.327 0.024
288.15 -70.327 0.024
288.20 -70.327 0.024
288.25 -70.327 0.024
288.30 -70.327 0.024
288.35 -70.327 0.024
288.40 -70.327 0.024
288.45 -70.327 0.024
288.50 -70.327 0.024
288.55 -70.327 0.024
288.60 -70.327 0.024
288.65 -70.327 0.024
288.70 -70.328 0.024
288.75 -70.328 0.024
288.80 -70.328 0.024
288.85 -70.328 0.024
288.90 -70.328 0.024
288.95 -70.328 0.024
289.00 -70.328 0.024
289.05 -70.328 0.024
289.10 -70.328 0.024
289.15 -70.328 0.024
289.20 -70.328 0.024
289.25 -70.328 0.024
289.30 -70.328 0.024
289.35 -70.328 0.024
289.40 -70.328 0.024
289.45 -70.328 0.024
289.50 -70.328 0.024
289.55 -70.328 0.024
289.60 -70.328 0.024
289.65 -70.328 0.024
289.70 -70.328 0.024
289.75 -70.328 0.024
289.80 -70.328 0.024
289.85 -70.328 0.024
289.90 -70.328 0.024
289.95 -70.328 0.024
290.00 -70.328 0.024
290.05 -70.328 0.024
290.10 -70.328 0.024
290.15 -70.328 0.024
290.20 -70.328 0.024
290.25 -70.328 0.024
290.30 -70.328 0.024
290.35 -70.328 0.024
290.40 -70.328 0.024
290.45 -70.328 0.024
290.50 -70.328 0.024
290.55 -70.328 0.024
290.60 -70.328 0.024
290.65 -70.328 0.024
290.70 -70.328 0.024
290.75 -70.328 0.024
290.80 -70.328 0.024
290.85 -70.328 0.024
290.90 -70.328 0.024
290.95 -70.328 0.024
291.00 -70.328 0.024
291.05 -70.328 0.024
291.10 -70.328 0.024
291.15 -70.328 0.024
291.20 -70.329 0.024
291.25 -70.329 0.024
291.30 -70.329 0.024
291.35 -70.329 0.024
291.40 -70.329 0.024
291.45 -70.329 0.024
291.50 -70.329 0.024
291.55 -70.329 0.024
291.60 -70.329 0.024
291.65 -70.329 0.024
291.70 -70.329 0.024
291.75 -70.329 0.024
291.80 -70.329 0.024
291.85 -70.329 0.024
291.90 -70.329 0.024
291.95 -70.329 0.024
292.00 -70.329 0.024
292.05 -70.329 0.024
292.10 -70.329 0.024
292.15 -70.329 0.024
292.20 -70.329 0.024
292.25 -70.329 0.024
292.30 -70.329 0.024
292.35 -70.329 0.024
292.40 -70.329 0.024
292.45 -70.329 0.024
292.50 -70.329 0.024
292.55 -70.329 0.024
292.60 -70.329 0.024
292.65 -70.329 0.024
292.70 -70.329 0.024
292.75 -70.329 0.024
292.80 -70.329 0.024
292.85 -70.329 0.024
292.90 -70.329 0.024
292.95 -70.329 0.024
293.00 -70.329 0.024
293.05 -70.329 0.024
293.10 -70.329 0.024
293.15 -70.329 0.024
293.20 -70.329 0.024
293.25 -70.329 0.024
293.30 -70.329 0.024
293.35 -70.329 0.024
293.40 -70.329 0.024
293.45 -70.329 0.024
293.50 -70.329 0.024
293.55 -70.329 0.024
293.60 -70.329 0.024
293.65 -70.329 0.024
293.70 -70.329 0.024
293.75 -70.330 0.024
293.80 -70.330 0.024
293.85 -70.330 0.024
293.90 -70.330 0.024
293.95 -70.330 0.024
294.00 -70.330 0.024
294.05 -70.330 0.024
294.10 -70.330 0.024
294.15 -70.330 0.024
294.20 -70.330 0.024
294.25 -70.330 0.024
294.30 -70.330 0.024
294.35 -70.330 0.024
294.40 -70.330 0.024
294.45 -70.330 0.024
294.50 -70.330 0.024
294.55 -70.330 0.024
294.60 -70.330 0.024
294.65 -70.330 0.024
294.70 -70.330 0.024
294.75 -70.330 0.024
294.80 -70.330 0.024
294.85 -70.330 0.024
294.90 -70.330 0.024
294.95 -70.330 0.024
295.00 -70.330 0.024
295.05 -70.330 0.024
295.10 -70.330 0.024
295.15 -70.330 0.024
295.20 -70.330 0.024
295.25 -70.330 0.024
295.30 -70.330 0.024
295.35 -70.330 0.024
295.40 -70.330 0.024
295.45 -70.330 0.024
295.50 -70.330 0.024
295.55 -70.330 0.024
295.60 -70.330 0.024
295.65 -70.330 0.024
295.70 -70.330 0.024
295.75 -70.330 0.024
295.80 -70.330 0.024
295.85 -70.330 0.024
295.90 -70.330 0.024
295.95 -70.330 0.024
296.00 -70.330 0.024
296.05 -70.330 0.024
296.10 -70.330 0.024
296.15 -70.330 0.024
296.20 -70.330 0.024
296.25 -70.330 0.024
296.30 -70.330 0.024
296.35 -70.331 0.024
296.40 -70.331 0.024
296.45 -70.331 0.024
296.50 -70.331 0.024
296.55 -70.331 0.024
296.60 -70.331 0.024
296.65 -70.331 0.024
296.70 -70.331 0.024
296.75 -70.331 0.024
296.80 -70.331 0.024
296.85 -70.331 0.024
296.90 -70.331 0.024
296.95 -70.331 0.024
297.00 -70.331 0.024
297.05 -70.331 0.024
297.10 -70.331 0.024
297.15 -70.331 0.024
297.20 -70.331 0.024
297.25 -70.331 0.024
297.30 -70.331 0.024
297.35 -70.331 0.024
297.40 -70.331 0.024
297.45 -70.331 0.024
297.50 -70.331 0.024
297.55 -70.331 0.024
297.60 -70.331 0.024
297.65 -70.331 0.024
297.70 -70.331 0.024
297.75 -70.331 0.024
297.80 -70.331 0.024
297.85 -70.331 0.024
297.90 -70.331 0.024
297.95 -70.331 0.024
298.00 -70.331 0.024
298.05 -70.331 0.024
298.10 -70.331 0.024
298.15 -70.331 0.024
298.20 -70.331 0.024
298.25 -70.331 0.024
298.30 -70.331 0.024
298.35 -70.331 0.024
298.40 -70.331 0.024
298.45 -70.331 0.024
298.50 -70.331 0.024
298.55 -70.331 0.024
298.60 -70.331 0.024
298.65 -70.331 0.024
298.70 -70.331 0.024
298.75 -70.331 0.024
298.80 -70.331 0.024
298.85 -70.331 0.024
298.90 -70.331 0.024
298.95 -70.331 0.024
299.00 -70.332 0.024
299.05 -70.332 0.024
299.10 -70.332 0.024
299.15 -70.332 0.024
299.20 -70.332 0.024
299.25 -70.332 0.024
299.30 -70.332 0.024
299.35 -70.332 0.024
299.40 -70.332 0.024
299.45 -70.332 0.024
299.50 -70.332 0.024
299.55 -70.332 0.024
299.60 -70.332 0.024
299.65 -70.332 0.024
299.70 -70.332 0.024
299.75 -70.332 0.024
299.80 -70.332 0.024
299.85 -70.332 0.024
299.90 -70.332 0.024
299.95 -70.332 0.024
300.00 -70.211 0.024
300.05 -70.091 0.024
300.10 -69.972 0.024
300.15 -69.853 0.024
300.20 -69.735 0.024
300.25 -69.618 0.024
300.30 -69.501 0.024
300.35 -69.384 0.024
300.40 -69.269 0.024
300.45 -69.153 0.024
300.50 -69.039 0.024
300.55 -68.925 0.024
300.60 -68.811 0.024
300.65 -68.699 0.024
300.70 -68.586 0.024
300.75 -68.475 0.024
300.80 -68.363 0.024
300.85 -68.253 0.024
300.90 -68.143 0.024
300.95 -68.033 0.024
301.00 -67.925 0.024
301.05 -67.816 0.024
301.10 -67.708 0.024
301.15 -67.601 0.024
301.20 -67.494 0.024
301.25 -67.388 0.024
301.30 -67.283 0.024
301.35 -67.178 0.024
301.40 -67.073 0.024
301.45 -66.969 0.024
301.50 -66.865 0.024
301.55 -66.762 0.024
301.60 -66.660 0.024
301.65 -66.558 0.024
301.70 -66.457 0.024
301.75 -66.356 0.024
301.80 -66.255 0.024
301.85 -66.156 0.024
301.90 -66.056 0.024
301.95 -65.957 0.025
302.00 -65.859 0.025
302.05 -65.761 0.025
302.10 -65.664 0.025
302.15 -65.567 0.025
302.20 -65.470 0.025
302.25 -65.375 0.025
302.30 -65.279 0.025
302.35 -65.184 0.025
302.40 -65.090 0.025
302.45 -64.996 0.025
302.50 -64.902 0.025
302.55 -64.809 0.025
302.60 -64.717 0.025
302.65 -64.625 0.025
302.70 -64.533 0.025
302.75 -64.442 0.025
302.80 -64.351 0.025
302.85 -64.261 0.025
302.90 -64.171 0.025
302.95 -64.082 0.025
303.00 -63.993 0.025
303.05 -63.905 0.025
303.10 -63.817 0.025
303.15 -63.730 0.025
303.20 -63.642 0.025
303.25 -63.556 0.025
303.30 -63.470 0.025
303.35 -63.384 0.025
303.40 -63.299 0.025
303.45 -63.214 0.025
303.50 -63.129 0.025
303.55 -63.045 0.025
303.60 -62.962 0.025
303.65 -62.879 0.025
303.70 -62.796 0.025
303.75 -62.714 0.025
303.80 -62.632 0.025
303.85 -62.550 0.025
303.90 -62.469 0.025
303.95 -62.389 0.025
304.00 -62.308 0.025
304.05 -62.228 0.025
304.10 -62.149 0.025
304.15 -62.070 0.025
304.20 -61.991 0.025
304.25 -61.913 0.025
304.30 -61.835 0.025
304.35 -61.758 0.025
304.40 -61.681 0.025
304.45 -61.604 0.025
304.50 -61.528 0.025
304.55 -61.452 0.025
304.60 -61.377 0.025
304.65 -61.302 0.025
304.70 -61.227 0.025
304.75 -61.153 0.025
304.80 -61.079 0.025
304.85 -61.005 0.025
304.90 -60.932 0.025
304.95 -60.859 0.025
305.00 -60.786 0.025
305.05 -60.714 0.025
305.10 -60.643 0.025
305.15 -60.571 0.025
305.20 -60.500 0.025
305.25 -60.430 0.025
305.30 -60.359 0.025
305.35 -60.289 0.025
305.40 -60.220 0.025
305.45 -60.151 0.025
305.50 -60.082 0.025
305.55 -60.013 0.025
305.60 -59.945 0.025
305.65 -59.877 0.025
305.70 -59.810 0.025
305.75 -59.743 0.025
305.80 -59.676 0.025
305.85 -59.609 0.025
305.90 -59.543 0.025
305.95 -59.477 0.025
306.00 -59.412 0.025
306.05 -59.347 0.025
306.10 -59.282 0.025
306.15 -59.217 0.025
306.20 -59.153 0.025
306.25 -59.089 0.025
306.30 -59.026 0.025
306.35 -58.963 0.025
306.40 -58.900 0.025
306.45 -58.837 0.025
306.50 -58.775 0.025
306.55 -58.713 0.025
306.60 -58.652 0.025
306.65 -58.590 0.025
306.70 -58.529 0.025
306.75 -58.469 0.025
306.80 -58.408 0.025
306.85 -58.348 0.025
306.90 -58.289 0.025
306.95 -58.229 0.025
307.00 -58.170 0.025
307.05 -58.111 0.025
307.10 -58.052 0.025
307.15 -57.994 0.025
307.20 -57.936 0.026
307.25 -57.879 0.026
307.30 -57.821 0.026
307.35 -57.764 0.026
307.40 -57.707 0.026
307.45 -57.651 0.026
307.50 -57.594 0.026
307.55 -57.538 0.026
307.60 -57.483 0.026
307.65 -57.427 0.026
307.70 -57.372 0.026
307.75 -57.317 0.026
307.80 -57.263 0.026
307.85 -57.208 0.026
307.90 -57.154 0.026
307.95 -57.101 0.026
308.00 -57.047 0.026
308.05 -56.994 0.026
308.10 -56.941 0.026
308.15 -56.888 0.026
308.20 -56.836 0.026
308.25 -56.784 0.026
308.30 -56.732 0.026
308.35 -56.680 0.026
308.40 -56.628 0.026
308.45 -56.577 0.026
308.50 -56.526 0.026
308.55 -56.476 0.026
308.60 -56.425 0.026
308.65 -56.375 0.026
308.70 -56.325 0.026
308.75 -56.276 0.026
308.80 -56.226 0.026
308.85 -56.177 0.026
308.90 -56.128 0.026
308.95 -56.079 0.026
309.00 -56.031 0.026
309.05 -55.982 0.026
309.10 -55.934 0.026
309.15 -55.887 0.026
309.20 -55.839 0.026
309.25 -55.792 0.026
309.30 -55.745 0.026
309.35 -55.698 0.026
309.40 -55.651 0.026
309.45 -55.605 0.026
309.50 -55.559 0.026
309.55 -55.513 0.026
309.60 -55.467 0.026
309.65 -55.421 0.026
309.70 -55.376 0.026
309.75 -55.331 0.026
309.80 -55.286 0.026
309.85 -55.241 0.026
309.90 -55.197 0.026
309.95 -55.153 0.026
310.00 -55.109 0.026
310.05 -55.065 0.026
310.10 -55.021 0.026
310.15 -54.978 0.026
310.20 -54.934 0.026
310.25 -54.891 0.026
310.30 -54.849 0.027
310.35 -54.806 0.027
310.40 -54.763 0.027
310.45 -54.721 0.027
310.50 -54.679 0.027
310.55 -54.637 0.027
310.60 -54.596 0.027
310.65 -54.554 0.027
310.70 -54.513 0.027
310.75 -54.472 0.027
310.80 -54.431 0.027
310.85 -54.390 0.027
310.90 -54.349 0.027
310.95 -54.309 0.027
311.00 -54.269 0.027
311.05 -54.229 0.027
311.10 -54.189 0.027
311.15 -54.149 0.027
311.20 -54.110 0.027
311.25 -54.070 0.027
311.30 -54.031 0.027
311.35 -53.992 0.027
311.40 -53.953 0.027
311.45 -53.915 0.027
311.50 -53.876 0.027
311.55 -53.838 0.027
311.60 -53.800 0.027
311.65 -53.762 0.027
311.70 -53.724 0.027
311.75 -53.686 0.027
311.80 -53.649 0.027
311.85 -53.611 0.027
311.90 -53.574 0.027
311.95 -53.537 0.027
312.00 -53.500 0.027
312.05 -53.463 0.027
312.10 -53.427 0.027
312.15 -53.390 0.027
312.20 -53.354 0.027
312.25 -53.317 0.027
312.30 -53.281 0.027
312.35 -53.245 0.027
312.40 -53.210 0.027
312.45 -53.174 0.027
312.50 -53.138 0.027
312.55 -53.103 0.027
312.60 -53.068 0.027
312.65 -53.033 0.027
312.70 -52.998 0.027
312.75 -52.963 0.028
312.80 -52.928 0.028
312.85 -52.893 0.028
312.90 -52.859 0.028
312.95 -52.824 0.028
313.00 -52.790 0.028
313.05 -52.756 0.028
313.10 -52.722 0.028
313.15 -52.688 0.028
313.20 -52.654 0.028
313.25 -52.621 0.028
313.30 -52.587 0.028
313.35 -52.554 0.028
313.40 -52.520 0.028
313.45 -52.487 0.028
313.50 -52.454 0.028
313.55 -52.421 0.028
313.60 -52.388 0.028
313.65 -52.355 0.028
313.70 -52.322 0.028
313.75 -52.289 0.028
313.80 -52.257 0.028
313.85 -52.224 0.028
313.90 -52.192 0.028
313.95 -52.160 0.028
314.00 -52.128 0.028
314.05 -52.095 0.028
314.10 -52.063 0.028
314.15 -52.032 0.028
314.20 -52.000 0.028
314.25 -51.968 0.028
314.30 -51.936 0.028
314.35 -51.905 0.028
314.40 -51.873 0.028
314.45 -51.842 0.028
314.50 -51.810 0.028
314.55 -51.779 0.028
314.60 -51.748 0.028
314.65 -51.716 0.028
314.70 -51.685 0.028
314.75 -51.654 0.028
314.80 -51.623 0.028
314.85 -51.592 0.028
314.90 -51.561 0.029
314.95 -51.530 0.029
315.00 -51.500 0.029
315.05 -51.469 0.029
315.10 -51.438 0.029
315.15 -51.408 0.029
315.20 -51.377 0.029
315.25 -51.346 0.029
315.30 -51.316 0.029
315.35 -51.286 0.029
315.40 -51.255 0.029
315.45 -51.225 0.029
315.50 -51.194 0.029
315.55 -51.164 0.029
315.60 -51.134 0.029
315.65 -51.104 0.029
315.70 -51.073 0.029
315.75 -51.043 0.029
315.80 -51.013 0.029
315.85 -50.983 0.029
315.90 -50.953 0.029
315.95 -50.923 0.029
316.00 -50.892 0.029
316.05 -50.862 0.029
316.10 -50.832 0.029
316.15 -50.802 0.029
316.20 -50.772 0.029
316.25 -50.742 0.029
316.30 -50.712 0.029
316.35 -50.682 0.029
316.40 -50.652 0.029
316.45 -50.622 0.029
316.50 -50.592 0.029
316.55 -50.561 0.029
316.60 -50.531 0.029
316.65 -50.501 0.029
316.70 -50.471 0.029
316.75 -50.441 0.029
316.80 -50.410 0.029
316.85 -50.380 0.030
316.90 -50.350 0.030
316.95 -50.320 0.030
317.00 -50.289 0.030
317.05 -50.259 0.030
317.10 -50.228 0.030
317.15 -50.198 0.030
317.20 -50.167 0.030
317.25 -50.137 0.030
317.30 -50.106 0.030
317.35 -50.075 0.030
317.40 -50.045 0.030
317.45 -50.014 0.030
317.50 -49.983 0.030
317.55 -49.952 0.030
317.60 -49.921 0.030
317.65 -49.889 0.030
317.70 -49.858 0.030
317.75 -49.827 0.030
317.80 -49.795 0.030
317.85 -49.764 0.030
317.90 -49.732 0.030
317.95 -49.700 0.030
318.00 -49.668 0.030
318.05 -49.636 0.030
318.10 -49.604 0.030
318.15 -49.572 0.030
318.20 -49.539 0.030
318.25 -49.507 0.030
318.30 -49.474 0.030
318.35 -49.441 0.030
318.40 -49.408 0.030
318.45 -49.375 0.030
318.50 -49.342 0.030
318.55 -49.308 0.030
318.60 -49.274 0.031
318.65 -49.240 0.031
318.70 -49.206 0.031
318.75 -49.172 0.031
318.80 -49.137 0.031
318.85 -49.102 0.031
318.90 -49.067 0.031
318.95 -49.032 0.031
319.00 -48.996 0.031
319.05 -48.961 0.031
319.10 -48.925 0.031
319.15 -48.888 0.031
319.20 -48.851 0.031
319.25 -48.815 0.031
319.30 -48.777 0.031
319.35 -48.740 0.031
319.40 -48.702 0.031
319.45 -48.663 0.031
319.50 -48.625 0.031
319.55 -48.586 0.031
319.60 -48.546 0.031
319.65 -48.506 0.031
319.70 -48.466 0.031
319.75 -48.425 0.031
319.80 -48.384 0.031
319.85 -48.342 0.031
319.90 -48.300 0.031
319.95 -48.258 0.031
320.00 -48.214 0.031
320.05 -48.171 0.031
320.10 -48.126 0.031
320.15 -48.081 0.031
320.20 -48.036 0.032
320.25 -47.989 0.032
320.30 -47.942 0.032
320.35 -47.895 0.032
320.40 -47.846 0.032
320.45 -47.797 0.032
320.50 -47.747 0.032
320.55 -47.696 0.032
320.60 -47.644 0.032
320.65 -47.591 0.032
320.70 -47.537 0.032
320.75 -47.482 0.032
320.80 -47.426 0.032
320.85 -47.369 0.032
320.90 -47.310 0.032
320.95 -47.251 0.032
321.00 -47.190 0.032
321.05 -47.127 0.032
321.10 -47.063 0.032
321.15 -46.997 0.032
321.20 -46.930 0.032
321.25 -46.861 0.032
321.30 -46.789 0.032
321.35 -46.716 0.032
321.40 -46.641 0.032
321.45 -46.563 0.032
321.50 -46.482 0.032
321.55 -46.399 0.032
321.60 -46.314 0.033
321.65 -46.225 0.033
321.70 -46.132 0.033
321.75 -46.036 0.033
321.80 -45.936 0.033
321.85 -45.832 0.033
321.90 -45.723 0.033
321.95 -45.609 0.033
322.00 -45.489 0.033
322.05 -45.363 0.033
322.10 -45.230 0.033
322.15 -45.089 0.033
322.20 -44.940 0.033
322.25 -44.782 0.033
322.30 -44.612 0.033
322.35 -44.430 0.033
322.40 -44.235 0.033
322.45 -44.022 0.033
322.50 -43.791 0.033
322.55 -43.538 0.033
322.60 -43.258 0.033
322.65 -42.946 0.033
322.70 -42.595 0.033
322.75 -42.196 0.034
322.80 -41.735 0.034
322.85 -41.193 0.034
322.90 -40.543 0.034
322.95 -39.743 0.034
323.00 -38.723 0.034
323.05 -37.363 0.034
323.10 -35.431 0.034
323.15 -32.428 0.034
323.20 -27.103 0.034
323.25 -15.937 0.035
323.30 6.969 0.035
323.35 32.424 0.038
323.40 43.787 0.045
323.45 46.819 0.054
323.50 46.903 0.063
323.55 45.675 0.072
323.60 43.550 0.080
323.65 40.633 0.087
323.70 36.976 0.093
323.75 32.644 0.098
323.80 27.728 0.102
323.85 22.341 0.105
323.90 16.615 0.107
323.95 10.688 0.109
324.00 4.694 0.110
324.05 -1.240 0.111
324.10 -7.002 0.112
324.15 -12.485 0.112
324.20 -17.595 0.113
324.25 -22.304 0.113
324.30 -26.673 0.113
324.35 -30.811 0.113
324.40 -34.801 0.113
324.45 -38.662 0.113
324.50 -42.338 0.113
324.55 -45.733 0.114
324.60 -48.759 0.114
324.65 -51.377 0.114
324.70 -53.596 0.114
324.75 -55.456 0.114
324.80 -57.005 0.114
324.85 -58.293 0.114
324.90 -59.361 0.114
324.95 -60.246 0.114
325.00 -60.977 0.114
325.05 -61.581 0.114
325.10 -62.078 0.113
325.15 -62.485 0.113
325.20 -62.816 0.113
325.25 -63.084 0.113
325.30 -63.299 0.113
325.35 -63.469 0.113
325.40 -63.601 0.113
325.45 -63.701 0.113
325.50 -63.774 0.113
325.55 -63.824 0.113
325.60 -63.855 0.113
325.65 -63.869 0.113
325.70 -63.870 0.113
325.75 -63.859 0.113
325.80 -63.838 0.113
325.85 -63.809 0.113
325.90 -63.772 0.113
325.95 -63.730 0.113
326.00 -63.683 0.113
326.05 -63.631 0.113
326.10 -63.576 0.113
326.15 -63.518 0.113
326.20 -63.457 0.113
326.25 -63.394 0.113
326.30 -63.330 0.113
326.35 -63.264 0.113
326.40 -63.197 0.113
326.45 -63.129 0.113
326.50 -63.060 0.113
326.55 -62.991 0.113
326.60 -62.921 0.113
326.65 -62.851 0.113
326.70 -62.781 0.113
326.75 -62.710 0.113
326.80 -62.640 0.113
326.85 -62.569 0.113
326.90 -62.499 0.113
326.95 -62.428 0.113
327.00 -62.358 0.113
327.05 -62.288 0.113
327.10 -62.218 0.113
327.15 -62.148 0.113
327.20 -62.079 0.113
327.25 -62.009 0.113
327.30 -61.940 0.113
327.35 -61.872 0.113
327.40 -61.803 0.113
327.45 -61.735 0.113
327.50 -61.667 0.113
327.55 -61.600 0.113
327.60 -61.533 0.113
327.65 -61.466 0.113
327.70 -61.399 0.113
327.75 -61.333 0.113
327.80 -61.267 0.113
327.85 -61.202 0.113
327.90 -61.136 0.113
327.95 -61.072 0.113
328.00 -61.007 0.113
328.05 -60.943 0.113
328.10 -60.879 0.113
328.15 -60.815 0.113
328.20 -60.752 0.113
328.25 -60.689 0.113
328.30 -60.627 0.113
328.35 -60.564 0.113
328.40 -60.503 0.113
328.45 -60.441 0.113
328.50 -60.380 0.113
328.55 -60.319 0.113
328.60 -60.258 0.113
328.65 -60.198 0.113
328.70 -60.138 0.113
328.75 -60.078 0.113
328.80 -60.019 0.113
328.85 -59.960 0.113
328.90 -59.901 0.113
328.95 -59.843 0.113
329.00 -59.785 0.113
329.05 -59.727 0.113
329.10 -59.670 0.113
329.15 -59.612 0.113
329.20 -59.556 0.113
329.25 -59.499 0.113
329.30 -59.443 0.113
329.35 -59.387 0.113
329.40 -59.331 0.112
329.45 -59.276 0.112
329.50 -59.221 0.112
329.55 -59.166 0.112
329.60 -59.111 0.112
329.65 -59.057 0.112
329.70 -59.003 0.112
329.75 -58.950 0.112
329.80 -58.896 0.112
329.85 -58.843 0.112
329.90 -58.791 0.112
329.95 -58.738 0.112
330.00 -58.686 0.112
330.05 -58.634 0.112
330.10 -58.582 0.112
330.15 -58.531 0.112
330.20 -58.480 0.112
330.25 -58.429 0.112
330.30 -58.378 0.112
330.35 -58.328 0.112
330.40 -58.278 0.112
330.45 -58.228 0.112
330.50 -58.179 0.112
330.55 -58.130 0.112
330.60 -58.081 0.112
330.65 -58.032 0.112
330.70 -57.984 0.112
330.75 -57.935 0.112
330.80 -57.887 0.112
330.85 -57.840 0.112
330.90 -57.792 0.112
330.95 -57.745 0.112
331.00 -57.698 0.112
331.05 -57.651 0.112
331.10 -57.605 0.112
331.15 -57.559 0.112
331.20 -57.513 0.112
331.25 -57.467 0.112
331.30 -57.422 0.112
331.35 -57.376 0.112
331.40 -57.331 0.112
331.45 -57.287 0.112
331.50 -57.242 0.112
331.55 -57.198 0.112
331.60 -57.154 0.112
331.65 -57.110 0.112
331.70 -57.066 0.112
331.75 -57.023 0.112
331.80 -56.980 0.112
331.85 -56.937 0.112
331.90 -56.894 0.112
331.95 -56.852 0.112
332.00 -56.809 0.112
332.05 -56.767 0.112
332.10 -56.726 0.112
332.15 -56.684 0.112
332.20 -56.643 0.112
332.25 -56.601 0.112
332.30 -56.560 0.112
332.35 -56.520 0.112
332.40 -56.479 0.112
332.45 -56.439 0.112
332.50 -56.399 0.112
332.55 -56.359 0.112
332.60 -56.319 0.112
332.65 -56.280 0.112
332.70 -56.240 0.112
332.75 -56.201 0.112
332.80 -56.162 0.112
332.85 -56.124 0.112
332.90 -56.085 0.112
332.95 -56.047 0.112
333.00 -56.009 0.112
333.05 -55.971 0.112
333.10 -55.933 0.112
333.15 -55.896 0.112
333.20 -55.858 0.112
333.25 -55.821 0.112
333.30 -55.784 0.112
333.35 -55.748 0.112
333.40 -55.711 0.112
333.45 -55.675 0.112
333.50 -55.638 0.112
333.55 -55.602 0.112
333.60 -55.567 0.112
333.65 -55.531 0.112
333.70 -55.495 0.112
333.75 -55.460 0.112
333.80 -55.425 0.112
333.85 -55.390 0.112
333.90 -55.355 0.112
333.95 -55.321 0.112
334.00 -55.286 0.112
334.05 -55.252 0.112
334.10 -55.218 0.112
334.15 -55.184 0.112
334.20 -55.150 0.112
334.25 -55.117 0.112
334.30 -55.083 0.112
334.35 -55.050 0.112
334.40 -55.017 0.112
334.45 -54.984 0.112
334.50 -54.951 0.112
334.55 -54.919 0.112
334.60 -54.886 0.112
334.65 -54.854 0.112
334.70 -54.822 0.112
334.75 -54.790 0.112
334.80 -54.758 0.112
334.85 -54.726 0.112
334.90 -54.695 0.112
334.95 -54.663 0.112
335.00 -54.632 0.112
335.05 -54.601 0.112
335.10 -54.570 0.112
335.15 -54.539 0.112
335.20 -54.509 0.112
335.25 -54.478 0.112
335.30 -54.448 0.112
335.35 -54.418 0.112
335.40 -54.388 0.112
335.45 -54.358 0.112
335.50 -54.328 0.112
335.55 -54.298 0.112
335.60 -54.269 0.112
335.65 -54.240 0.112
335.70 -54.210 0.112
335.75 -54.181 0.112
335.80 -54.152 0.112
335.85 -54.123 0.112
335.90 -54.095 0.112
335.95 -54.066 0.112
336.00 -54.038 0.112
336.05 -54.010 0.112
336.10 -53.981 0.112
336.15 -53.953 0.112
336.20 -53.925 0.112
336.25 -53.898 0.112
336.30 -53.870 0.112
336.35 -53.842 0.112
336.40 -53.815 0.112
336.45 -53.788 0.112
336.50 -53.761 0.112
336.55 -53.733 0.112
336.60 -53.707 0.112
336.65 -53.680 0.112
336.70 -53.653 0.112
336.75 -53.626 0.112
336.80 -53.600 0.112
336.85 -53.574 0.112
336.90 -53.547 0.112
336.95 -53.521 0.112
337.00 -53.495 0.112
337.05 -53.469 0.112
337.10 -53.443 0.112
337.15 -53.418 0.112
337.20 -53.392 0.112
337.25 -53.367 0.112
337.30 -53.341 0.112
337.35 -53.316 0.112
337.40 -53.291 0.112
337.45 -53.266 0.112
337.50 -53.241 0.112
337.55 -53.216 0.112
337.60 -53.191 0.112
337.65 -53.167 0.112
337.70 -53.142 0.112
337.75 -53.118 0.112
337.80 -53.093 0.112
337.85 -53.069 0.112
337.90 -53.045 0.112
337.95 -53.021 0.112
338.00 -52.997 0.113
338.05 -52.973 0.113
338.10 -52.949 0.113
338.15 -52.925 0.113
338.20 -52.902 0.113
338.25 -52.878 0.113
338.30 -52.855 0.113
338.35 -52.831 0.113
338.40 -52.808 0.113
338.45 -52.785 0.113
338.50 -52.762 0.113
338.55 -52.739 0.113
338.60 -52.716 0.113
338.65 -52.693 0.113
338.70 -52.670 0.113
338.75 -52.648 0.113
338.80 -52.625 0.113
338.85 -52.602 0.113
338.90 -52.580 0.113
338.95 -52.558 0.113
339.00 -52.535 0.113
339.05 -52.513 0.113
339.10 -52.491 0.113
339.15 -52.469 0.113
339.20 -52.447 0.113
339.25 -52.425 0.113
339.30 -52.403 0.113
339.35 -52.381 0.113
339.40 -52.360 0.113
339.45 -52.338 0.113
339.50 -52.317 0.113
339.55 -52.295 0.113
339.60 -52.274 0.113
339.65 -52.252 0.113
339.70 -52.231 0.113
339.75 -52.210 0.113
339.80 -52.189 0.113
339.85 -52.167 0.113
339.90 -52.146 0.113
339.95 -52.125 0.113
340.00 -52.105 0.113
340.05 -52.084 0.113
340.10 -52.063 0.113
340.15 -52.042 0.113
340.20 -52.021 0.113
340.25 -52.001 0.113
340.30 -51.980 0.113
340.35 -51.960 0.113
340.40 -51.939 0.113
340.45 -51.919 0.113
340.50 -51.899 0.113
340.55 -51.878 0.113
340.60 -51.858 0.113
340.65 -51.838 0.113
340.70 -51.818 0.113
340.75 -51.798 0.113
340.80 -51.778 0.113
340.85 -51.758 0.113
340.90 -51.738 0.113
340.95 -51.718 0.113
341.00 -51.698 0.113
341.05 -51.678 0.113
341.10 -51.658 0.113
341.15 -51.639 0.113
341.20 -51.619 0.113
341.25 -51.599 0.113
341.30 -51.580 0.113
341.35 -51.560 0.113
341.40 -51.541 0.113
341.45 -51.521 0.113
341.50 -51.502 0.113
341.55 -51.482 0.113
341.60 -51.463 0.113
341.65 -51.444 0.113
341.70 -51.424 0.113
341.75 -51.405 0.113
341.80 -51.386 0.113
341.85 -51.367 0.113
341.90 -51.348 0.113
341.95 -51.328 0.113
342.00 -51.309 0.113
342.05 -51.290 0.113
342.10 -51.271 0.113
342.15 -51.252 0.113
342.20 -51.233 0.113
342.25 -51.214 0.113
342.30 -51.195 0.113
342.35 -51.176 0.113
342.40 -51.158 0.113
342.45 -51.139 0.113
342.50 -51.120 0.113
342.55 -51.101 0.113
342.60 -51.082 0.113
342.65 -51.063 0.113
342.70 -51.045 0.113
342.75 -51.026 0.113
342.80 -51.007 0.113
342.85 -50.988 0.113
342.90 -50.970 0.113
342.95 -50.951 0.113
343.00 -50.932 0.113
343.05 -50.914 0.113
343.10 -50.895 0.113
343.15 -50.877 0.113
343.20 -50.858 0.113
343.25 -50.839 0.113
343.30 -50.821 0.113
343.35 -50.802 0.113
343.40 -50.784 0.113
343.45 -50.765 0.113
343.50 -50.746 0.113
343.55 -50.728 0.113
343.60 -50.709 0.113
343.65 -50.691 0.113
343.70 -50.672 0.113
343.75 -50.654 0.113
343.80 -50.635 0.113
343.85 -50.616 0.113
343.90 -50.598 0.113
343.95 -50.579 0.114
344.00 -50.561 0.114
344.05 -50.542 0.114
344.10 -50.524 0.114
344.15 -50.505 0.114
344.20 -50.486 0.114
344.25 -50.468 0.114
344.30 -50.449 0.114
344.35 -50.431 0.114
344.40 -50.412 0.114
344.45 -50.393 0.114
344.50 -50.375 0.114
344.55 -50.356 0.114
344.60 -50.337 0.114
344.65 -50.318 0.114
344.70 -50.300 0.114
344.75 -50.281 0.114
344.80 -50.262 0.114
344.85 -50.243 0.114
344.90 -50.224 0.114
344.95 -50.205 0.114
345.00 -50.187 0.114
345.05 -50.168 0.114
345.10 -50.149 0.114
345.15 -50.130 0.114
345.20 -50.111 0.114
345.25 -50.092 0.114
345.30 -50.072 0.114
345.35 -50.053 0.114
345.40 -50.034 0.114
345.45 -50.015 0.114
345.50 -49.996 0.114
345.55 -49.976 0.114
345.60 -49.957 0.114
345.65 -49.938 0.114
345.70 -49.918 0.114
345.75 -49.899 0.114
345.80 -49.879 0.114
345.85 -49.860 0.114
345.90 -49.840 0.114
345.95 -49.820 0.114
346.00 -49.800 0.114
346.05 -49.781 0.114
346.10 -49.761 0.114
346.15 -49.741 0.114
346.20 -49.721 0.114
346.25 -49.701 0.114
346.30 -49.681 0.114
346.35 -49.660 0.114
346.40 -49.640 0.114
346.45 -49.620 0.114
346.50 -49.599 0.114
346.55 -49.579 0.114
346.60 -49.558 0.114
346.65 -49.537 0.114
346.70 -49.516 0.114
346.75 -49.496 0.114
346.80 -49.475 0.114
346.85 -49.454 0.114
346.90 -49.432 0.114
346.95 -49.411 0.114
347.00 -49.390 0.114
347.05 -49.368 0.114
347.10 -49.347 0.114
347.15 -49.325 0.114
347.20 -49.303 0.114
347.25 -49.281 0.114
347.30 -49.259 0.114
347.35 -49.237 0.114
347.40 -49.215 0.114
347.45 -49.192 0.114
347.50 -49.169 0.114
347.55 -49.147 0.114
347.60 -49.124 0.114
347.65 -49.101 0.114
347.70 -49.078 0.114
347.75 -49.054 0.114
347.80 -49.031 0.115
347.85 -49.007 0.115
347.90 -48.983 0.115
347.95 -48.959 0.115
348.00 -48.935 0.115
348.05 -48.911 0.115
348.10 -48.886 0.115
348.15 -48.862 0.115
348.20 -48.837 0.115
348.25 -48.811 0.115
348.30 -48.786 0.115
348.35 -48.760 0.115
348.40 -48.735 0.115
348.45 -48.709 0.115
348.50 -48.682 0.115
348.55 -48.656 0.115
348.60 -48.629 0.115
348.65 -48.602 0.115
348.70 -48.575 0.115
348.75 -48.547 0.115
348.80 -48.519 0.115
348.85 -48.491 0.115
348.90 -48.463 0.115
348.95 -48.434 0.115
349.00 -48.405 0.115
349.05 -48.376 0.115
349.10 -48.346 0.115
349.15 -48.316 0.115
349.20 -48.285 0.115
349.25 -48.254 0.115
349.30 -48.223 0.115
349.35 -48.192 0.115
349.40 -48.160 0.115
349.45 -48.127 0.115
349.50 -48.094 0.115
349.55 -48.061 0.115
349.60 -48.027 0.115
349.65 -47.993 0.115
349.70 -47.958 0.115
349.75 -47.922 0.115
349.80 -47.887 0.115
349.85 -47.850 0.115
349.90 -47.813 0.115
349.95 -47.775 0.115
350.00 -47.737 0.115
350.05 -47.698 0.115
350.10 -47.658 0.115
350.15 -47.618 0.115
350.20 -47.577 0.115
350.25 -47.535 0.115
350.30 -47.492 0.115
350.35 -47.448 0.115
350.40 -47.404 0.115
350.45 -47.358 0.115
350.50 -47.312 0.115
350.55 -47.264 0.115
350.60 -47.216 0.115
350.65 -47.166 0.116
350.70 -47.115 0.116
350.75 -47.063 0.116
350.80 -47.009 0.116
350.85 -46.955 0.116
350.90 -46.898 0.116
350.95 -46.840 0.116
351.00 -46.781 0.116
351.05 -46.720 0.116
351.10 -46.657 0.116
351.15 -46.592 0.116
351.20 -46.525 0.116
351.25 -46.455 0.116
351.30 -46.384 0.116
351.35 -46.310 0.116
351.40 -46.233 0.116
351.45 -46.153 0.116
351.50 -46.070 0.116
351.55 -45.984 0.116
351.60 -45.894 0.116
351.65 -45.800 0.116
351.70 -45.702 0.116
351.75 -45.599 0.116
351.80 -45.491 0.116
351.85 -45.378 0.116
351.90 -45.258 0.116
351.95 -45.132 0.116
352.00 -44.998 0.116
352.05 -44.856 0.116
352.10 -44.704 0.116
352.15 -44.541 0.116
352.20 -44.366 0.116
352.25 -44.178 0.116
352.30 -43.973 0.116
352.35 -43.750 0.116
352.40 -43.504 0.116
352.45 -43.233 0.116
352.50 -42.931 0.116
352.55 -42.590 0.116
352.60 -42.203 0.117
352.65 -41.755 0.117
352.70 -41.229 0.117
352.75 -40.600 0.117
352.80 -39.826 0.117
352.85 -38.843 0.117
352.90 -37.539 0.117
352.95 -35.702 0.117
353.00 -32.882 0.117
353.05 -27.976 0.117
353.10 -17.893 0.117
353.15 3.412 0.118
353.20 29.823 0.120
353.25 42.918 0.126
353.30 46.596 0.134
353.35 46.912 0.142
353.40 45.803 0.150
353.45 43.767 0.158
353.50 40.932 0.165
353.55 37.350 0.170
353.60 33.086 0.175
353.65 28.227 0.178
353.70 22.886 0.181
353.75 17.191 0.183
353.80 11.279 0.185
353.85 5.288 0.186
353.90 -0.657 0.187
353.95 -6.441 0.188
354.00 -11.957 0.188
354.05 -17.110 0.188
354.10 -21.859 0.189
354.15 -26.261 0.189
354.20 -30.423 0.189
354.25 -34.433 0.189
354.30 -38.315 0.189
354.35 -42.021 0.189
354.40 -45.455 0.189
354.45 -48.526 0.189
354.50 -51.189 0.189
354.55 -53.450 0.189
354.60 -55.346 0.189
354.65 -56.928 0.189
354.70 -58.242 0.189
354.75 -59.333 0.189
354.80 -60.238 0.189
354.85 -60.986 0.189
354.90 -61.605 0.189
354.95 -62.115 0.189
355.00 -62.533 0.189
355.05 -62.876 0.189
355.10 -63.153 0.189
355.15 -63.377 0.189
355.20 -63.555 0.189
355.25 -63.695 0.189
355.30 -63.803 0.189
355.35 -63.883 0.189
355.40 -63.940 0.189
355.45 -63.977 0.189
355.50 -63.998 0.189
355.55 -64.005 0.189
355.60 -64.000 0.189
355.65 -63.985 0.188
355.70 -63.962 0.188
355.75 -63.932 0.188
355.80 -63.895 0.188
355.85 -63.854 0.188
355.90 -63.808 0.188
355.95 -63.758 0.188
356.00 -63.706 0.188
356.05 -63.651 0.188
356.10 -63.594 0.188
356.15 -63.535 0.188
356.20 -63.475 0.188
356.25 -63.414 0.188
356.30 -63.352 0.188
356.35 -63.288 0.188
356.40 -63.225 0.188
356.45 -63.161 0.188
356.50 -63.096 0.188
356.55 -63.032 0.188
356.60 -62.967 0.188
356.65 -62.902 0.188
356.70 -62.837 0.188
356.75 -62.772 0.188
356.80 -62.707 0.188
356.85 -62.642 0.188
356.90 -62.578 0.188
356.95 -62.513 0.188
357.00 -62.449 0.188
357.05 -62.385 0.188
357.10 -62.322 0.188
357.15 -62.258 0.188
357.20 -62.195 0.187
357.25 -62.132 0.187
357.30 -62.069 0.187
357.35 -62.007 0.187
357.40 -61.945 0.187
357.45 -61.883 0.187
357.50 -61.822 0.187
357.55 -61.761 0.187
357.60 -61.700 0.187
357.65 -61.639 0.187
357.70 -61.579 0.187
357.75 -61.519 0.187
357.80 -61.460 0.187
357.85 -61.401 0.187
357.90 -61.342 0.187
357.95 -61.283 0.187
358.00 -61.225 0.187
358.05 -61.167 0.187
358.10 -61.109 0.187
358.15 -61.052 0.187
358.20 -60.995 0.187
358.25 -60.938 0.187
358.30 -60.882 0.187
358.35 -60.826 0.187
358.40 -60.770 0.187
358.45 -60.715 0.187
358.50 -60.659 0.187
358.55 -60.605 0.187
358.60 -60.550 0.187
358.65 -60.496 0.187
358.70 -60.442 0.187
358.75 -60.388 0.187
358.80 -60.335 0.187
358.85 -60.282 0.187
358.90 -60.229 0.187
358.95 -60.177 0.187
359.00 -60.124 0.187
359.05 -60.073 0.186
359.10 -60.021 0.186
359.15 -59.970 0.186
359.20 -59.919 0.186
359.25 -59.868 0.186
359.30 -59.817 0.186
359.35 -59.767 0.186
359.40 -59.717 0.186
359.45 -59.668 0.186
359.50 -59.618 0.186
359.55 -59.569 0.186
359.60 -59.521 0.186
359.65 -59.472 0.186
359.70 -59.424 0.186
359.75 -59.376 0.186
359.80 -59.328 0.186
359.85 -59.281 0.186
359.90 -59.233 0.186
359.95 -59.186 0.186
360.00 -59.140 0.186
360.05 -59.093 0.186
360.10 -59.047 0.186
360.15 -59.001 0.186
360.20 -58.956 0.186
360.25 -58.910 0.186
360.30 -58.865 0.186
360.35 -58.820 0.186
360.40 -58.776 0.186
360.45 -58.731 0.186
360.50 -58.687 0.186
360.55 -58.643 0.186
360.60 -58.599 0.186
360.65 -58.556 0.186
360.70 -58.513 0.186
360.75 -58.470 0.186
360.80 -58.427 0.186
360.85 -58.385 0.186
360.90 -58.342 0.186
360.95 -58.300 0.186
361.00 -58.259 0.186
361.05 -58.217 0.186
361.10 -58.176 0.186
361.15 -58.135 0.186
361.20 -58.094 0.186
361.25 -58.053 0.185
361.30 -58.013 0.185
361.35 -57.973 0.185
361.40 -57.933 0.185
361.45 -57.893 0.185
361.50 -57.853 0.185
361.55 -57.814 0.185
361.60 -57.775 0.185
361.65 -57.736 0.185
361.70 -57.697 0.185
361.75 -57.659 0.185
361.80 -57.621 0.185
361.85 -57.583 0.185
361.90 -57.545 0.185
361.95 -57.507 0.185
362.00 -57.470 0.185
362.05 -57.433 0.185
362.10 -57.396 0.185
362.15 -57.359 0.185
362.20 -57.322 0.185
362.25 -57.286 0.185
362.30 -57.249 0.185
362.35 -57.213 0.185
362.40 -57.178 0.185
362.45 -57.142 0.185
362.50 -57.107 0.185
362.55 -57.071 0.185
362.60 -57.036 0.185
362.65 -57.001 0.185
362.70 -56.967 0.185
362.75 -56.932 0.185
362.80 -56.898 0.185
362.85 -56.864 0.185
362.90 -56.830 0.185
362.95 -56.796 0.185
363.00 -56.763 0.185
363.05 -56.729 0.185
363.10 -56.696 0.185
363.15 -56.663 0.185
363.20 -56.630 0.185
363.25 -56.598 0.185
363.30 -56.565 0.185
363.35 -56.533 0.185
363.40 -56.501 0.185
363.45 -56.469 0.185
363.50 -56.437 0.185
363.55 -56.405 0.185
363.60 -56.374 0.185
363.65 -56.343 0.185
363.70 -56.312 0.185
363.75 -56.281 0.185
363.80 -56.250 0.185
363.85 -56.219 0.185
363.90 -56.189 0.185
363.95 -56.158 0.185
364.00 -56.128 0.185
364.05 -56.098 0.185
364.10 -56.069 0.185
364.15 -56.039 0.184
364.20 -56.009 0.184
364.25 -55.980 0.184
364.30 -55.951 0.184
364.35 -55.922 0.184
364.40 -55.893 0.184
364.45 -55.864 0.184
364.50 -55.836 0.184
364.55 -55.807 0.184
364.60 -55.779 0.184
364.65 -55.751 0.184
364.70 -55.723 0.184
364.75 -55.695 0.184
364.80 -55.667 0.184
364.85 -55.640 0.184
364.90 -55.612 0.184
364.95 -55.585 0.184
365.00 -55.558 0.184
365.05 -55.531 0.184
365.10 -55.504 0.184
365.15 -55.478 0.184
365.20 -55.451 0.184
365.25 -55.425 0.184
365.30 -55.398 0.184
365.35 -55.372 0.184
365.40 -55.346 0.184
365.45 -55.320 0.184
365.50 -55.295 0.184
365.55 -55.269 0.184
365.60 -55.244 0.184
365.65 -55.218 0.184
365.70 -55.193 0.184
365.75 -55.168 0.184
365.80 -55.143 0.184
365.85 -55.118 0.184
365.90 -55.094 0.184
365.95 -55.069 0.184
366.00 -55.044 0.184
366.05 -55.020 0.184
366.10 -54.996 0.184
366.15 -54.972 0.184
366.20 -54.948 0.184
366.25 -54.924 0.184
366.30 -54.900 0.184
366.35 -54.877 0.184
366.40 -54.853 0.184
366.45 -54.830 0.184
366.50 -54.807 0.184
366.55 -54.784 0.184
366.60 -54.761 0.184
366.65 -54.738 0.184
366.70 -54.715 0.184
366.75 -54.692 0.184
366.80 -54.670 0.184
366.85 -54.647 0.184
366.90 -54.625 0.184
366.95 -54.603 0.184
367.00 -54.581 0.184
367.05 -54.559 0.184
367.10 -54.537 0.184
367.15 -54.515 0.184
367.20 -54.493 0.184
367.25 -54.472 0.184
367.30 -54.450 0.184
367.35 -54.429 0.184
367.40 -54.408 0.184
367.45 -54.387 0.184
367.50 -54.366 0.184
367.55 -54.345 0.184
367.60 -54.324 0.184
367.65 -54.303 0.184
367.70 -54.282 0.184
367.75 -54.262 0.184
367.80 -54.241 0.184
367.85 -54.221 0.184
367.90 -54.201 0.184
367.95 -54.181 0.184
368.00 -54.161 0.183
368.05 -54.141 0.183
368.10 -54.121 0.183
368.15 -54.101 0.183
368.20 -54.081 0.183
368.25 -54.062 0.183
368.30 -54.042 0.183
368.35 -54.023 0.183
368.40 -54.003 0.183
368.45 -53.984 0.183
368.50 -53.965 0.183
368.55 -53.946 0.183
368.60 -53.927 0.183
368.65 -53.908 0.183
368.70 -53.890 0.183
368.75 -53.871 0.183
368.80 -53.852 0.183
368.85 -53.834 0.183
368.90 -53.815 0.183
368.95 -53.797 0.183
369.00 -53.779 0.183
369.05 -53.760 0.183
369.10 -53.742 0.183
369.15 -53.724 0.183
369.20 -53.706 0.183
369.25 -53.689 0.183
369.30 -53.671 0.183
369.35 -53.653 0.183
369.40 -53.635 0.183
369.45 -53.618 0.183
369.50 -53.601 0.183
369.55 -53.583 0.183
369.60 -53.566 0.183
369.65 -53.549 0.183
369.70 -53.531 0.183
369.75 -53.514 0.183
369.80 -53.497 0.183
369.85 -53.480 0.183
369.90 -53.464 0.183
369.95 -53.447 0.183
370.00 -53.430 0.183
370.05 -53.413 0.183
370.10 -53.397 0.183
370.15 -53.380 0.183
370.20 -53.364 0.183
370.25 -53.348 0.183
370.30 -53.331 0.183
370.35 -53.315 0.183
370.40 -53.299 0.183
370.45 -53.283 0.183
370.50 -53.267 0.183
370.55 -53.251 0.183
370.60 -53.235 0.183
370.65 -53.219 0.183
370.70 -53.204 0.183
370.75 -53.188 0.183
370.80 -53.172 0.183
370.85 -53.157 0.183
370.90 -53.141 0.183
370.95 -53.126 0.183
371.00 -53.111 0.183
371.05 -53.095 0.183
371.10 -53.080 0.183
371.15 -53.065 0.183
371.20 -53.050 0.183
371.25 -53.035 0.183
371.30 -53.020 0.183
371.35 -53.005 0.183
371.40 -52.990 0.183
371.45 -52.975 0.183
371.50 -52.961 0.183
371.55 -52.946 0.183
371.60 -52.931 0.183
371.65 -52.917 0.183
371.70 -52.902 0.183
371.75 -52.888 0.183
371.80 -52.873 0.183
371.85 -52.859 0.183
371.90 -52.845 0.183
371.95 -52.831 0.183
372.00 -52.816 0.183
372.05 -52.802 0.183
372.10 -52.788 0.183
372.15 -52.774 0.183
372.20 -52.760 0.183
372.25 -52.746 0.183
372.30 -52.732 0.183
372.35 -52.719 0.183
372.40 -52.705 0.183
372.45 -52.691 0.183
372.50 -52.678 0.183
372.55 -52.664 0.183
372.60 -52.650 0.183
372.65 -52.637 0.183
372.70 -52.624 0.183
372.75 -52.610 0.183
372.80 -52.597 0.183
372.85 -52.583 0.183
372.90 -52.570 0.183
372.95 -52.557 0.183
373.00 -52.544 0.183
373.05 -52.531 0.183
373.10 -52.518 0.183
373.15 -52.505 0.183
373.20 -52.492 0.183
373.25 -52.479 0.183
373.30 -52.466 0.183
373.35 -52.453 0.183
373.40 -52.440 0.183
373.45 -52.428 0.183
373.50 -52.415 0.183
373.55 -52.402 0.183
373.60 -52.390 0.183
373.65 -52.377 0.183
373.70 -52.364 0.183
373.75 -52.352 0.183
373.80 -52.339 0.183
373.85 -52.327 0.183
373.90 -52.315 0.183
373.95 -52.302 0.183
374.00 -52.290 0.183
374.05 -52.278 0.183
374.10 -52.266 0.183
374.15 -52.253 0.183
374.20 -52.241 0.182
374.25 -52.229 0.182
374.30 -52.217 0.182
374.35 -52.205 0.182
374.40 -52.193 0.182
374.45 -52.181 0.182
374.50 -52.169 0.182
374.55 -52.158 0.182
374.60 -52.146 0.182
374.65 -52.134 0.182
374.70 -52.122 0.182
374.75 -52.110 0.182
374.80 -52.099 0.182
374.85 -52.087 0.182
374.90 -52.075 0.182
374.95 -52.064 0.182
375.00 -52.052 0.182
375.05 -52.041 0.182
375.10 -52.029 0.182
375.15 -52.018 0.182
375.20 -52.007 0.182
375.25 -51.995 0.182
375.30 -51.984 0.182
375.35 -51.973 0.182
375.40 -51.961 0.182
375.45 -51.950 0.182
375.50 -51.939 0.182
375.55 -51.928 0.182
375.60 -51.916 0.182
375.65 -51.905 0.182
375.70 -51.894 0.182
375.75 -51.883 0.182
375.80 -51.872 0.182
375.85 -51.861 0.182
375.90 -51.850 0.182
375.95 -51.839 0.182
376.00 -51.828 0.182
376.05 -51.817 0.182
376.10 -51.806 0.182
376.15 -51.796 0.182
376.20 -51.785 0.182
376.25 -51.774 0.182
376.30 -51.763 0.182
376.35 -51.753 0.182
376.40 -51.742 0.182
376.45 -51.731 0.182
376.50 -51.721 0.182
376.55 -51.710 0.182
376.60 -51.699 0.182
376.65 -51.689 0.182
376.70 -51.678 0.182
376.75 -51.668 0.182
376.80 -51.657 0.182
376.85 -51.647 0.182
376.90 -51.636 0.182
376.95 -51.626 0.182
377.00 -51.615 0.182
377.05 -51.605 0.182
377.10 -51.595 0.182
377.15 -51.584 0.182
377.20 -51.574 0.182
377.25 -51.564 0.182
377.30 -51.554 0.182
377.35 -51.543 0.182
377.40 -51.533 0.182
377.45 -51.523 0.182
377.50 -51.513 0.182
377.55 -51.503 0.182
377.60 -51.492 0.182
377.65 -51.482 0.182
377.70 -51.472 0.182
377.75 -51.462 0.182
377.80 -51.452 0.182
377.85 -51.442 0.182
377.90 -51.432 0.182
377.95 -51.422 0.182
378.00 -51.412 0.182
378.05 -51.402 0.182
378.10 -51.392 0.182
378.15 -51.382 0.182
378.20 -51.372 0.182
378.25 -51.362 0.182
378.30 -51.353 0.182
378.35 -51.343 0.182
378.40 -51.333 0.182
378.45 -51.323 0.182
378.50 -51.313 0.182
378.55 -51.304 0.182
378.60 -51.294 0.182
378.65 -51.284 0.182
378.70 -51.274 0.182
378.75 -51.265 0.182
378.80 -51.255 0.182
378.85 -51.245 0.182
378.90 -51.235 0.182
378.95 -51.226 0.182
379.00 -51.216 0.182
379.05 -51.207 0.182
379.10 -51.197 0.182
379.15 -51.187 0.182
379.20 -51.178 0.182
379.25 -51.168 0.182
379.30 -51.159 0.182
379.35 -51.149 0.182
379.40 -51.139 0.182
379.45 -51.130 0.182
379.50 -51.120 0.182
379.55 -51.111 0.182
379.60 -51.101 0.182
379.65 -51.092 0.182
379.70 -51.082 0.182
379.75 -51.073 0.182
379.80 -51.064 0.182
379.85 -51.054 0.182
379.90 -51.045 0.182
379.95 -51.035 0.182
380.00 -51.026 0.182
380.05 -51.016 0.182
380.10 -51.007 0.182
380.15 -50.998 0.182
380.20 -50.988 0.182
380.25 -50.979 0.182
380.30 -50.970 0.182
380.35 -50.960 0.182
380.40 -50.951 0.182
380.45 -50.942 0.182
380.50 -50.932 0.182
380.55 -50.923 0.182
380.60 -50.914 0.182
380.65 -50.904 0.182
380.70 -50.895 0.182
380.75 -50.886 0.182
380.80 -50.876 0.182
380.85 -50.867 0.182
380.90 -50.858 0.182
380.95 -50.849 0.182
381.00 -50.839 0.182
381.05 -50.830 0.182
381.10 -50.821 0.182
381.15 -50.812 0.182
381.20 -50.802 0.182
381.25 -50.793 0.182
381.30 -50.784 0.182
381.35 -50.775 0.182
381.40 -50.766 0.182
381.45 -50.756 0.182
381.50 -50.747 0.182
381.55 -50.738 0.182
381.60 -50.729 0.182
381.65 -50.720 0.182
381.70 -50.710 0.182
381.75 -50.701 0.182
381.80 -50.692 0.182
381.85 -50.683 0.182
381.90 -50.674 0.182
381.95 -50.664 0.182
382.00 -50.655 0.182
382.05 -50.646 0.182
382.10 -50.637 0.182
382.15 -50.628 0.182
382.20 -50.618 0.182
382.25 -50.609 0.182
382.30 -50.600 0.182
382.35 -50.591 0.182
382.40 -50.582 0.182
382.45 -50.572 0.182
382.50 -50.563 0.182
382.55 -50.554 0.182
382.60 -50.545 0.182
382.65 -50.536 0.182
382.70 -50.526 0.182
382.75 -50.517 0.182
382.80 -50.508 0.182
382.85 -50.499 0.182
382.90 -50.489 0.182
382.95 -50.480 0.182
383.00 -50.471 0.182
383.05 -50.462 0.182
383.10 -50.453 0.182
383.15 -50.443 0.182
383.20 -50.434 0.182
383.25 -50.425 0.182
383.30 -50.416 0.182
383.35 -50.406 0.182
383.40 -50.397 0.182
383.45 -50.388 0.182
383.50 -50.378 0.182
383.55 -50.369 0.182
383.60 -50.360 0.182
383.65 -50.351 0.182
383.70 -50.341 0.182
383.75 -50.332 0.182
383.80 -50.323 0.182
383.85 -50.313 0.182
383.90 -50.304 0.182
383.95 -50.295 0.182
384.00 -50.285 0.182
384.05 -50.276 0.182
384.10 -50.266 0.182
384.15 -50.257 0.182
384.20 -50.248 0.182
384.25 -50.238 0.182
384.30 -50.229 0.182
384.35 -50.219 0.182
384.40 -50.210 0.182
384.45 -50.200 0.182
384.50 -50.191 0.182
384.55 -50.181 0.182
384.60 -50.172 0.182
384.65 -50.162 0.182
384.70 -50.153 0.182
384.75 -50.143 0.182
384.80 -50.134 0.182
384.85 -50.124 0.182
384.90 -50.114 0.182
384.95 -50.105 0.182
385.00 -50.095 0.182
385.05 -50.086 0.182
385.10 -50.076 0.182
385.15 -50.066 0.182
385.20 -50.056 0.182
385.25 -50.047 0.182
385.30 -50.037 0.182
385.35 -50.027 0.182
385.40 -50.017 0.182
385.45 -50.008 0.182
385.50 -49.998 0.182
385.55 -49.988 0.182
385.60 -49.978 0.182
385.65 -49.968 0.182
385.70 -49.958 0.182
385.75 -49.948 0.182
385.80 -49.938 0.182
385.85 -49.928 0.182
385.90 -49.918 0.182
385.95 -49.908 0.182
386.00 -49.898 0.182
386.05 -49.888 0.182
386.10 -49.878 0.182
386.15 -49.868 0.182
386.20 -49.858 0.182
386.25 -49.848 0.182
386.30 -49.837 0.182
386.35 -49.827 0.182
386.40 -49.817 0.182
386.45 -49.807 0.182
386.50 -49.796 0.182
386.55 -49.786 0.182
386.60 -49.776 0.182
386.65 -49.765 0.182
386.70 -49.755 0.182
386.75 -49.744 0.182
386.80 -49.734 0.182
386.85 -49.723 0.182
386.90 -49.713 0.182
386.95 -49.702 0.182
387.00 -49.691 0.182
387.05 -49.681 0.182
387.10 -49.670 0.182
387.15 -49.659 0.182
387.20 -49.648 0.182
387.25 -49.637 0.182
387.30 -49.627 0.182
387.35 -49.616 0.182
387.40 -49.605 0.182
387.45 -49.594 0.182
387.50 -49.583 0.182
387.55 -49.571 0.182
387.60 -49.560 0.182
387.65 -49.549 0.182
387.70 -49.538 0.182
387.75 -49.527 0.182
387.80 -49.515 0.182
387.85 -49.504 0.182
387.90 -49.492 0.182
387.95 -49.481 0.182
388.00 -49.469 0.182
388.05 -49.458 0.182
388.10 -49.446 0.182
388.15 -49.435 0.182
388.20 -49.423 0.182
388.25 -49.411 0.182
388.30 -49.399 0.182
388.35 -49.387 0.182
388.40 -49.375 0.182
388.45 -49.363 0.182
388.50 -49.351 0.182
388.55 -49.339 0.182
388.60 -49.327 0.182
388.65 -49.315 0.182
388.70 -49.302 0.182
388.75 -49.290 0.182
388.80 -49.277 0.182
388.85 -49.265 0.182
388.90 -49.252 0.182
388.95 -49.240 0.182
389.00 -49.227 0.182
389.05 -49.214 0.182
389.10 -49.201 0.182
389.15 -49.188 0.182
389.20 -49.175 0.182
389.25 -49.162 0.182
389.30 -49.149 0.182
389.35 -49.135 0.182
389.40 -49.122 0.182
389.45 -49.109 0.182
389.50 -49.095 0.182
389.55 -49.081 0.182
389.60 -49.068 0.182
389.65 -49.054 0.182
389.70 -49.040 0.182
389.75 -49.026 0.182
389.80 -49.012 0.182
389.85 -48.998 0.182
389.90 -48.983 0.182
389.95 -48.969 0.182
390.00 -48.954 0.182
390.05 -48.940 0.182
390.10 -48.925 0.182
390.15 -48.910 0.182
390.20 -48.895 0.182
390.25 -48.880 0.182
390.30 -48.865 0.182
390.35 -48.850 0.182
390.40 -48.834 0.182
390.45 -48.819 0.182
390.50 -48.803 0.182
390.55 -48.787 0.182
390.60 -48.771 0.182
390.65 -48.755 0.182
390.70 -48.739 0.182
390.75 -48.723 0.182
390.80 -48.706 0.182
390.85 -48.690 0.182
390.90 -48.673 0.182
390.95 -48.656 0.182
391.00 -48.639 0.182
391.05 -48.621 0.182
391.10 -48.604 0.182
391.15 -48.586 0.182
391.20 -48.568 0.182
391.25 -48.550 0.182
391.30 -48.532 0.182
391.35 -48.514 0.182
391.40 -48.495 0.182
391.45 -48.477 0.182
391.50 -48.458 0.182
391.55 -48.439 0.182
391.60 -48.419 0.182
391.65 -48.400 0.182
391.70 -48.380 0.182
391.75 -48.360 0.182
391.80 -48.340 0.182
391.85 -48.319 0.182
391.90 -48.298 0.182
391.95 -48.278 0.182
392.00 -48.256 0.182
392.05 -48.235 0.182
392.10 -48.213 0.182
392.15 -48.191 0.182
392.20 -48.169 0.182
392.25 -48.146 0.182
392.30 -48.123 0.182
392.35 -48.100 0.182
392.40 -48.076 0.182
392.45 -48.052 0.182
392.50 -48.028 0.182
392.55 -48.003 0.182
392.60 -47.979 0.182
392.65 -47.953 0.182
392.70 -47.927 0.182
392.75 -47.901 0.182
392.80 -47.875 0.182
392.85 -47.848 0.182
392.90 -47.821 0.182
392.95 -47.793 0.182
393.00 -47.764 0.182
393.05 -47.736 0.182
393.10 -47.706 0.182
393.15 -47.677 0.182
393.20 -47.646 0.182
393.25 -47.615 0.182
393.30 -47.584 0.182
393.35 -47.552 0.182
393.40 -47.519 0.182
393.45 -47.486 0.182
393.50 -47.452 0.182
393.55 -47.417 0.182
393.60 -47.382 0.182
393.65 -47.346 0.182
393.70 -47.309 0.182
393.75 -47.271 0.182
393.80 -47.232 0.182
393.85 -47.193 0.182
393.90 -47.152 0.182
393.95 -47.111 0.182
394.00 -47.069 0.182
394.05 -47.025 0.182
394.10 -46.981 0.182
394.15 -46.935 0.182
394.20 -46.888 0.182
394.25 -46.840 0.182
394.30 -46.790 0.182
394.35 -46.739 0.182
394.40 -46.686 0.182
394.45 -46.632 0.183
394.50 -46.576 0.183
394.55 -46.519 0.183
394.60 -46.459 0.183
394.65 -46.397 0.183
394.70 -46.334 0.183
394.75 -46.267 0.183
394.80 -46.199 0.183
394.85 -46.128 0.183
394.90 -46.054 0.183
394.95 -45.977 0.183
395.00 -45.897 0.183
395.05 -45.813 0.183
395.10 -45.725 0.183
395.15 -45.634 0.183
395.20 -45.537 0.183
395.25 -45.436 0.183
395.30 -45.330 0.183
395.35 -45.217 0.183
395.40 -45.099 0.183
395.45 -44.972 0.183
395.50 -44.838 0.183
395.55 -44.695 0.183
395.60 -44.542 0.183
395.65 -44.377 0.183
395.70 -44.199 0.183
395.75 -44.006 0.183
395.80 -43.796 0.183
395.85 -43.566 0.183
395.90 -43.311 0.183
395.95 -43.028 0.183
396.00 -42.710 0.183
396.05 -42.350 0.183
396.10 -41.935 0.183
396.15 -41.452 0.183
396.20 -40.878 0.183
396.25 -40.181 0.183
396.30 -39.309 0.183
396.35 -38.175 0.183
396.40 -36.624 0.183
396.45 -34.344 0.183
396.50 -30.620 0.183
396.55 -23.553 0.184
396.60 -8.110 0.184
396.65 18.460 0.185
396.70 38.610 0.188
396.75 45.513 0.195
396.80 46.964 0.203
396.85 46.393 0.211
396.90 44.747 0.218
396.95 42.262 0.225
397.00 39.008 0.230
397.05 35.042 0.235
397.10 30.439 0.239
397.15 25.300 0.242
397.20 19.749 0.244
397.25 13.920 0.245
397.30 7.951 0.247
397.35 1.972 0.248
397.40 -3.896 0.248
397.45 -9.544 0.249
397.50 -14.869 0.249
397.55 -19.798 0.249
397.60 -24.345 0.249
397.65 -28.604 0.250
397.70 -32.679 0.250
397.75 -36.627 0.250
397.80 -40.428 0.250
397.85 -44.003 0.250
397.90 -47.250 0.250
397.95 -50.100 0.250
398.00 -52.540 0.250
398.05 -54.596 0.250
398.10 -56.313 0.250
398.15 -57.743 0.250
398.20 -58.931 0.250
398.25 -59.917 0.250
398.30 -60.734 0.250
398.35 -61.410 0.250
398.40 -61.968 0.249
398.45 -62.428 0.249
398.50 -62.806 0.249
398.55 -63.114 0.249
398.60 -63.364 0.249
398.65 -63.564 0.249
398.70 -63.724 0.249
398.75 -63.849 0.249
398.80 -63.944 0.249
398.85 -64.014 0.249
398.90 -64.064 0.249
398.95 -64.096 0.249
399.00 -64.113 0.249
399.05 -64.117 0.249
399.10 -64.110 0.249
399.15 -64.094 0.249
399.20 -64.071 0.249
399.25 -64.041 0.249
399.30 -64.006 0.249
399.35 -63.967 0.249
399.40 -63.923 0.248
399.45 -63.876 0.248
399.50 -63.827 0.248
399.55 -63.775 0.248
399.60 -63.721 0.248
399.65 -63.666 0.248
399.70 -63.610 0.248
399.75 -63.552 0.248
399.80 -63.494 0.248
399.85 -63.435 0.248
399.90 -63.375 0.248
399.95 -63.315 0.248
400.00 -63.255 0.248
400.05 -63.195 0.248
400.10 -63.134 0.248
400.15 -63.074 0.248
400.20 -63.013 0.248
400.25 -62.953 0.248
400.30 -62.892 0.248
400.35 -62.832 0.248
400.40 -62.772 0.248
400.45 -62.712 0.248
400.50 -62.652 0.247
400.55 -62.593 0.247
400.60 -62.534 0.247
400.65 -62.475 0.247
400.70 -62.416 0.247
400.75 -62.357 0.247
400.80 -62.299 0.247
400.85 -62.241 0.247
400.90 -62.184 0.247
400.95 -62.126 0.247
401.00 -62.069 0.247
401.05 -62.013 0.247
401.10 -61.956 0.247
401.15 -61.900 0.247
401.20 -61.844 0.247
401.25 -61.789 0.247
401.30 -61.734 0.247
401.35 -61.679 0.247
401.40 -61.624 0.247
401.45 -61.570 0.247
401.50 -61.516 0.247
401.55 -61.462 0.247
401.60 -61.409 0.247
401.65 -61.356 0.246
401.70 -61.303 0.246
401.75 -61.251 0.246
401.80 -61.198 0.246
401.85 -61.146 0.246
401.90 -61.095 0.246
401.95 -61.044 0.246
402.00 -60.993 0.246
402.05 -60.942 0.246
402.10 -60.892 0.246
402.15 -60.841 0.246
402.20 -60.792 0.246
402.25 -60.742 0.246
402.30 -60.693 0.246
402.35 -60.644 0.246
402.40 -60.595 0.246
402.45 -60.547 0.246
402.50 -60.498 0.246
402.55 -60.451 0.246
402.60 -60.403 0.246
402.65 -60.356 0.246
402.70 -60.309 0.246
402.75 -60.262 0.246
402.80 -60.215 0.246
402.85 -60.169 0.246
402.90 -60.123 0.245
402.95 -60.077 0.245
403.00 -60.032 0.245
403.05 -59.987 0.245
403.10 -59.942 0.245
403.15 -59.897 0.245
403.20 -59.853 0.245
403.25 -59.808 0.245
403.30 -59.764 0.245
403.35 -59.721 0.245
403.40 -59.677 0.245
403.45 -59.634 0.245
403.50 -59.591 0.245
403.55 -59.549 0.245
403.60 -59.506 0.245
403.65 -59.464 0.245
403.70 -59.422 0.245
403.75 -59.380 0.245
403.80 -59.339 0.245
403.85 -59.298 0.245
403.90 -59.257 0.245
403.95 -59.216 0.245
404.00 -59.175 0.245
404.05 -59.135 0.245
404.10 -59.095 0.245
404.15 -59.055 0.245
404.20 -59.015 0.245
404.25 -58.976 0.244
404.30 -58.937 0.244
404.35 -58.898 0.244
404.40 -58.859 0.244
404.45 -58.821 0.244
404.50 -58.782 0.244
404.55 -58.744 0.244
404.60 -58.706 0.244
404.65 -58.669 0.244
404.70 -58.631 0.244
404.75 -58.594 0.244
404.80 -58.557 0.244
404.85 -58.520 0.244
404.90 -58.484 0.244
404.95 -58.447 0.244
405.00 -58.411 0.244
405.05 -58.375 0.244
405.10 -58.340 0.244
405.15 -58.304 0.244
405.20 -58.269 0.244
405.25 -58.234 0.244
405.30 -58.199 0.244
405.35 -58.164 0.244
405.40 -58.129 0.244
405.45 -58.095 0.244
405.50 -58.061 0.244
405.55 -58.027 0.244
405.60 -57.993 0.244
405.65 -57.959 0.244
405.70 -57.926 0.244
405.75 -57.893 0.243
405.80 -57.860 0.243
405.85 -57.827 0.243
405.90 -57.794 0.243
405.95 -57.762 0.243
406.00 -57.730 0.243
406.05 -57.697 0.243
406.10 -57.666 0.243
406.15 -57.634 0.243
406.20 -57.602 0.243
406.25 -57.571 0.243
406.30 -57.540 0.243
406.35 -57.509 0.243
406.40 -57.478 0.243
406.45 -57.447 0.243
406.50 -57.416 0.243
406.55 -57.386 0.243
406.60 -57.356 0.243
406.65 -57.326 0.243
406.70 -57.296 0.243
406.75 -57.266 0.243
406.80 -57.237 0.243
406.85 -57.208 0.243
406.90 -57.178 0.243
406.95 -57.149 0.243
407.00 -57.121 0.243
407.05 -57.092 0.243
407.10 -57.063 0.243
407.15 -57.035 0.243
407.20 -57.007 0.243
407.25 -56.979 0.243
407.30 -56.951 0.243
407.35 -56.923 0.243
407.40 -56.895 0.242
407.45 -56.868 0.242
407.50 -56.841 0.242
407.55 -56.814 0.242
407.60 -56.787 0.242
407.65 -56.760 0.242
407.70 -56.733 0.242
407.75 -56.707 0.242
407.80 -56.680 0.242
407.85 -56.654 0.242
407.90 -56.628 0.242
407.95 -56.602 0.242
408.00 -56.576 0.242
408.05 -56.550 0.242
408.10 -56.525 0.242
408.15 -56.499 0.242
408.20 -56.474 0.242
408.25 -56.449 0.242
408.30 -56.424 0.242
408.35 -56.399 0.242
408.40 -56.375 0.242
408.45 -56.350 0.242
408.50 -56.326 0.242
408.55 -56.301 0.242
408.60 -56.277 0.242
408.65 -56.253 0.242
408.70 -56.229 0.242
408.75 -56.205 0.242
408.80 -56.182 0.242
408.85 -56.158 0.242
408.90 -56.135 0.242
408.95 -56.112 0.242
409.00 -56.088 0.242
409.05 -56.065 0.242
409.10 -56.043 0.242
409.15 -56.020 0.242
409.20 -55.997 0.241
409.25 -55.975 0.241
409.30 -55.952 0.241
409.35 -55.930 0.241
409.40 -55.908 0.241
409.45 -55.886 0.241
409.50 -55.864 0.241
409.55 -55.842 0.241
409.60 -55.821 0.241
409.65 -55.799 0.241
409.70 -55.778 0.241
409.75 -55.756 0.241
409.80 -55.735 0.241
409.85 -55.714 0.241
409.90 -55.693 0.241
409.95 -55.672 0.241
410.00 -55.651 0.241
410.05 -55.631 0.241
410.10 -55.610 0.241
410.15 -55.590 0.241
410.20 -55.569 0.241
410.25 -55.549 0.241
410.30 -55.529 0.241
410.35 -55.509 0.241
410.40 -55.489 0.241
410.45 -55.469 0.241
410.50 -55.450 0.241
410.55 -55.430 0.241
410.60 -55.411 0.241
410.65 -55.391 0.241
410.70 -55.372 0.241
410.75 -55.353 0.241
410.80 -55.334 0.241
410.85 -55.315 0.241
410.90 -55.296 0.241
410.95 -55.277 0.241
411.00 -55.259 0.241
411.05 -55.240 0.241
411.10 -55.221 0.241
411.15 -55.203 0.241
411.20 -55.185 0.240
411.25 -55.167 0.240
411.30 -55.149 0.240
411.35 -55.131 0.240
411.40 -55.113 0.240
411.45 -55.095 0.240
411.50 -55.077 0.240
411.55 -55.060 0.240
411.60 -55.042 0.240
411.65 -55.025 0.240
411.70 -55.007 0.240
411.75 -54.990 0.240
411.80 -54.973 0.240
411.85 -54.956 0.240
411.90 -54.939 0.240
411.95 -54.922 0.240
412.00 -54.905 0.240
412.05 -54.888 0.240
412.10 -54.872 0.240
412.15 -54.855 0.240
412.20 -54.839 0.240
412.25 -54.822 0.240
412.30 -54.806 0.240
412.35 -54.790 0.240
412.40 -54.773 0.240
412.45 -54.757 0.240
412.50 -54.741 0.240
412.55 -54.725 0.240
412.60 -54.710 0.240
412.65 -54.694 0.240
412.70 -54.678 0.240
412.75 -54.663 0.240
412.80 -54.647 0.240
412.85 -54.632 0.240
412.90 -54.616 0.240
412.95 -54.601 0.240
413.00 -54.586 0.240
413.05 -54.571 0.240
413.10 -54.556 0.240
413.15 -54.541 0.240
413.20 -54.526 0.240
413.25 -54.511 0.240
413.30 -54.496 0.239
413.35 -54.482 0.239
413.40 -54.467 0.239
413.45 -54.453 0.239
413.50 -54.438 0.239
413.55 -54.424 0.239
413.60 -54.409 0.239
413.65 -54.395 0.239
413.70 -54.381 0.239
413.75 -54.367 0.239
413.80 -54.353 0.239
413.85 -54.339 0.239
413.90 -54.325 0.239
413.95 -54.311 0.239
414.00 -54.297 0.239
414.05 -54.284 0.239
414.10 -54.270 0.239
414.15 -54.257 0.239
414.20 -54.243 0.239
414.25 -54.230 0.239
414.30 -54.216 0.239
414.35 -54.203 0.239
414.40 -54.190 0.239
414.45 -54.177 0.239
414.50 -54.163 0.239
414.55 -54.150 0.239
414.60 -54.137 0.239
414.65 -54.125 0.239
414.70 -54.112 0.239
414.75 -54.099 0.239
414.80 -54.086 0.239
414.85 -54.073 0.239
414.90 -54.061 0.239
414.95 -54.048 0.239
415.00 -54.036 0.239
415.05 -54.023 0.239
415.10 -54.011 0.239
415.15 -53.999 0.239
415.20 -53.986 0.239
415.25 -53.974 0.239
415.30 -53.962 0.239
415.35 -53.950 0.239
415.40 -53.938 0.239
415.45 -53.926 0.239
415.50 -53.914 0.239
415.55 -53.902 0.239
415.60 -53.890 0.239
415.65 -53.879 0.238
415.70 -53.867 0.238
415.75 -53.855 0.238
415.80 -53.844 0.238
415.85 -53.832 0.238
415.90 -53.821 0.238
415.95 -53.809 0.238
416.00 -53.798 0.238
416.05 -53.787 0.238
416.10 -53.775 0.238
416.15 -53.764 0.238
416.20 -53.753 0.238
416.25 -53.742 0.238
416.30 -53.731 0.238
416.35 -53.720 0.238
416.40 -53.709 0.238
416.45 -53.698 0.238
416.50 -53.687 0.238
416.55 -53.676 0.238
416.60 -53.665 0.238
416.65 -53.655 0.238
416.70 -53.644 0.238
416.75 -53.633 0.238
416.80 -53.623 0.238
416.85 -53.612 0.238
416.90 -53.602 0.238
416.95 -53.591 0.238
417.00 -53.581 0.238
417.05 -53.571 0.238
417.10 -53.560 0.238
417.15 -53.550 0.238
417.20 -53.540 0.238
417.25 -53.530 0.238
417.30 -53.520 0.238
417.35 -53.510 0.238
417.40 -53.500 0.238
417.45 -53.490 0.238
417.50 -53.480 0.238
417.55 -53.470 0.238
417.60 -53.460 0.238
417.65 -53.450 0.238
417.70 -53.440 0.238
417.75 -53.431 0.238
417.80 -53.421 0.238
417.85 -53.411 0.238
417.90 -53.402 0.238
417.95 -53.392 0.238
418.00 -53.383 0.238
418.05 -53.373 0.238
418.10 -53.364 0.238
418.15 -53.354 0.237
418.20 -53.345 0.237
418.25 -53.336 0.237
418.30 -53.326 0.237
418.35 -53.317 0.237
418.40 -53.308 0.237
418.45 -53.299 0.237
418.50 -53.290 0.237
418.55 -53.281 0.237
418.60 -53.272 0.237
418.65 -53.263 0.237
418.70 -53.254 0.237
418.75 -53.245 0.237
418.80 -53.236 0.237
418.85 -53.227 0.237
418.90 -53.218 0.237
418.95 -53.209 0.237
419.00 -53.201 0.237
419.05 -53.192 0.237
419.10 -53.183 0.237
419.15 -53.175 0.237
419.20 -53.166 0.237
419.25 -53.157 0.237
419.30 -53.149 0.237
419.35 -53.140 0.237
419.40 -53.132 0.237
419.45 -53.124 0.237
419.50 -53.115 0.237
419.55 -53.107 0.237
419.60 -53.099 0.237
419.65 -53.090 0.237
419.70 -53.082 0.237
419.75 -53.074 0.237
419.80 -53.066 0.237
419.85 -53.057 0.237
419.90 -53.049 0.237
419.95 -53.041 0.237
420.00 -53.033 0.237
420.05 -53.025 0.237
420.10 -53.017 0.237
420.15 -53.009 0.237
420.20 -53.001 0.237
420.25 -52.993 0.237
420.30 -52.986 0.237
420.35 -52.978 0.237
420.40 -52.970 0.237
420.45 -52.962 0.237
420.50 -52.954 0.237
420.55 -52.947 0.237
420.60 -52.939 0.237
420.65 -52.931 0.237
420.70 -52.924 0.237
420.75 -52.916 0.237
420.80 -52.909 0.237
420.85 -52.901 0.237
420.90 -52.894 0.236
420.95 -52.886 0.236
421.00 -52.879 0.236
421.05 -52.871 0.236
421.10 -52.864 0.236
421.15 -52.856 0.236
421.20 -52.849 0.236
421.25 -52.842 0.236
421.30 -52.835 0.236
421.35 -52.827 0.236
421.40 -52.820 0.236
421.45 -52.813 0.236
421.50 -52.806 0.236
421.55 -52.799 0.236
421.60 -52.791 0.236
421.65 -52.784 0.236
421.70 -52.777 0.236
421.75 -52.770 0.236
421.80 -52.763 0.236
421.85 -52.756 0.236
421.90 -52.749 0.236
421.95 -52.742 0.236
422.00 -52.736 0.236
422.05 -52.729 0.236
422.10 -52.722 0.236
422.15 -52.715 0.236
422.20 -52.708 0.236
422.25 -52.701 0.236
422.30 -52.695 0.236
422.35 -52.688 0.236
422.40 -52.681 0.236
422.45 -52.674 0.236
422.50 -52.668 0.236
422.55 -52.661 0.236
422.60 -52.655 0.236
422.65 -52.648 0.236
422.70 -52.641 0.236
422.75 -52.635 0.236
422.80 -52.628 0.236
422.85 -52.622 0.236
422.90 -52.615 0.236
422.95 -52.609 0.236
423.00 -52.603 0.236
423.05 -52.596 0.236
423.10 -52.590 0.236
423.15 -52.583 0.236
423.20 -52.577 0.236
423.25 -52.571 0.236
423.30 -52.564 0.236
423.35 -52.558 0.236
423.40 -52.552 0.236
423.45 -52.546 0.236
423.50 -52.540 0.236
423.55 -52.533 0.236
423.60 -52.527 0.236
423.65 -52.521 0.236
423.70 -52.515 0.236
423.75 -52.509 0.236
423.80 -52.503 0.235
423.85 -52.497 0.235
423.90 -52.491 0.235
423.95 -52.485 0.235
424.00 -52.479 0.235
424.05 -52.473 0.235
424.10 -52.467 0.235
424.15 -52.461 0.235
424.20 -52.455 0.235
424.25 -52.449 0.235
424.30 -52.443 0.235
424.35 -52.437 0.235
424.40 -52.431 0.235
424.45 -52.426 0.235
424.50 -52.420 0.235
424.55 -52.414 0.235
424.60 -52.408 0.235
424.65 -52.403 0.235
424.70 -52.397 0.235
424.75 -52.391 0.235
424.80 -52.385 0.235
424.85 -52.380 0.235
424.90 -52.374 0.235
424.95 -52.369 0.235
425.00 -52.363 0.235
425.05 -52.357 0.235
425.10 -52.352 0.235
425.15 -52.346 0.235
425.20 -52.341 0.235
425.25 -52.335 0.235
425.30 -52.330 0.235
425.35 -52.324 0.235
425.40 -52.319 0.235
425.45 -52.313 0.235
425.50 -52.308 0.235
425.55 -52.302 0.235
425.60 -52.297 0.235
425.65 -52.292 0.235
425.70 -52.286 0.235
425.75 -52.281 0.235
425.80 -52.276 0.235
425.85 -52.270 0.235
425.90 -52.265 0.235
425.95 -52.260 0.235
426.00 -52.254 0.235
426.05 -52.249 0.235
426.10 -52.244 0.235
426.15 -52.239 0.235
426.20 -52.233 0.235
426.25 -52.228 0.235
426.30 -52.223 0.235
426.35 -52.218 0.235
426.40 -52.213 0.235
426.45 -52.208 0.235
426.50 -52.203 0.235
426.55 -52.197 0.235
426.60 -52.192 0.235
426.65 -52.187 0.235
426.70 -52.182 0.235
426.75 -52.177 0.235
426.80 -52.172 0.235
426.85 -52.167 0.235
426.90 -52.162 0.235
426.95 -52.157 0.234
427.00 -52.152 0.234
427.05 -52.147 0.234
427.10 -52.142 0.234
427.15 -52.137 0.234
427.20 -52.133 0.234
427.25 -52.128 0.234
427.30 -52.123 0.234
427.35 -52.118 0.234
427.40 -52.113 0.234
427.45 -52.108 0.234
427.50 -52.103 0.234
427.55 -52.099 0.234
427.60 -52.094 0.234
427.65 -52.089 0.234
427.70 -52.084 0.234
427.75 -52.080 0.234
427.80 -52.075 0.234
427.85 -52.070 0.234
427.90 -52.065 0.234
427.95 -52.061 0.234
428.00 -52.056 0.234
428.05 -52.051 0.234
428.10 -52.047 0.234
428.15 -52.042 0.234
428.20 -52.037 0.234
428.25 -52.033 0.234
428.30 -52.028 0.234
428.35 -52.023 0.234
428.40 -52.019 0.234
428.45 -52.014 0.234
428.50 -52.010 0.234
428.55 -52.005 0.234
428.60 -52.001 0.234
428.65 -51.996 0.234
428.70 -51.992 0.234
428.75 -51.987 0.234
428.80 -51.983 0.234
428.85 -51.978 0.234
428.90 -51.974 0.234
428.95 -51.969 0.234
429.00 -51.965 0.234
429.05 -51.960 0.234
429.10 -51.956 0.234
429.15 -51.952 0.234
429.20 -51.947 0.234
429.25 -51.943 0.234
429.30 -51.938 0.234
429.35 -51.934 0.234
429.40 -51.930 0.234
429.45 -51.925 0.234
429.50 -51.921 0.234
429.55 -51.917 0.234
429.60 -51.912 0.234
429.65 -51.908 0.234
429.70 -51.904 0.234
429.75 -51.900 0.234
429.80 -51.895 0.234
429.85 -51.891 0.234
429.90 -51.887 0.234
429.95 -51.883 0.234
430.00 -51.878 0.234
430.05 -51.874 0.234
430.10 -51.870 0.234
430.15 -51.866 0.234
430.20 -51.861 0.234
430.25 -51.857 0.234
430.30 -51.853 0.233
430.35 -51.849 0.233
430.40 -51.845 0.233
430.45 -51.841 0.233
430.50 -51.837 0.233
430.55 -51.832 0.233
430.60 -51.828 0.233
430.65 -51.824 0.233
430.70 -51.820 0.233
430.75 -51.816 0.233
430.80 -51.812 0.233
430.85 -51.808 0.233
430.90 -51.804 0.233
430.95 -51.800 0.233
431.00 -51.796 0.233
431.05 -51.792 0.233
431.10 -51.788 0.233
431.15 -51.784 0.233
431.20 -51.780 0.233
431.25 -51.776 0.233
431.30 -51.772 0.233
431.35 -51.768 0.233
431.40 -51.764 0.233
431.45 -51.760 0.233
431.50 -51.756 0.233
431.55 -51.752 0.233
431.60 -51.748 0.233
431.65 -51.744 0.233
431.70 -51.741 0.233
431.75 -51.737 0.233
431.80 -51.733 0.233
431.85 -51.729 0.233
431.90 -51.725 0.233
431.95 -51.721 0.233
432.00 -51.717 0.233
432.05 -51.713 0.233
432.10 -51.710 0.233
432.15 -51.706 0.233
432.20 -51.702 0.233
432.25 -51.698 0.233
432.30 -51.694 0.233
432.35 -51.691 0.233
432.40 -51.687 0.233
432.45 -51.683 0.233
432.50 -51.679 0.233
432.55 -51.675 0.233
432.60 -51.672 0.233
432.65 -51.668 0.233
432.70 -51.664 0.233
432.75 -51.661 0.233
432.80 -51.657 0.233
432.85 -51.653 0.233
432.90 -51.649 0.233
432.95 -51.646 0.233
433.00 -51.642 0.233
433.05 -51.638 0.233
433.10 -51.635 0.233
433.15 -51.631 0.233
433.20 -51.627 0.233
433.25 -51.624 0.233
433.30 -51.620 0.233
433.35 -51.616 0.233
433.40 -51.613 0.233
433.45 -51.609 0.233
433.50 -51.605 0.233
433.55 -51.602 0.233
433.60 -51.598 0.233
433.65 -51.595 0.233
433.70 -51.591 0.233
433.75 -51.587 0.233
433.80 -51.584 0.233
433.85 -51.580 0.232
433.90 -51.577 0.232
433.95 -51.573 0.232
434.00 -51.570 0.232
434.05 -51.566 0.232
434.10 -51.563 0.232
434.15 -51.559 0.232
434.20 -51.556 0.232
434.25 -51.552 0.232
434.30 -51.549 0.232
434.35 -51.545 0.232
434.40 -51.542 0.232
434.45 -51.538 0.232
434.50 -51.535 0.232
434.55 -51.531 0.232
434.60 -51.528 0.232
434.65 -51.524 0.232
434.70 -51.521 0.232
434.75 -51.517 0.232
434.80 -51.514 0.232
434.85 -51.510 0.232
434.90 -51.507 0.232
434.95 -51.503 0.232
435.00 -51.500 0.232
435.05 -51.497 0.232
435.10 -51.493 0.232
435.15 -51.490 0.232
435.20 -51.486 0.232
435.25 -51.483 0.232
435.30 -51.480 0.232
435.35 -51.476 0.232
435.40 -51.473 0.232
435.45 -51.469 0.232
435.50 -51.466 0.232
435.55 -51.463 0.232
435.60 -51.459 0.232
435.65 -51.456 0.232
435.70 -51.453 0.232
435.75 -51.449 0.232
435.80 -51.446 0.232
435.85 -51.443 0.232
435.90 -51.439 0.232
435.95 -51.436 0.232
436.00 -51.433 0.232
436.05 -51.429 0.232
436.10 -51.426 0.232
436.15 -51.423 0.232
436.20 -51.420 0.232
436.25 -51.416 0.232
436.30 -51.413 0.232
436.35 -51.410 0.232
436.40 -51.406 0.232
436.45 -51.403 0.232
436.50 -51.400 0.232
436.55 -51.397 0.232
436.60 -51.393 0.232
436.65 -51.390 0.232
436.70 -51.387 0.232
436.75 -51.384 0.232
436.80 -51.380 0.232
436.85 -51.377 0.232
436.90 -51.374 0.232
436.95 -51.371 0.232
437.00 -51.368 0.232
437.05 -51.364 0.232
437.10 -51.361 0.232
437.15 -51.358 0.232
437.20 -51.355 0.232
437.25 -51.352 0.232
437.30 -51.348 0.232
437.35 -51.345 0.232
437.40 -51.342 0.232
437.45 -51.339 0.232
437.50 -51.336 0.232
437.55 -51.333 0.232
437.60 -51.329 0.232
437.65 -51.326 0.232
437.70 -51.323 0.231
437.75 -51.320 0.231
437.80 -51.317 0.231
437.85 -51.314 0.231
437.90 -51.311 0.231
437.95 -51.307 0.231
438.00 -51.304 0.231
438.05 -51.301 0.231
438.10 -51.298 0.231
438.15 -51.295 0.231
438.20 -51.292 0.231
438.25 -51.289 0.231
438.30 -51.286 0.231
438.35 -51.283 0.231
438.40 -51.279 0.231
438.45 -51.276 0.231
438.50 -51.273 0.231
438.55 -51.270 0.231
438.60 -51.267 0.231
438.65 -51.264 0.231
438.70 -51.261 0.231
438.75 -51.258 0.231
438.80 -51.255 0.231
438.85 -51.252 0.231
438.90 -51.249 0.231
438.95 -51.246 0.231
439.00 -51.243 0.231
439.05 -51.240 0.231
439.10 -51.237 0.231
439.15 -51.234 0.231
439.20 -51.231 0.231
439.25 -51.227 0.231
439.30 -51.224 0.231
439.35 -51.221 0.231
439.40 -51.218 0.231
439.45 -51.215 0.231
439.50 -51.212 0.231
439.55 -51.209 0.231
439.60 -51.206 0.231
439.65 -51.203 0.231
439.70 -51.200 0.231
439.75 -51.197 0.231
439.80 -51.194 0.231
439.85 -51.191 0.231
439.90 -51.188 0.231
439.95 -51.185 0.231
440.00 -51.182 0.231
440.05 -51.179 0.231
440.10 -51.177 0.231
440.15 -51.174 0.231
440.20 -51.171 0.231
440.25 -51.168 0.231
440.30 -51.165 0.231
440.35 -51.162 0.231
440.40 -51.159 0.231
440.45 -51.156 0.231
440.50 -51.153 0.231
440.55 -51.150 0.231
440.60 -51.147 0.231
440.65 -51.144 0.231
440.70 -51.141 0.231
440.75 -51.138 0.231
440.80 -51.135 0.231
440.85 -51.132 0.231
440.90 -51.129 0.231
440.95 -51.126 0.231
441.00 -51.124 0.231
441.05 -51.121 0.231
441.10 -51.118 0.231
441.15 -51.115 0.231
441.20 -51.112 0.231
441.25 -51.109 0.231
441.30 -51.106 0.231
441.35 -51.103 0.231
441.40 -51.100 0.231
441.45 -51.097 0.231
441.50 -51.094 0.231
441.55 -51.092 0.231
441.60 -51.089 0.231
441.65 -51.086 0.231
441.70 -51.083 0.231
441.75 -51.080 0.231
441.80 -51.077 0.230
441.85 -51.074 0.230
441.90 -51.071 0.230
441.95 -51.068 0.230
442.00 -51.066 0.230
442.05 -51.063 0.230
442.10 -51.060 0.230
442.15 -51.057 0.230
442.20 -51.054 0.230
442.25 -51.051 0.230
442.30 -51.048 0.230
442.35 -51.046 0.230
442.40 -51.043 0.230
442.45 -51.040 0.230
442.50 -51.037 0.230
442.55 -51.034 0.230
442.60 -51.031 0.230
442.65 -51.028 0.230
442.70 -51.026 0.230
442.75 -51.023 0.230
442.80 -51.020 0.230
442.85 -51.017 0.230
442.90 -51.014 0.230
442.95 -51.011 0.230
443.00 -51.009 0.230
443.05 -51.006 0.230
443.10 -51.003 0.230
443.15 -51.000 0.230
443.20 -50.997 0.230
443.25 -50.994 0.230
443.30 -50.992 0.230
443.35 -50.989 0.230
443.40 -50.986 0.230
443.45 -50.983 0.230
443.50 -50.980 0.230
443.55 -50.978 0.230
443.60 -50.975 0.230
443.65 -50.972 0.230
443.70 -50.969 0.230
443.75 -50.966 0.230
443.80 -50.964 0.230
443.85 -50.961 0.230
443.90 -50.958 0.230
443.95 -50.955 0.230
444.00 -50.952 0.230
444.05 -50.950 0.230
444.10 -50.947 0.230
444.15 -50.944 0.230
444.20 -50.941 0.230
444.25 -50.938 0.230
444.30 -50.936 0.230
444.35 -50.933 0.230
444.40 -50.930 0.230
444.45 -50.927 0.230
444.50 -50.924 0.230
444.55 -50.922 0.230
444.60 -50.919 0.230
444.65 -50.916 0.230
444.70 -50.913 0.230
444.75 -50.910 0.230
444.80 -50.908 0.230
444.85 -50.905 0.230
444.90 -50.902 0.230
444.95 -50.899 0.230
445.00 -50.897 0.230
445.05 -50.894 0.230
445.10 -50.891 0.230
445.15 -50.888 0.230
445.20 -50.885 0.230
445.25 -50.883 0.230
445.30 -50.880 0.230
445.35 -50.877 0.230
445.40 -50.874 0.230
445.45 -50.872 0.230
445.50 -50.869 0.230
445.55 -50.866 0.230
445.60 -50.863 0.230
445.65 -50.861 0.230
445.70 -50.858 0.230
445.75 -50.855 0.230
445.80 -50.852 0.230
445.85 -50.850 0.230
445.90 -50.847 0.230
445.95 -50.844 0.230
446.00 -50.841 0.230
446.05 -50.838 0.230
446.10 -50.836 0.230
446.15 -50.833 0.230
446.20 -50.830 0.229
446.25 -50.827 0.229
446.30 -50.825 0.229
446.35 -50.822 0.229
446.40 -50.819 0.229
446.45 -50.816 0.229
446.50 -50.814 0.229
446.55 -50.811 0.229
446.60 -50.808 0.229
446.65 -50.805 0.229
446.70 -50.803 0.229
446.75 -50.800 0.229
446.80 -50.797 0.229
446.85 -50.794 0.229
446.90 -50.792 0.229
446.95 -50.789 0.229
447.00 -50.786 0.229
447.05 -50.783 0.229
447.10 -50.781 0.229
447.15 -50.778 0.229
447.20 -50.775 0.229
447.25 -50.772 0.229
447.30 -50.770 0.229
447.35 -50.767 0.229
447.40 -50.764 0.229
447.45 -50.761 0.229
447.50 -50.759 0.229
447.55 -50.756 0.229
447.60 -50.753 0.229
447.65 -50.750 0.229
447.70 -50.748 0.229
447.75 -50.745 0.229
447.80 -50.742 0.229
447.85 -50.739 0.229
447.90 -50.737 0.229
447.95 -50.734 0.229
448.00 -50.731 0.229
448.05 -50.728 0.229
448.10 -50.726 0.229
448.15 -50.723 0.229
448.20 -50.720 0.229
448.25 -50.717 0.229
448.30 -50.715 0.229
448.35 -50.712 0.229
448.40 -50.709 0.229
448.45 -50.706 0.229
448.50 -50.704 0.229
448.55 -50.701 0.229
448.60 -50.698 0.229
448.65 -50.695 0.229
448.70 -50.693 0.229
448.75 -50.690 0.229
448.80 -50.687 0.229
448.85 -50.684 0.229
448.90 -50.682 0.229
448.95 -50.679 0.229
449.00 -50.676 0.229
449.05 -50.673 0.229
449.10 -50.671 0.229
449.15 -50.668 0.229
449.20 -50.665 0.229
449.25 -50.662 0.229
449.30 -50.659 0.229
449.35 -50.657 0.229
449.40 -50.654 0.229
449.45 -50.651 0.229
449.50 -50.648 0.229
449.55 -50.646 0.229
449.60 -50.643 0.229
449.65 -50.640 0.229
449.70 -50.637 0.229
449.75 -50.635 0.229
449.80 -50.632 0.229
449.85 -50.629 0.229
449.90 -50.626 0.229
449.95 -50.623 0.229
450.00 -50.621 0.229
450.05 -50.618 0.229
450.10 -50.615 0.229
450.15 -50.612 0.229
450.20 -50.610 0.229
450.25 -50.607 0.229
450.30 -50.604 0.229
450.35 -50.601 0.229
450.40 -50.598 0.229
450.45 -50.596 0.229
450.50 -50.593 0.229
450.55 -50.590 0.229
450.60 -50.587 0.229
450.65 -50.585 0.229
450.70 -50.582 0.229
450.75 -50.579 0.229
450.80 -50.576 0.229
450.85 -50.573 0.229
450.90 -50.571 0.229
450.95 -50.568 0.228
451.00 -50.565 0.228
451.05 -50.562 0.228
451.10 -50.559 0.228
451.15 -50.557 0.228
451.20 -50.554 0.228
451.25 -50.551 0.228
451.30 -50.548 0.228
451.35 -50.545 0.228
451.40 -50.543 0.228
451.45 -50.540 0.228
451.50 -50.537 0.228
451.55 -50.534 0.228
451.60 -50.531 0.228
451.65 -50.528 0.228
451.70 -50.526 0.228
451.75 -50.523 0.228
451.80 -50.520 0.228
451.85 -50.517 0.228
451.90 -50.514 0.228
451.95 -50.512 0.228
452.00 -50.509 0.228
452.05 -50.506 0.228
452.10 -50.503 0.228
452.15 -50.500 0.228
452.20 -50.497 0.228
452.25 -50.495 0.228
452.30 -50.492 0.228
452.35 -50.489 0.228
452.40 -50.486 0.228
452.45 -50.483 0.228
452.50 -50.480 0.228
452.55 -50.477 0.228
452.60 -50.475 0.228
452.65 -50.472 0.228
452.70 -50.469 0.228
452.75 -50.466 0.228
452.80 -50.463 0.228
452.85 -50.460 0.228
452.90 -50.457 0.228
452.95 -50.455 0.228
453.00 -50.452 0.228
453.05 -50.449 0.228
453.10 -50.446 0.228
453.15 -50.443 0.228
453.20 -50.440 0.228
453.25 -50.437 0.228
453.30 -50.434 0.228
453.35 -50.431 0.228
453.40 -50.429 0.228
453.45 -50.426 0.228
453.50 -50.423 0.228
453.55 -50.420 0.228
453.60 -50.417 0.228
453.65 -50.414 0.228
453.70 -50.411 0.228
453.75 -50.408 0.228
453.80 -50.405 0.228
453.85 -50.402 0.228
453.90 -50.399 0.228
453.95 -50.397 0.228
454.00 -50.394 0.228
454.05 -50.391 0.228
454.10 -50.388 0.228
454.15 -50.385 0.228
454.20 -50.382 0.228
454.25 -50.379 0.228
454.30 -50.376 0.228
454.35 -50.373 0.228
454.40 -50.370 0.228
454.45 -50.367 0.228
454.50 -50.364 0.228
454.55 -50.361 0.228
454.60 -50.358 0.228
454.65 -50.355 0.228
454.70 -50.352 0.228
454.75 -50.349 0.228
454.80 -50.346 0.228
454.85 -50.343 0.228
454.90 -50.340 0.228
454.95 -50.337 0.228
455.00 -50.334 0.228
455.05 -50.331 0.228
455.10 -50.328 0.228
455.15 -50.325 0.228
455.20 -50.322 0.228
455.25 -50.319 0.228
455.30 -50.316 0.228
455.35 -50.313 0.228
455.40 -50.310 0.228
455.45 -50.307 0.228
455.50 -50.304 0.228
455.55 -50.301 0.228
455.60 -50.298 0.228
455.65 -50.295 0.228
455.70 -50.292 0.228
455.75 -50.289 0.228
455.80 -50.286 0.228
455.85 -50.283 0.228
455.90 -50.280 0.228
455.95 -50.277 0.228
456.00 -50.274 0.228
456.05 -50.271 0.228
456.10 -50.268 0.228
456.15 -50.265 0.228
456.20 -50.261 0.227
456.25 -50.258 0.227
456.30 -50.255 0.227
456.35 -50.252 0.227
456.40 -50.249 0.227
456.45 -50.246 0.227
456.50 -50.243 0.227
456.55 -50.240 0.227
456.60 -50.237 0.227
456.65 -50.233 0.227
456.70 -50.230 0.227
456.75 -50.227 0.227
456.80 -50.224 0.227
456.85 -50.221 0.227
456.90 -50.218 0.227
456.95 -50.215 0.227
457.00 -50.211 0.227
457.05 -50.208 0.227
457.10 -50.205 0.227
457.15 -50.202 0.227
457.20 -50.199 0.227
457.25 -50.196 0.227
457.30 -50.192 0.227
457.35 -50.189 0.227
457.40 -50.186 0.227
457.45 -50.183 0.227
457.50 -50.180 0.227
457.55 -50.176 0.227
457.60 -50.173 0.227
457.65 -50.170 0.227
457.70 -50.167 0.227
457.75 -50.163 0.227
457.80 -50.160 0.227
457.85 -50.157 0.227
457.90 -50.154 0.227
457.95 -50.150 0.227
458.00 -50.147 0.227
458.05 -50.144 0.227
458.10 -50.141 0.227
458.15 -50.137 0.227
458.20 -50.134 0.227
458.25 -50.131 0.227
458.30 -50.127 0.227
458.35 -50.124 0.227
458.40 -50.121 0.227
458.45 -50.117 0.227
458.50 -50.114 0.227
458.55 -50.111 0.227
458.60 -50.107 0.227
458.65 -50.104 0.227
458.70 -50.101 0.227
458.75 -50.097 0.227
458.80 -50.094 0.227
458.85 -50.091 0.227
458.90 -50.087 0.227
458.95 -50.084 0.227
459.00 -50.080 0.227
459.05 -50.077 0.227
459.10 -50.074 0.227
459.15 -50.070 0.227
459.20 -50.067 0.227
459.25 -50.063 0.227
459.30 -50.060 0.227
459.35 -50.056 0.227
459.40 -50.053 0.227
459.45 -50.050 0.227
459.50 -50.046 0.227
459.55 -50.043 0.227
459.60 -50.039 0.227
459.65 -50.036 0.227
459.70 -50.032 0.227
459.75 -50.029 0.227
459.80 -50.025 0.227
459.85 -50.022 0.227
459.90 -50.018 0.227
459.95 -50.015 0.227
460.00 -50.011 0.227
460.05 -50.007 0.227
460.10 -50.004 0.227
460.15 -50.000 0.227
460.20 -49.997 0.227
460.25 -49.993 0.227
460.30 -49.990 0.227
460.35 -49.986 0.227
460.40 -49.982 0.227
460.45 -49.979 0.227
460.50 -49.975 0.227
460.55 -49.971 0.227
460.60 -49.968 0.227
460.65 -49.964 0.227
460.70 -49.960 0.227
460.75 -49.957 0.227
460.80 -49.953 0.227
460.85 -49.949 0.227
460.90 -49.946 0.227
460.95 -49.942 0.227
461.00 -49.938 0.227
461.05 -49.935 0.227
461.10 -49.931 0.227
461.15 -49.927 0.227
461.20 -49.923 0.227
461.25 -49.920 0.227
461.30 -49.916 0.227
461.35 -49.912 0.227
461.40 -49.908 0.227
461.45 -49.904 0.227
461.50 -49.901 0.227
461.55 -49.897 0.227
461.60 -49.893 0.227
461.65 -49.889 0.227
461.70 -49.885 0.227
461.75 -49.881 0.227
461.80 -49.878 0.227
461.85 -49.874 0.227
461.90 -49.870 0.227
461.95 -49.866 0.227
462.00 -49.862 0.227
462.05 -49.858 0.227
462.10 -49.854 0.227
462.15 -49.850 0.226
462.20 -49.846 0.226
462.25 -49.842 0.226
462.30 -49.838 0.226
462.35 -49.834 0.226
462.40 -49.830 0.226
462.45 -49.826 0.226
462.50 -49.822 0.226
462.55 -49.818 0.226
462.60 -49.814 0.226
462.65 -49.810 0.226
462.70 -49.806 0.226
462.75 -49.802 0.226
462.80 -49.798 0.226
462.85 -49.793 0.226
462.90 -49.789 0.226
462.95 -49.785 0.226
463.00 -49.781 0.226
463.05 -49.777 0.226
463.10 -49.773 0.226
463.15 -49.768 0.226
463.20 -49.764 0.226
463.25 -49.760 0.226
463.30 -49.756 0.226
463.35 -49.752 0.226
463.40 -49.747 0.226
463.45 -49.743 0.226
463.50 -49.739 0.226
463.55 -49.734 0.226
463.60 -49.730 0.226
463.65 -49.726 0.226
463.70 -49.721 0.226
463.75 -49.717 0.226
463.80 -49.713 0.226
463.85 -49.708 0.226
463.90 -49.704 0.226
463.95 -49.699 0.226
464.00 -49.695 0.226
464.05 -49.690 0.226
464.10 -49.686 0.226
464.15 -49.681 0.226
464.20 -49.677 0.226
464.25 -49.672 0.226
464.30 -49.668 0.226
464.35 -49.663 0.226
464.40 -49.659 0.226
464.45 -49.654 0.226
464.50 -49.650 0.226
464.55 -49.645 0.226
464.60 -49.640 0.226
464.65 -49.636 0.226
464.70 -49.631 0.226
464.75 -49.626 0.226
464.80 -49.622 0.226
464.85 -49.617 0.226
464.90 -49.612 0.226
464.95 -49.607 0.226
465.00 -49.602 0.226
465.05 -49.598 0.226
465.10 -49.593 0.226
465.15 -49.588 0.226
465.20 -49.583 0.226
465.25 -49.578 0.226
465.30 -49.573 0.226
465.35 -49.568 0.226
465.40 -49.563 0.226
465.45 -49.559 0.226
465.50 -49.554 0.226
465.55 -49.549 0.226
465.60 -49.543 0.226
465.65 -49.538 0.226
465.70 -49.533 0.226
465.75 -49.528 0.226
465.80 -49.523 0.226
465.85 -49.518 0.226
465.90 -49.513 0.226
465.95 -49.508 0.226
466.00 -49.503 0.226
466.05 -49.497 0.226
466.10 -49.492 0.226
466.15 -49.487 0.226
466.20 -49.481 0.226
466.25 -49.476 0.226
466.30 -49.471 0.226
466.35 -49.465 0.226
466.40 -49.460 0.226
466.45 -49.455 0.226
466.50 -49.449 0.226
466.55 -49.444 0.226
466.60 -49.438 0.226
466.65 -49.433 0.226
466.70 -49.427 0.226
466.75 -49.422 0.226
466.80 -49.416 0.226
466.85 -49.410 0.226
466.90 -49.405 0.226
466.95 -49.399 0.226
467.00 -49.393 0.226
467.05 -49.388 0.226
467.10 -49.382 0.226
467.15 -49.376 0.226
467.20 -49.370 0.226
467.25 -49.365 0.226
467.30 -49.359 0.226
467.35 -49.353 0.226
467.40 -49.347 0.226
467.45 -49.341 0.226
467.50 -49.335 0.226
467.55 -49.329 0.226
467.60 -49.323 0.226
467.65 -49.317 0.226
467.70 -49.311 0.226
467.75 -49.304 0.226
467.80 -49.298 0.226
467.85 -49.292 0.226
467.90 -49.286 0.226
467.95 -49.279 0.226
468.00 -49.273 0.226
468.05 -49.267 0.226
468.10 -49.260 0.226
468.15 -49.254 0.226
468.20 -49.247 0.226
468.25 -49.241 0.226
468.30 -49.234 0.226
468.35 -49.228 0.226
468.40 -49.221 0.226
468.45 -49.215 0.226
468.50 -49.208 0.226
468.55 -49.201 0.226
468.60 -49.194 0.226
468.65 -49.188 0.226
468.70 -49.181 0.226
468.75 -49.174 0.226
468.80 -49.167 0.226
468.85 -49.160 0.226
468.90 -49.153 0.226
468.95 -49.146 0.226
469.00 -49.139 0.226
469.05 -49.131 0.226
469.10 -49.124 0.226
469.15 -49.117 0.226
469.20 -49.110 0.226
469.25 -49.102 0.226
469.30 -49.095 0.226
469.35 -49.088 0.226
469.40 -49.080 0.226
469.45 -49.073 0.226
469.50 -49.065 0.226
469.55 -49.057 0.226
469.60 -49.050 0.226
469.65 -49.042 0.226
469.70 -49.034 0.226
469.75 -49.026 0.226
469.80 -49.018 0.225
469.85 -49.010 0.225
469.90 -49.002 0.225
469.95 -48.994 0.225
470.00 -48.986 0.225
470.05 -48.978 0.225
470.10 -48.970 0.225
470.15 -48.962 0.225
470.20 -48.953 0.225
470.25 -48.945 0.225
470.30 -48.936 0.225
470.35 -48.928 0.225
470.40 -48.919 0.225
470.45 -48.910 0.225
470.50 -48.902 0.225
470.55 -48.893 0.225
470.60 -48.884 0.225
470.65 -48.875 0.225
470.70 -48.866 0.225
470.75 -48.857 0.225
470.80 -48.848 0.225
470.85 -48.838 0.225
470.90 -48.829 0.225
470.95 -48.820 0.225
471.00 -48.810 0.225
471.05 -48.801 0.225
471.10 -48.791 0.225
471.15 -48.781 0.225
471.20 -48.772 0.225
471.25 -48.762 0.225
471.30 -48.752 0.225
471.35 -48.742 0.225
471.40 -48.732 0.225
471.45 -48.721 0.225
471.50 -48.711 0.225
471.55 -48.701 0.225
471.60 -48.690 0.225
471.65 -48.680 0.225
471.70 -48.669 0.225
471.75 -48.658 0.225
471.80 -48.647 0.225
471.85 -48.636 0.225
471.90 -48.625 0.225
471.95 -48.614 0.225
472.00 -48.603 0.225
472.05 -48.591 0.225
472.10 -48.580 0.225
472.15 -48.568 0.225
472.20 -48.556 0.225
472.25 -48.544 0.225
472.30 -48.532 0.225
472.35 -48.520 0.225
472.40 -48.508 0.225
472.45 -48.496 0.225
472.50 -48.483 0.225
472.55 -48.470 0.225
472.60 -48.458 0.225
472.65 -48.445 0.225
472.70 -48.432 0.225
472.75 -48.418 0.225
472.80 -48.405 0.225
472.85 -48.392 0.225
472.90 -48.378 0.225
472.95 -48.364 0.225
473.00 -48.350 0.225
473.05 -48.336 0.225
473.10 -48.322 0.225
473.15 -48.307 0.225
473.20 -48.293 0.225
473.25 -48.278 0.225
473.30 -48.263 0.225
473.35 -48.248 0.225
473.40 -48.232 0.225
473.45 -48.217 0.225
473.50 -48.201 0.225
473.55 -48.185 0.225
473.60 -48.169 0.225
473.65 -48.152 0.225
473.70 -48.136 0.225
473.75 -48.119 0.225
473.80 -48.102 0.225
473.85 -48.084 0.225
473.90 -48.067 0.225
473.95 -48.049 0.225
474.00 -48.031 0.225
474.05 -48.013 0.225
474.10 -47.994 0.225
474.15 -47.975 0.225
474.20 -47.956 0.225
474.25 -47.937 0.225
474.30 -47.917 0.225
474.35 -47.897 0.225
474.40 -47.877 0.225
474.45 -47.856 0.225
474.50 -47.835 0.225
474.55 -47.814 0.225
474.60 -47.792 0.225
474.65 -47.770 0.225
474.70 -47.748 0.225
474.75 -47.725 0.225
474.80 -47.702 0.225
474.85 -47.678 0.225
474.90 -47.654 0.225
474.95 -47.629 0.225
475.00 -47.604 0.225
475.05 -47.579 0.225
475.10 -47.553 0.225
475.15 -47.527 0.225
475.20 -47.500 0.225
475.25 -47.473 0.225
475.30 -47.445 0.225
475.35 -47.416 0.225
475.40 -47.387 0.225
475.45 -47.357 0.225
475.50 -47.327 0.225
475.55 -47.296 0.225
475.60 -47.264 0.225
475.65 -47.231 0.225
475.70 -47.198 0.225
475.75 -47.164 0.225
475.80 -47.129 0.225
475.85 -47.094 0.225
475.90 -47.057 0.225
475.95 -47.020 0.225
476.00 -46.981 0.225
476.05 -46.942 0.225
476.10 -46.902 0.225
476.15 -46.860 0.225
476.20 -46.817 0.225
476.25 -46.773 0.225
476.30 -46.728 0.225
476.35 -46.681 0.225
476.40 -46.633 0.225
476.45 -46.584 0.225
476.50 -46.533 0.225
476.55 -46.480 0.225
476.60 -46.425 0.225
476.65 -46.369 0.225
476.70 -46.310 0.225
476.75 -46.250 0.225
476.80 -46.187 0.225
476.85 -46.122 0.225
476.90 -46.054 0.225
476.95 -45.983 0.225
477.00 -45.910 0.225
477.05 -45.833 0.225
477.10 -45.752 0.225
477.15 -45.668 0.225
477.20 -45.580 0.225
477.25 -45.488 0.225
477.30 -45.390 0.225
477.35 -45.288 0.225
477.40 -45.180 0.225
477.45 -45.065 0.225
477.50 -44.943 0.225
477.55 -44.813 0.225
477.60 -44.675 0.225
477.65 -44.526 0.225
477.70 -44.367 0.225
477.75 -44.194 0.225
477.80 -44.008 0.225
477.85 -43.804 0.225
477.90 -43.581 0.225
477.95 -43.334 0.225
478.00 -43.060 0.225
478.05 -42.753 0.225
478.10 -42.405 0.225
478.15 -42.005 0.225
478.20 -41.541 0.225
478.25 -40.991 0.225
478.30 -40.325 0.226
478.35 -39.498 0.226
478.40 -38.432 0.226
478.45 -36.991 0.226
478.50 -34.907 0.226
478.55 -31.591 0.226
478.60 -25.518 0.226
478.65 -12.464 0.226
478.70 12.473 0.227
478.75 35.635 0.230
478.80 44.653 0.235
478.85 46.843 0.243
478.90 46.577 0.250
478.95 45.123 0.257
479.00 42.800 0.263
479.05 39.696 0.269
479.10 35.866 0.274
479.15 31.382 0.277
479.20 26.341 0.280
479.25 20.861 0.282
479.30 15.076 0.284
479.35 9.124 0.285
479.40 3.137 0.286
479.45 -2.763 0.287
479.50 -8.463 0.287
479.55 -13.860 0.288
479.60 -18.870 0.288
479.65 -23.488 0.288
479.70 -27.797 0.288
479.75 -31.904 0.288
479.80 -35.878 0.288
479.85 -39.717 0.288
479.90 -43.347 0.288
479.95 -46.667 0.288
480.00 -49.600 0.288
480.05 -52.120 0.288
480.10 -54.249 0.288
480.15 -56.030 0.288
480.20 -57.514 0.288
480.25 -58.747 0.288
480.30 -59.770 0.288
480.35 -60.620 0.288
480.40 -61.323 0.288
480.45 -61.905 0.288
480.50 -62.384 0.288
480.55 -62.779 0.288
480.60 -63.101 0.288
480.65 -63.364 0.288
480.70 -63.575 0.288
480.75 -63.745 0.288
480.80 -63.878 0.288
480.85 -63.981 0.288
480.90 -64.058 0.288
480.95 -64.114 0.287
481.00 -64.152 0.287
481.05 -64.174 0.287
481.10 -64.183 0.287
481.15 -64.181 0.287
481.20 -64.169 0.287
481.25 -64.150 0.287
481.30 -64.124 0.287
481.35 -64.093 0.287
481.40 -64.057 0.287
481.45 -64.017 0.287
481.50 -63.973 0.287
481.55 -63.927 0.287
481.60 -63.878 0.287
481.65 -63.828 0.287
481.70 -63.776 0.287
481.75 -63.722 0.287
481.80 -63.668 0.286
481.85 -63.612 0.286
481.90 -63.556 0.286
481.95 -63.500 0.286
482.00 -63.443 0.286
482.05 -63.385 0.286
482.10 -63.328 0.286
482.15 -63.270 0.286
482.20 -63.212 0.286
482.25 -63.155 0.286
482.30 -63.097 0.286
482.35 -63.039 0.286
482.40 -62.982 0.286
482.45 -62.924 0.286
482.50 -62.867 0.286
482.55 -62.810 0.286
482.60 -62.753 0.286
482.65 -62.697 0.286
482.70 -62.641 0.285
482.75 -62.585 0.285
482.80 -62.529 0.285
482.85 -62.473 0.285
482.90 -62.418 0.285
482.95 -62.363 0.285
483.00 -62.308 0.285
483.05 -62.254 0.285
483.10 -62.200 0.285
483.15 -62.146 0.285
483.20 -62.092 0.285
483.25 -62.039 0.285
483.30 -61.986 0.285
483.35 -61.934 0.285
483.40 -61.881 0.285
483.45 -61.829 0.285
483.50 -61.778 0.285
483.55 -61.726 0.285
483.60 -61.675 0.285
483.65 -61.624 0.284
483.70 -61.573 0.284
483.75 -61.523 0.284
483.80 -61.473 0.284
483.85 -61.424 0.284
483.90 -61.374 0.284
483.95 -61.325 0.284
484.00 -61.276 0.284
484.05 -61.228 0.284
484.10 -61.179 0.284
484.15 -61.131 0.284
484.20 -61.084 0.284
484.25 -61.036 0.284
484.30 -60.989 0.284
484.35 -60.942 0.284
484.40 -60.896 0.284
484.45 -60.849 0.284
484.50 -60.803 0.284
484.55 -60.757 0.284
484.60 -60.712 0.284
484.65 -60.667 0.283
484.70 -60.622 0.283
484.75 -60.577 0.283
484.80 -60.532 0.283
484.85 -60.488 0.283
484.90 -60.444 0.283
484.95 -60.401 0.283
485.00 -60.357 0.283
485.05 -60.314 0.283
485.10 -60.271 0.283
485.15 -60.228 0.283
485.20 -60.186 0.283
485.25 -60.144 0.283
485.30 -60.102 0.283
485.35 -60.060 0.283
485.40 -60.019 0.283
485.45 -59.977 0.283
485.50 -59.936 0.283
485.55 -59.896 0.283
485.60 -59.855 0.283
485.65 -59.815 0.283
485.70 -59.775 0.282
485.75 -59.735 0.282
485.80 -59.695 0.282
485.85 -59.656 0.282
485.90 -59.617 0.282
485.95 -59.578 0.282
486.00 -59.539 0.282
486.05 -59.501 0.282
486.10 -59.463 0.282
486.15 -59.425 0.282
486.20 -59.387 0.282
486.25 -59.350 0.282
486.30 -59.312 0.282
486.35 -59.275 0.282
486.40 -59.238 0.282
486.45 -59.202 0.282
486.50 -59.165 0.282
486.55 -59.129 0.282
486.60 -59.093 0.282
486.65 -59.057 0.282
486.70 -59.021 0.282
486.75 -58.986 0.282
486.80 -58.951 0.282
486.85 -58.916 0.281
486.90 -58.881 0.281
486.95 -58.846 0.281
487.00 -58.812 0.281
487.05 -58.778 0.281
487.10 -58.744 0.281
487.15 -58.710 0.281
487.20 -58.676 0.281
487.25 -58.643 0.281
487.30 -58.610 0.281
487.35 -58.577 0.281
487.40 -58.544 0.281
487.45 -58.511 0.281
487.50 -58.479 0.281
487.55 -58.446 0.281
487.60 -58.414 0.281
487.65 -58.382 0.281
487.70 -58.351 0.281
487.75 -58.319 0.281
487.80 -58.288 0.281
487.85 -58.257 0.281
487.90 -58.226 0.281
487.95 -58.195 0.281
488.00 -58.164 0.281
488.05 -58.134 0.280
488.10 -58.103 0.280
488.15 -58.073 0.280
488.20 -58.043 0.280
488.25 -58.013 0.280
488.30 -57.984 0.280
488.35 -57.954 0.280
488.40 -57.925 0.280
488.45 -57.896 0.280
488.50 -57.867 0.280
488.55 -57.838 0.280
488.60 -57.810 0.280
488.65 -57.781 0.280
488.70 -57.753 0.280
488.75 -57.725 0.280
488.80 -57.697 0.280
488.85 -57.669 0.280
488.90 -57.642 0.280
488.95 -57.614 0.280
489.00 -57.587 0.280
489.05 -57.560 0.280
489.10 -57.533 0.280
489.15 -57.506 0.280
489.20 -57.479 0.280
489.25 -57.452 0.280
489.30 -57.426 0.280
489.35 -57.400 0.279
489.40 -57.374 0.279
489.45 -57.348 0.279
489.50 -57.322 0.279
489.55 -57.296 0.279
489.60 -57.271 0.279
489.65 -57.245 0.279
489.70 -57.220 0.279
489.75 -57.195 0.279
489.80 -57.170 0.279
489.85 -57.145 0.279
489.90 -57.121 0.279
489.95 -57.096 0.279
490.00 -57.072 0.279
490.05 -57.048 0.279
490.10 -57.023 0.279
490.15 -56.999 0.279
490.20 -56.976 0.279
490.25 -56.952 0.279
490.30 -56.928 0.279
490.35 -56.905 0.279
490.40 -56.882 0.279
490.45 -56.858 0.279
490.50 -56.835 0.279
490.55 -56.812 0.279
490.60 -56.790 0.279
490.65 -56.767 0.279
490.70 -56.744 0.278
490.75 -56.722 0.278
490.80 -56.700 0.278
490.85 -56.678 0.278
490.90 -56.656 0.278
490.95 -56.634 0.278
491.00 -56.612 0.278
491.05 -56.590 0.278
491.10 -56.569 0.278
491.15 -56.547 0.278
491.20 -56.526 0.278
491.25 -56.505 0.278
491.30 -56.484 0.278
491.35 -56.463 0.278
491.40 -56.442 0.278
491.45 -56.421 0.278
491.50 -56.401 0.278
491.55 -56.380 0.278
491.60 -56.360 0.278
491.65 -56.339 0.278
491.70 -56.319 0.278
491.75 -56.299 0.278
491.80 -56.279 0.278
491.85 -56.259 0.278
491.90 -56.240 0.278
491.95 -56.220 0.278
492.00 -56.201 0.278
492.05 -56.181 0.278
492.10 -56.162 0.278
492.15 -56.143 0.277
492.20 -56.124 0.277
492.25 -56.105 0.277
492.30 -56.086 0.277
492.35 -56.067 0.277
492.40 -56.049 0.277
492.45 -56.030 0.277
492.50 -56.012 0.277
492.55 -55.993 0.277
492.60 -55.975 0.277
492.65 -55.957 0.277
492.70 -55.939 0.277
492.75 -55.921 0.277
492.80 -55.903 0.277
492.85 -55.885 0.277
492.90 -55.867 0.277
492.95 -55.850 0.277
493.00 -55.832 0.277
493.05 -55.815 0.277
493.10 -55.798 0.277
493.15 -55.781 0.277
493.20 -55.763 0.277
493.25 -55.746 0.277
493.30 -55.730 0.277
493.35 -55.713 0.277
493.40 -55.696 0.277
493.45 -55.679 0.277
493.50 -55.663 0.277
493.55 -55.646 0.277
493.60 -55.630 0.277
493.65 -55.614 0.276
493.70 -55.598 0.276
493.75 -55.581 0.276
493.80 -55.565 0.276
493.85 -55.549 0.276
493.90 -55.534 0.276
493.95 -55.518 0.276
494.00 -55.502 0.276
494.05 -55.487 0.276
494.10 -55.471 0.276
494.15 -55.456 0.276
494.20 -55.440 0.276
494.25 -55.425 0.276
494.30 -55.410 0.276
494.35 -55.395 0.276
494.40 -55.380 0.276
494.45 -55.365 0.276
494.50 -55.350 0.276
494.55 -55.335 0.276
494.60 -55.320 0.276
494.65 -55.306 0.276
494.70 -55.291 0.276
494.75 -55.277 0.276
494.80 -55.262 0.276
494.85 -55.248 0.276
494.90 -55.234 0.276
494.95 -55.219 0.276
495.00 -55.205 0.276
495.05 -55.191 0.276
495.10 -55.177 0.276
495.15 -55.164 0.276
495.20 -55.150 0.275
495.25 -55.136 0.275
495.30 -55.122 0.275
495.35 -55.109 0.275
495.40 -55.095 0.275
495.45 -55.082 0.275
495.50 -55.068 0.275
495.55 -55.055 0.275
495.60 -55.042 0.275
495.65 -55.029 0.275
495.70 -55.015 0.275
495.75 -55.002 0.275
495.80 -54.989 0.275
495.85 -54.977 0.275
495.90 -54.964 0.275
495.95 -54.951 0.275
496.00 -54.938 0.275
496.05 -54.926 0.275
496.10 -54.913 0.275
496.15 -54.900 0.275
496.20 -54.888 0.275
496.25 -54.876 0.275
496.30 -54.863 0.275
496.35 -54.851 0.275
496.40 -54.839 0.275
496.45 -54.827 0.275
496.50 -54.815 0.275
496.55 -54.803 0.275
496.60 -54.791 0.275
496.65 -54.779 0.275
496.70 -54.767 0.275
496.75 -54.755 0.275
496.80 -54.743 0.275
496.85 -54.732 0.274
496.90 -54.720 0.274
496.95 -54.709 0.274
497.00 -54.697 0.274
497.05 -54.686 0.274
497.10 -54.674 0.274
497.15 -54.663 0.274
497.20 -54.652 0.274
497.25 -54.641 0.274
497.30 -54.630 0.274
497.35 -54.619 0.274
497.40 -54.607 0.274
497.45 -54.597 0.274
497.50 -54.586 0.274
497.55 -54.575 0.274
497.60 -54.564 0.274
497.65 -54.553 0.274
497.70 -54.542 0.274
497.75 -54.532 0.274
497.80 -54.521 0.274
497.85 -54.511 0.274
497.90 -54.500 0.274
497.95 -54.490 0.274
498.00 -54.479 0.274
498.05 -54.469 0.274
498.10 -54.459 0.274
498.15 -54.449 0.274
498.20 -54.438 0.274
498.25 -54.428 0.274
498.30 -54.418 0.274
498.35 -54.408 0.274
498.40 -54.398 0.274
498.45 -54.388 0.274
498.50 -54.378 0.274
498.55 -54.368 0.273
498.60 -54.359 0.273
498.65 -54.349 0.273
498.70 -54.339 0.273
498.75 -54.330 0.273
498.80 -54.320 0.273
498.85 -54.310 0.273
498.90 -54.301 0.273
498.95 -54.291 0.273
499.00 -54.282 0.273
499.05 -54.273 0.273
499.10 -54.263 0.273
499.15 -54.254 0.273
499.20 -54.245 0.273
499.25 -54.236 0.273
499.30 -54.226 0.273
499.35 -54.217 0.273
499.40 -54.208 0.273
499.45 -54.199 0.273
499.50 -54.190 0.273
499.55 -54.181 0.273
499.60 -54.172 0.273
499.65 -54.164 0.273
499.70 -54.155 0.273
499.75 -54.146 0.273
499.80 -54.137 0.273
499.85 -54.129 0.273
499.90 -54.120 0.273
499.95 -54.111 0.273
500.00 -54.103 0.273
500.05 -54.094 0.273
500.10 -54.086 0.273
500.15 -54.077 0.273
500.20 -54.069 0.273
500.25 -54.061 0.273
500.30 -54.052 0.273
500.35 -54.044 0.272
500.40 -54.036 0.272
500.45 -54.028 0.272
500.50 -54.019 0.272
500.55 -54.011 0.272
500.60 -54.003 0.272
500.65 -53.995 0.272
500.70 -53.987 0.272
500.75 -53.979 0.272
500.80 -53.971 0.272
500.85 -53.963 0.272
500.90 -53.955 0.272
500.95 -53.948 0.272
501.00 -53.940 0.272
501.05 -53.932 0.272
501.10 -53.924 0.272
501.15 -53.917 0.272
501.20 -53.909 0.272
501.25 -53.901 0.272
501.30 -53.894 0.272
501.35 -53.886 0.272
501.40 -53.879 0.272
501.45 -53.871 0.272
501.50 -53.864 0.272
501.55 -53.856 0.272
501.60 -53.849 0.272
501.65 -53.841 0.272
501.70 -53.834 0.272
501.75 -53.827 0.272
501.80 -53.820 0.272
501.85 -53.812 0.272
501.90 -53.805 0.272
501.95 -53.798 0.272
502.00 -53.791 0.272
502.05 -53.784 0.272
502.10 -53.777 0.272
502.15 -53.770 0.271
502.20 -53.763 0.271
502.25 -53.756 0.271
502.30 -53.749 0.271
502.35 -53.742 0.271
502.40 -53.735 0.271
502.45 -53.728 0.271
502.50 -53.721 0.271
502.55 -53.715 0.271
502.60 -53.708 0.271
502.65 -53.701 0.271
502.70 -53.694 0.271
502.75 -53.688 0.271
502.80 -53.681 0.271
502.85 -53.675 0.271
502.90 -53.668 0.271
502.95 -53.661 0.271
503.00 -53.655 0.271
503.05 -53.648 0.271
503.10 -53.642 0.271
503.15 -53.635 0.271
503.20 -53.629 0.271
503.25 -53.623 0.271
503.30 -53.616 0.271
503.35 -53.610 0.271
503.40 -53.604 0.271
503.45 -53.597 0.271
503.50 -53.591 0.271
503.55 -53.585 0.271
503.60 -53.579 0.271
503.65 -53.573 0.271
503.70 -53.566 0.271
503.75 -53.560 0.271
503.80 -53.554 0.271
503.85 -53.548 0.271
503.90 -53.542 0.271
503.95 -53.536 0.271
504.00 -53.530 0.271
504.05 -53.524 0.270
504.10 -53.518 0.270
504.15 -53.512 0.270
504.20 -53.507 0.270
504.25 -53.501 0.270
504.30 -53.495 0.270
504.35 -53.489 0.270
504.40 -53.483 0.270
504.45 -53.477 0.270
504.50 -53.472 0.270
504.55 -53.466 0.270
504.60 -53.460 0.270
504.65 -53.455 0.270
504.70 -53.449 0.270
504.75 -53.443 0.270
504.80 -53.438 0.270
504.85 -53.432 0.270
504.90 -53.427 0.270
504.95 -53.421 0.270
505.00 -53.416 0.270
505.05 -53.410 0.270
505.10 -53.405 0.270
505.15 -53.399 0.270
505.20 -53.394 0.270
505.25 -53.388 0.270
505.30 -53.383 0.270
505.35 -53.378 0.270
505.40 -53.372 0.270
505.45 -53.367 0.270
505.50 -53.362 0.270
505.55 -53.357 0.270
505.60 -53.351 0.270
505.65 -53.346 0.270
505.70 -53.341 0.270
505.75 -53.336 0.270
505.80 -53.331 0.270
505.85 -53.325 0.270
505.90 -53.320 0.270
505.95 -53.315 0.270
506.00 -53.310 0.270
506.05 -53.305 0.269
506.10 -53.300 0.269
506.15 -53.295 0.269
506.20 -53.290 0.269
506.25 -53.285 0.269
506.30 -53.280 0.269
506.35 -53.275 0.269
506.40 -53.270 0.269
506.45 -53.265 0.269
506.50 -53.260 0.269
506.55 -53.256 0.269
506.60 -53.251 0.269
506.65 -53.246 0.269
506.70 -53.241 0.269
506.75 -53.236 0.269
506.80 -53.232 0.269
506.85 -53.227 0.269
506.90 -53.222 0.269
506.95 -53.217 0.269
507.00 -53.213 0.269
507.05 -53.208 0.269
507.10 -53.203 0.269
507.15 -53.199 0.269
507.20 -53.194 0.269
507.25 -53.189 0.269
507.30 -53.185 0.269
507.35 -53.180 0.269
507.40 -53.176 0.269
507.45 -53.171 0.269
507.50 -53.167 0.269
507.55 -53.162 0.269
507.60 -53.158 0.269
507.65 -53.153 0.269
507.70 -53.149 0.269
507.75 -53.144 0.269
507.80 -53.140 0.269
507.85 -53.136 0.269
507.90 -53.131 0.269
507.95 -53.127 0.269
508.00 -53.123 0.269
508.05 -53.118 0.268
508.10 -53.114 0.268
508.15 -53.110 0.268
508.20 -53.105 0.268
508.25 -53.101 0.268
508.30 -53.097 0.268
508.35 -53.093 0.268
508.40 -53.088 0.268
508.45 -53.084 0.268
508.50 -53.080 0.268
508.55 -53.076 0.268
508.60 -53.072 0.268
508.65 -53.067 0.268
508.70 -53.063 0.268
508.75 -53.059 0.268
508.80 -53.055 0.268
508.85 -53.051 0.268
508.90 -53.047 0.268
508.95 -53.043 0.268
509.00 -53.039 0.268
509.05 -53.035 0.268
509.10 -53.031 0.268
509.15 -53.027 0.268
509.20 -53.023 0.268
509.25 -53.019 0.268
509.30 -53.015 0.268
509.35 -53.011 0.268
509.40 -53.007 0.268
509.45 -53.003 0.268
509.50 -52.999 0.268
509.55 -52.995 0.268
509.60 -52.992 0.268
509.65 -52.988 0.268
509.70 -52.984 0.268
509.75 -52.980 0.268
509.80 -52.976 0.268
509.85 -52.972 0.268
509.90 -52.969 0.268
509.95 -52.965 0.268
510.00 -52.961 0.268
510.05 -52.957 0.268
510.10 -52.954 0.268
510.15 -52.950 0.267
510.20 -52.946 0.267
510.25 -52.943 0.267
510.30 -52.939 0.267
510.35 -52.935 0.267
510.40 -52.932 0.267
510.45 -52.928 0.267
510.50 -52.924 0.267
510.55 -52.921 0.267
510.60 -52.917 0.267
510.65 -52.913 0.267
510.70 -52.910 0.267
510.75 -52.906 0.267
510.80 -52.903 0.267
510.85 -52.899 0.267
510.90 -52.896 0.267
510.95 -52.892 0.267
511.00 -52.889 0.267
511.05 -52.885 0.267
511.10 -52.882 0.267
511.15 -52.878 0.267
511.20 -52.875 0.267
511.25 -52.871 0.267
511.30 -52.868 0.267
511.35 -52.864 0.267
511.40 -52.861 0.267
511.45 -52.858 0.267
511.50 -52.854 0.267
511.55 -52.851 0.267
511.60 -52.847 0.267
511.65 -52.844 0.267
511.70 -52.841 0.267
511.75 -52.837 0.267
511.80 -52.834 0.267
511.85 -52.831 0.267
511.90 -52.828 0.267
511.95 -52.824 0.267
512.00 -52.821 0.267
512.05 -52.818 0.267
512.10 -52.814 0.267
512.15 -52.811 0.267
512.20 -52.808 0.267
512.25 -52.805 0.266
512.30 -52.801 0.266
512.35 -52.798 0.266
512.40 -52.795 0.266
512.45 -52.792 0.266
512.50 -52.789 0.266
512.55 -52.786 0.266
512.60 -52.782 0.266
512.65 -52.779 0.266
512.70 -52.776 0.266
512.75 -52.773 0.266
512.80 -52.770 0.266
512.85 -52.767 0.266
512.90 -52.764 0.266
512.95 -52.761 0.266
513.00 -52.758 0.266
513.05 -52.754 0.266
513.10 -52.751 0.266
513.15 -52.748 0.266
513.20 -52.745 0.266
513.25 -52.742 0.266
513.30 -52.739 0.266
513.35 -52.736 0.266
513.40 -52.733 0.266
513.45 -52.730 0.266
513.50 -52.727 0.266
513.55 -52.724 0.266
513.60 -52.721 0.266
513.65 -52.718 0.266
513.70 -52.715 0.266
513.75 -52.713 0.266
513.80 -52.710 0.266
513.85 -52.707 0.266
513.90 -52.704 0.266
513.95 -52.701 0.266
514.00 -52.698 0.266
514.05 -52.695 0.266
514.10 -52.692 0.266
514.15 -52.689 0.266
514.20 -52.687 0.266
514.25 -52.684 0.266
514.30 -52.681 0.266
514.35 -52.678 0.266
514.40 -52.675 0.266
514.45 -52.672 0.265
514.50 -52.670 0.265
514.55 -52.667 0.265
514.60 -52.664 0.265
514.65 -52.661 0.265
514.70 -52.658 0.265
514.75 -52.656 0.265
514.80 -52.653 0.265
514.85 -52.650 0.265
514.90 -52.647 0.265
514.95 -52.645 0.265
515.00 -52.642 0.265
515.05 -52.639 0.265
515.10 -52.637 0.265
515.15 -52.634 0.265
515.20 -52.631 0.265
515.25 -52.629 0.265
515.30 -52.626 0.265
515.35 -52.623 0.265
515.40 -52.621 0.265
515.45 -52.618 0.265
515.50 -52.615 0.265
515.55 -52.613 0.265
515.60 -52.610 0.265
515.65 -52.607 0.265
515.70 -52.605 0.265
515.75 -52.602 0.265
515.80 -52.600 0.265
515.85 -52.597 0.265
515.90 -52.594 0.265
515.95 -52.592 0.265
516.00 -52.589 0.265
516.05 -52.587 0.265
516.10 -52.584 0.265
516.15 -52.582 0.265
516.20 -52.579 0.265
516.25 -52.576 0.265
516.30 -52.574 0.265
516.35 -52.571 0.265
516.40 -52.569 0.265
516.45 -52.566 0.265
516.50 -52.564 0.265
516.55 -52.561 0.265
516.60 -52.559 0.265
516.65 -52.556 0.265
516.70 -52.554 0.264
516.75 -52.552 0.264
516.80 -52.549 0.264
516.85 -52.547 0.264
516.90 -52.544 0.264
516.95 -52.542 0.264
517.00 -52.539 0.264
517.05 -52.537 0.264
517.10 -52.534 0.264
517.15 -52.532 0.264
517.20 -52.530 0.264
517.25 -52.527 0.264
517.30 -52.525 0.264
517.35 -52.522 0.264
517.40 -52.520 0.264
517.45 -52.518 0.264
517.50 -52.515 0.264
517.55 -52.513 0.264
517.60 -52.511 0.264
517.65 -52.508 0.264
517.70 -52.506 0.264
517.75 -52.504 0.264
517.80 -52.501 0.264
517.85 -52.499 0.264
517.90 -52.497 0.264
517.95 -52.494 0.264
518.00 -52.492 0.264
518.05 -52.490 0.264
518.10 -52.487 0.264
518.15 -52.485 0.264
518.20 -52.483 0.264
518.25 -52.481 0.264
518.30 -52.478 0.264
518.35 -52.476 0.264
518.40 -52.474 0.264
518.45 -52.472 0.264
518.50 -52.469 0.264
518.55 -52.467 0.264
518.60 -52.465 0.264
518.65 -52.463 0.264
518.70 -52.460 0.264
518.75 -52.458 0.264
518.80 -52.456 0.264
518.85 -52.454 0.264
518.90 -52.452 0.264
518.95 -52.449 0.263
519.00 -52.447 0.263
519.05 -52.445 0.263
519.10 -52.443 0.263
519.15 -52.441 0.263
519.20 -52.438 0.263
519.25 -52.436 0.263
519.30 -52.434 0.263
519.35 -52.432 0.263
519.40 -52.430 0.263
519.45 -52.428 0.263
519.50 -52.426 0.263
519.55 -52.423 0.263
519.60 -52.421 0.263
519.65 -52.419 0.263
519.70 -52.417 0.263
519.75 -52.415 0.263
519.80 -52.413 0.263
519.85 -52.411 0.263
519.90 -52.409 0.263
519.95 -52.407 0.263
520.00 -52.405 0.263
520.05 -52.402 0.263
520.10 -52.400 0.263
520.15 -52.398 0.263
520.20 -52.396 0.263
520.25 -52.394 0.263
520.30 -52.392 0.263
520.35 -52.390 0.263
520.40 -52.388 0.263
520.45 -52.386 0.263
520.50 -52.384 0.263
520.55 -52.382 0.263
520.60 -52.380 0.263
520.65 -52.378 0.263
520.70 -52.376 0.263
520.75 -52.374 0.263
520.80 -52.372 0.263
520.85 -52.370 0.263
520.90 -52.368 0.263
520.95 -52.366 0.263
521.00 -52.364 0.263
521.05 -52.362 0.263
521.10 -52.360 0.263
521.15 -52.358 0.263
521.20 -52.356 0.263
521.25 -52.354 0.263
521.30 -52.352 0.262
521.35 -52.350 0.262
521.40 -52.348 0.262
521.45 -52.346 0.262
521.50 -52.344 0.262
521.55 -52.342 0.262
521.60 -52.340 0.262
521.65 -52.338 0.262
521.70 -52.336 0.262
521.75 -52.335 0.262
521.80 -52.333 0.262
521.85 -52.331 0.262
521.90 -52.329 0.262
521.95 -52.327 0.262
522.00 -52.325 0.262
522.05 -52.323 0.262
522.10 -52.321 0.262
522.15 -52.319 0.262
522.20 -52.317 0.262
522.25 -52.316 0.262
522.30 -52.314 0.262
522.35 -52.312 0.262
522.40 -52.310 0.262
522.45 -52.308 0.262
522.50 -52.306 0.262
522.55 -52.304 0.262
522.60 -52.302 0.262
522.65 -52.301 0.262
522.70 -52.299 0.262
522.75 -52.297 0.262
522.80 -52.295 0.262
522.85 -52.293 0.262
522.90 -52.291 0.262
522.95 -52.290 0.262
523.00 -52.288 0.262
523.05 -52.286 0.262
523.10 -52.284 0.262
523.15 -52.282 0.262
523.20 -52.281 0.262
523.25 -52.279 0.262
523.30 -52.277 0.262
523.35 -52.275 0.262
523.40 -52.273 0.262
523.45 -52.272 0.262
523.50 -52.270 0.262
523.55 -52.268 0.262
523.60 -52.266 0.262
523.65 -52.264 0.262
523.70 -52.263 0.261
523.75 -52.261 0.261
523.80 -52.259 0.261
523.85 -52.257 0.261
523.90 -52.256 0.261
523.95 -52.254 0.261
524.00 -52.252 0.261
524.05 -52.250 0.261
524.10 -52.249 0.261
524.15 -52.247 0.261
524.20 -52.245 0.261
524.25 -52.243 0.261
524.30 -52.242 0.261
524.35 -52.240 0.261
524.40 -52.238 0.261
524.45 -52.236 0.261
524.50 -52.235 0.261
524.55 -52.233 0.261
524.60 -52.231 0.261
524.65 -52.230 0.261
524.70 -52.228 0.261
524.75 -52.226 0.261
524.80 -52.225 0.261
524.85 -52.223 0.261
524.90 -52.221 0.261
524.95 -52.219 0.261
525.00 -52.218 0.261
525.05 -52.216 0.261
525.10 -52.214 0.261
525.15 -52.213 0.261
525.20 -52.211 0.261
525.25 -52.209 0.261
525.30 -52.208 0.261
525.35 -52.206 0.261
525.40 -52.204 0.261
525.45 -52.203 0.261
525.50 -52.201 0.261
525.55 -52.199 0.261
525.60 -52.198 0.261
525.65 -52.196 0.261
525.70 -52.195 0.261
525.75 -52.193 0.261
525.80 -52.191 0.261
525.85 -52.190 0.261
525.90 -52.188 0.261
525.95 -52.186 0.261
526.00 -52.185 0.261
526.05 -52.183 0.261
526.10 -52.182 0.260
526.15 -52.180 0.260
526.20 -52.178 0.260
526.25 -52.177 0.260
526.30 -52.175 0.260
526.35 -52.173 0.260
526.40 -52.172 0.260
526.45 -52.170 0.260
526.50 -52.169 0.260
526.55 -52.167 0.260
526.60 -52.166 0.260
526.65 -52.164 0.260
526.70 -52.162 0.260
526.75 -52.161 0.260
526.80 -52.159 0.260
526.85 -52.158 0.260
526.90 -52.156 0.260
526.95 -52.154 0.260
527.00 -52.153 0.260
527.05 -52.151 0.260
527.10 -52.150 0.260
527.15 -52.148 0.260
527.20 -52.147 0.260
527.25 -52.145 0.260
527.30 -52.144 0.260
527.35 -52.142 0.260
527.40 -52.140 0.260
527.45 -52.139 0.260
527.50 -52.137 0.260
527.55 -52.136 0.260
527.60 -52.134 0.260
527.65 -52.133 0.260
527.70 -52.131 0.260
527.75 -52.130 0.260
527.80 -52.128 0.260
527.85 -52.127 0.260
527.90 -52.125 0.260
527.95 -52.124 0.260
528.00 -52.122 0.260
528.05 -52.121 0.260
528.10 -52.119 0.260
528.15 -52.118 0.260
528.20 -52.116 0.260
528.25 -52.115 0.260
528.30 -52.113 0.260
528.35 -52.112 0.260
528.40 -52.110 0.260
528.45 -52.109 0.260
528.50 -52.107 0.260
528.55 -52.106 0.260
528.60 -52.104 0.259
528.65 -52.103 0.259
528.70 -52.101 0.259
528.75 -52.100 0.259
528.80 -52.098 0.259
528.85 -52.097 0.259
528.90 -52.095 0.259
528.95 -52.094 0.259
529.00 -52.092 0.259
529.05 -52.091 0.259
529.10 -52.089 0.259
529.15 -52.088 0.259
529.20 -52.086 0.259
529.25 -52.085 0.259
529.30 -52.084 0.259
529.35 -52.082 0.259
529.40 -52.081 0.259
529.45 -52.079 0.259
529.50 -52.078 0.259
529.55 -52.076 0.259
529.60 -52.075 0.259
529.65 -52.073 0.259
529.70 -52.072 0.259
529.75 -52.071 0.259
529.80 -52.069 0.259
529.85 -52.068 0.259
529.90 -52.066 0.259
529.95 -52.065 0.259
530.00 -52.063 0.259
530.05 -52.062 0.259
530.10 -52.061 0.259
530.15 -52.059 0.259
530.20 -52.058 0.259
530.25 -52.056 0.259
530.30 -52.055 0.259
530.35 -52.053 0.259
530.40 -52.052 0.259
530.45 -52.051 0.259
530.50 -52.049 0.259
530.55 -52.048 0.259
530.60 -52.046 0.259
530.65 -52.045 0.259
530.70 -52.044 0.259
530.75 -52.042 0.259
530.80 -52.041 0.259
530.85 -52.039 0.259
530.90 -52.038 0.259
530.95 -52.037 0.259
531.00 -52.035 0.259
531.05 -52.034 0.259
531.10 -52.033 0.258
531.15 -52.031 0.258
531.20 -52.030 0.258
531.25 -52.028 0.258
531.30 -52.027 0.258
531.35 -52.026 0.258
531.40 -52.024 0.258
531.45 -52.023 0.258
531.50 -52.022 0.258
531.55 -52.020 0.258
531.60 -52.019 0.258
531.65 -52.017 0.258
531.70 -52.016 0.258
531.75 -52.015 0.258
531.80 -52.013 0.258
531.85 -52.012 0.258
531.90 -52.011 0.258
531.95 -52.009 0.258
532.00 -52.008 0.258
532.05 -52.007 0.258
532.10 -52.005 0.258
532.15 -52.004 0.258
532.20 -52.003 0.258
532.25 -52.001 0.258
532.30 -52.000 0.258
532.35 -51.999 0.258
532.40 -51.997 0.258
532.45 -51.996 0.258
532.50 -51.995 0.258
532.55 -51.993 0.258
532.60 -51.992 0.258
532.65 -51.991 0.258
532.70 -51.989 0.258
532.75 -51.988 0.258
532.80 -51.987 0.258
532.85 -51.985 0.258
532.90 -51.984 0.258
532.95 -51.983 0.258
533.00 -51.981 0.258
533.05 -51.980 0.258
533.10 -51.979 0.258
533.15 -51.977 0.258
533.20 -51.976 0.258
533.25 -51.975 0.258
533.30 -51.973 0.258
533.35 -51.972 0.258
533.40 -51.971 0.258
533.45 -51.970 0.258
533.50 -51.968 0.258
533.55 -51.967 0.258
533.60 -51.966 0.258
533.65 -51.964 0.258
533.70 -51.963 0.257
533.75 -51.962 0.257
533.80 -51.960 0.257
533.85 -51.959 0.257
533.90 -51.958 0.257
533.95 -51.957 0.257
534.00 -51.955 0.257
534.05 -51.954 0.257
534.10 -51.953 0.257
534.15 -51.951 0.257
534.20 -51.950 0.257
534.25 -51.949 0.257
534.30 -51.948 0.257
534.35 -51.946 0.257
534.40 -51.945 0.257
534.45 -51.944 0.257
534.50 -51.943 0.257
534.55 -51.941 0.257
534.60 -51.940 0.257
534.65 -51.939 0.257
534.70 -51.937 0.257
534.75 -51.936 0.257
534.80 -51.935 0.257
534.85 -51.934 0.257
534.90 -51.932 0.257
534.95 -51.931 0.257
535.00 -51.930 0.257
535.05 -51.929 0.257
535.10 -51.927 0.257
535.15 -51.926 0.257
535.20 -51.925 0.257
535.25 -51.924 0.257
535.30 -51.922 0.257
535.35 -51.921 0.257
535.40 -51.920 0.257
535.45 -51.919 0.257
535.50 -51.917 0.257
535.55 -51.916 0.257
535.60 -51.915 0.257
535.65 -51.914 0.257
535.70 -51.912 0.257
535.75 -51.911 0.257
535.80 -51.910 0.257
535.85 -51.909 0.257
535.90 -51.907 0.257
535.95 -51.906 0.257
536.00 -51.905 0.257
536.05 -51.904 0.257
536.10 -51.903 0.257
536.15 -51.901 0.257
536.20 -51.900 0.257
536.25 -51.899 0.257
536.30 -51.898 0.256
536.35 -51.896 0.256
536.40 -51.895 0.256
536.45 -51.894 0.256
536.50 -51.893 0.256
536.55 -51.892 0.256
536.60 -51.890 0.256
536.65 -51.889 0.256
536.70 -51.888 0.256
536.75 -51.887 0.256
536.80 -51.885 0.256
536.85 -51.884 0.256
536.90 -51.883 0.256
536.95 -51.882 0.256
537.00 -51.881 0.256
537.05 -51.879 0.256
537.10 -51.878 0.256
537.15 -51.877 0.256
537.20 -51.876 0.256
537.25 -51.875 0.256
537.30 -51.873 0.256
537.35 -51.872 0.256
537.40 -51.871 0.256
537.45 -51.870 0.256
537.50 -51.869 0.256
537.55 -51.867 0.256
537.60 -51.866 0.256
537.65 -51.865 0.256
537.70 -51.864 0.256
537.75 -51.863 0.256
537.80 -51.861 0.256
537.85 -51.860 0.256
537.90 -51.859 0.256
537.95 -51.858 0.256
538.00 -51.857 0.256
538.05 -51.855 0.256
538.10 -51.854 0.256
538.15 -51.853 0.256
538.20 -51.852 0.256
538.25 -51.851 0.256
538.30 -51.850 0.256
538.35 -51.848 0.256
538.40 -51.847 0.256
538.45 -51.846 0.256
538.50 -51.845 0.256
538.55 -51.844 0.256
538.60 -51.843 0.256
538.65 -51.841 0.256
538.70 -51.840 0.256
538.75 -51.839 0.256
538.80 -51.838 0.256
538.85 -51.837 0.256
538.90 -51.835 0.256
538.95 -51.834 0.256
539.00 -51.833 0.255
539.05 -51.832 0.255
539.10 -51.831 0.255
539.15 -51.830 0.255
539.20 -51.828 0.255
539.25 -51.827 0.255
539.30 -51.826 0.255
539.35 -51.825 0.255
539.40 -51.824 0.255
539.45 -51.823 0.255
539.50 -51.822 0.255
539.55 -51.820 0.255
539.60 -51.819 0.255
539.65 -51.818 0.255
539.70 -51.817 0.255
539.75 -51.816 0.255
539.80 -51.815 0.255
539.85 -51.813 0.255
539.90 -51.812 0.255
539.95 -51.811 0.255
540.00 -51.810 0.255
540.05 -51.809 0.255
540.10 -51.808 0.255
540.15 -51.807 0.255
540.20 -51.805 0.255
540.25 -51.804 0.255
540.30 -51.803 0.255
540.35 -51.802 0.255
540.40 -51.801 0.255
540.45 -51.800 0.255
540.50 -51.799 0.255
540.55 -51.797 0.255
540.60 -51.796 0.255
540.65 -51.795 0.255
540.70 -51.794 0.255
540.75 -51.793 0.255
540.80 -51.792 0.255
540.85 -51.791 0.255
540.90 -51.789 0.255
540.95 -51.788 0.255
541.00 -51.787 0.255
541.05 -51.786 0.255
541.10 -51.785 0.255
541.15 -51.784 0.255
541.20 -51.783 0.255
541.25 -51.782 0.255
541.30 -51.780 0.255
541.35 -51.779 0.255
541.40 -51.778 0.255
541.45 -51.777 0.255
541.50 -51.776 0.255
541.55 -51.775 0.255
541.60 -51.774 0.255
541.65 -51.773 0.255
541.70 -51.771 0.255
541.75 -51.770 0.254
541.80 -51.769 0.254
541.85 -51.768 0.254
541.90 -51.767 0.254
541.95 -51.766 0.254
542.00 -51.765 0.254
542.05 -51.764 0.254
542.10 -51.762 0.254
542.15 -51.761 0.254
542.20 -51.760 0.254
542.25 -51.759 0.254
542.30 -51.758 0.254
542.35 -51.757 0.254
542.40 -51.756 0.254
542.45 -51.755 0.254
542.50 -51.754 0.254
542.55 -51.752 0.254
542.60 -51.751 0.254
542.65 -51.750 0.254
542.70 -51.749 0.254
542.75 -51.748 0.254
542.80 -51.747 0.254
542.85 -51.746 0.254
542.90 -51.745 0.254
542.95 -51.744 0.254
543.00 -51.742 0.254
543.05 -51.741 0.254
543.10 -51.740 0.254
543.15 -51.739 0.254
543.20 -51.738 0.254
543.25 -51.737 0.254
543.30 -51.736 0.254
543.35 -51.735 0.254
543.40 -51.734 0.254
543.45 -51.733 0.254
543.50 -51.731 0.254
543.55 -51.730 0.254
543.60 -51.729 0.254
543.65 -51.728 0.254
543.70 -51.727 0.254
543.75 -51.726 0.254
543.80 -51.725 0.254
543.85 -51.724 0.254
543.90 -51.723 0.254
543.95 -51.722 0.254
544.00 -51.721 0.254
544.05 -51.719 0.254
544.10 -51.718 0.254
544.15 -51.717 0.254
544.20 -51.716 0.254
544.25 -51.715 0.254
544.30 -51.714 0.254
544.35 -51.713 0.254
544.40 -51.712 0.254
544.45 -51.711 0.254
544.50 -51.710 0.253
544.55 -51.709 0.253
544.60 -51.707 0.253
544.65 -51.706 0.253
544.70 -51.705 0.253
544.75 -51.704 0.253
544.80 -51.703 0.253
544.85 -51.702 0.253
544.90 -51.701 0.253
544.95 -51.700 0.253
545.00 -51.699 0.253
545.05 -51.698 0.253
545.10 -51.697 0.253
545.15 -51.696 0.253
545.20 -51.694 0.253
545.25 -51.693 0.253
545.30 -51.692 0.253
545.35 -51.691 0.253
545.40 -51.690 0.253
545.45 -51.689 0.253
545.50 -51.688 0.253
545.55 -51.687 0.253
545.60 -51.686 0.253
545.65 -51.685 0.253
545.70 -51.684 0.253
545.75 -51.683 0.253
545.80 -51.682 0.253
545.85 -51.681 0.253
545.90 -51.679 0.253
545.95 -51.678 0.253
546.00 -51.677 0.253
546.05 -51.676 0.253
546.10 -51.675 0.253
546.15 -51.674 0.253
546.20 -51.673 0.253
546.25 -51.672 0.253
546.30 -51.671 0.253
546.35 -51.670 0.253
546.40 -51.669 0.253
546.45 -51.668 0.253
546.50 -51.667 0.253
546.55 -51.666 0.253
546.60 -51.665 0.253
546.65 -51.663 0.253
546.70 -51.662 0.253
546.75 -51.661 0.253
546.80 -51.660 0.253
546.85 -51.659 0.253
546.90 -51.658 0.253
546.95 -51.657 0.253
547.00 -51.656 0.253
547.05 -51.655 0.253
547.10 -51.654 0.253
547.15 -51.653 0.253
547.20 -51.652 0.253
547.25 -51.651 0.253
547.30 -51.650 0.253
547.35 -51.649 0.252
547.40 -51.648 0.252
547.45 -51.646 0.252
547.50 -51.645 0.252
547.55 -51.644 0.252
547.60 -51.643 0.252
547.65 -51.642 0.252
547.70 -51.641 0.252
547.75 -51.640 0.252
547.80 -51.639 0.252
547.85 -51.638 0.252
547.90 -51.637 0.252
547.95 -51.636 0.252
548.00 -51.635 0.252
548.05 -51.634 0.252
548.10 -51.633 0.252
548.15 -51.632 0.252
548.20 -51.631 0.252
548.25 -51.630 0.252
548.30 -51.629 0.252
548.35 -51.628 0.252
548.40 -51.626 0.252
548.45 -51.625 0.252
548.50 -51.624 0.252
548.55 -51.623 0.252
548.60 -51.622 0.252
548.65 -51.621 0.252
548.70 -51.620 0.252
548.75 -51.619 0.252
548.80 -51.618 0.252
548.85 -51.617 0.252
548.90 -51.616 0.252
548.95 -51.615 0.252
549.00 -51.614 0.252
549.05 -51.613 0.252
549.10 -51.612 0.252
549.15 -51.611 0.252
549.20 -51.610 0.252
549.25 -51.609 0.252
549.30 -51.608 0.252
549.35 -51.607 0.252
549.40 -51.606 0.252
549.45 -51.604 0.252
549.50 -51.603 0.252
549.55 -51.602 0.252
549.60 -51.601 0.252
549.65 -51.600 0.252
549.70 -51.599 0.252
549.75 -51.598 0.252
549.80 -51.597 0.252
549.85 -51.596 0.252
549.90 -51.595 0.252
549.95 -51.594 0.252
550.00 -51.593 0.252
550.05 -51.592 0.252
550.10 -51.591 0.252
550.15 -51.590 0.252
550.20 -51.589 0.252
550.25 -51.588 0.251
550.30 -51.587 0.251
550.35 -51.586 0.251
550.40 -51.585 0.251
550.45 -51.584 0.251
550.50 -51.583 0.251
550.55 -51.582 0.251
550.60 -51.581 0.251
550.65 -51.580 0.251
550.70 -51.579 0.251
550.75 -51.577 0.251
550.80 -51.576 0.251
550.85 -51.575 0.251
550.90 -51.574 0.251
550.95 -51.573 0.251
551.00 -51.572 0.251
551.05 -51.571 0.251
551.10 -51.570 0.251
551.15 -51.569 0.251
551.20 -51.568 0.251
551.25 -51.567 0.251
551.30 -51.566 0.251
551.35 -51.565 0.251
551.40 -51.564 0.251
551.45 -51.563 0.251
551.50 -51.562 0.251
551.55 -51.561 0.251
551.60 -51.560 0.251
551.65 -51.559 0.251
551.70 -51.558 0.251
551.75 -51.557 0.251
551.80 -51.556 0.251
551.85 -51.555 0.251
551.90 -51.554 0.251
551.95 -51.553 0.251
552.00 -51.552 0.251
552.05 -51.551 0.251
552.10 -51.550 0.251
552.15 -51.549 0.251
552.20 -51.548 0.251
552.25 -51.547 0.251
552.30 -51.546 0.251
552.35 -51.545 0.251
552.40 -51.543 0.251
552.45 -51.542 0.251
552.50 -51.541 0.251
552.55 -51.540 0.251
552.60 -51.539 0.251
552.65 -51.538 0.251
552.70 -51.537 0.251
552.75 -51.536 0.251
552.80 -51.535 0.251
552.85 -51.534 0.251
552.90 -51.533 0.251
552.95 -51.532 0.251
553.00 -51.531 0.251
553.05 -51.530 0.251
553.10 -51.529 0.251
553.15 -51.528 0.251
553.20 -51.527 0.250
553.25 -51.526 0.250
553.30 -51.525 0.250
553.35 -51.524 0.250
553.40 -51.523 0.250
553.45 -51.522 0.250
553.50 -51.521 0.250
553.55 -51.520 0.250
553.60 -51.519 0.250
553.65 -51.518 0.250
553.70 -51.517 0.250
553.75 -51.516 0.250
553.80 -51.515 0.250
553.85 -51.514 0.250
553.90 -51.513 0.250
553.95 -51.512 0.250
554.00 -51.511 0.250
554.05 -51.510 0.250
554.10 -51.509 0.250
554.15 -51.508 0.250
554.20 -51.507 0.250
554.25 -51.506 0.250
554.30 -51.505 0.250
554.35 -51.504 0.250
554.40 -51.503 0.250
554.45 -51.502 0.250
554.50 -51.501 0.250
554.55 -51.499 0.250
554.60 -51.498 0.250
554.65 -51.497 0.250
554.70 -51.496 0.250
554.75 -51.495 0.250
554.80 -51.494 0.250
554.85 -51.493 0.250
554.90 -51.492 0.250
554.95 -51.491 0.250
555.00 -51.490 0.250
555.05 -51.489 0.250
555.10 -51.488 0.250
555.15 -51.487 0.250
555.20 -51.486 0.250
555.25 -51.485 0.250
555.30 -51.484 0.250
555.35 -51.483 0.250
555.40 -51.482 0.250
555.45 -51.481 0.250
555.50 -51.480 0.250
555.55 -51.479 0.250
555.60 -51.478 0.250
555.65 -51.477 0.250
555.70 -51.476 0.250
555.75 -51.475 0.250
555.80 -51.474 0.250
555.85 -51.473 0.250
555.90 -51.472 0.250
555.95 -51.471 0.250
556.00 -51.470 0.250
556.05 -51.469 0.250
556.10 -51.468 0.250
556.15 -51.467 0.250
556.20 -51.466 0.249
556.25 -51.465 0.249
556.30 -51.464 0.249
556.35 -51.463 0.249
556.40 -51.462 0.249
556.45 -51.461 0.249
556.50 -51.460 0.249
556.55 -51.459 0.249
556.60 -51.458 0.249
556.65 -51.457 0.249
556.70 -51.456 0.249
556.75 -51.455 0.249
556.80 -51.454 0.249
556.85 -51.453 0.249
556.90 -51.452 0.249
556.95 -51.451 0.249
557.00 -51.450 0.249
557.05 -51.449 0.249
557.10 -51.448 0.249
557.15 -51.447 0.249
557.20 -51.446 0.249
557.25 -51.445 0.249
557.30 -51.444 0.249
557.35 -51.443 0.249
557.40 -51.442 0.249
557.45 -51.441 0.249
557.50 -51.439 0.249
557.55 -51.438 0.249
557.60 -51.437 0.249
557.65 -51.436 0.249
557.70 -51.435 0.249
557.75 -51.434 0.249
557.80 -51.433 0.249
557.85 -51.432 0.249
557.90 -51.431 0.249
557.95 -51.430 0.249
558.00 -51.429 0.249
558.05 -51.428 0.249
558.10 -51.427 0.249
558.15 -51.426 0.249
558.20 -51.425 0.249
558.25 -51.424 0.249
558.30 -51.423 0.249
558.35 -51.422 0.249
558.40 -51.421 0.249
558.45 -51.420 0.249
558.50 -51.419 0.249
558.55 -51.418 0.249
558.60 -51.417 0.249
558.65 -51.416 0.249
558.70 -51.415 0.249
558.75 -51.414 0.249
558.80 -51.413 0.249
558.85 -51.412 0.249
558.90 -51.411 0.249
558.95 -51.410 0.249
559.00 -51.409 0.249
559.05 -51.408 0.249
559.10 -51.407 0.249
559.15 -51.406 0.249
559.20 -51.405 0.249
559.25 -51.404 0.249
559.30 -51.403 0.248
559.35 -51.402 0.248
559.40 -51.401 0.248
559.45 -51.400 0.248
559.50 -51.399 0.248
559.55 -51.398 0.248
559.60 -51.397 0.248
559.65 -51.396 0.248
559.70 -51.395 0.248
559.75 -51.394 0.248
559.80 -51.393 0.248
559.85 -51.392 0.248
559.90 -51.391 0.248
559.95 -51.390 0.248
560.00 -51.389 0.248
560.05 -51.388 0.248
560.10 -51.387 0.248
560.15 -51.386 0.248
560.20 -51.385 0.248
560.25 -51.384 0.248
560.30 -51.383 0.248
560.35 -51.382 0.248
560.40 -51.381 0.248
560.45 -51.380 0.248
560.50 -51.379 0.248
560.55 -51.378 0.248
560.60 -51.377 0.248
560.65 -51.376 0.248
560.70 -51.375 0.248
560.75 -51.374 0.248
560.80 -51.373 0.248
560.85 -51.372 0.248
560.90 -51.371 0.248
560.95 -51.370 0.248
561.00 -51.369 0.248
561.05 -51.367 0.248
561.10 -51.366 0.248
561.15 -51.365 0.248
561.20 -51.364 0.248
561.25 -51.363 0.248
561.30 -51.362 0.248
561.35 -51.361 0.248
561.40 -51.360 0.248
561.45 -51.359 0.248
561.50 -51.358 0.248
561.55 -51.357 0.248
561.60 -51.356 0.248
561.65 -51.355 0.248
561.70 -51.354 0.248
561.75 -51.353 0.248
561.80 -51.352 0.248
561.85 -51.351 0.248
561.90 -51.350 0.248
561.95 -51.349 0.248
562.00 -51.348 0.248
562.05 -51.347 0.248
562.10 -51.346 0.248
562.15 -51.345 0.248
562.20 -51.344 0.248
562.25 -51.343 0.248
562.30 -51.342 0.248
562.35 -51.341 0.248
562.40 -51.340 0.248
562.45 -51.339 0.247
562.50 -51.338 0.247
562.55 -51.337 0.247
562.60 -51.336 0.247
562.65 -51.335 0.247
562.70 -51.334 0.247
562.75 -51.333 0.247
562.80 -51.332 0.247
562.85 -51.331 0.247
562.90 -51.330 0.247
562.95 -51.329 0.247
563.00 -51.328 0.247
563.05 -51.327 0.247
563.10 -51.326 0.247
563.15 -51.325 0.247
563.20 -51.324 0.247
563.25 -51.323 0.247
563.30 -51.322 0.247
563.35 -51.321 0.247
563.40 -51.320 0.247
563.45 -51.319 0.247
563.50 -51.318 0.247
563.55 -51.317 0.247
563.60 -51.316 0.247
563.65 -51.315 0.247
563.70 -51.314 0.247
563.75 -51.313 0.247
563.80 -51.312 0.247
563.85 -51.311 0.247
563.90 -51.310 0.247
563.95 -51.308 0.247
564.00 -51.307 0.247
564.05 -51.306 0.247
564.10 -51.305 0.247
564.15 -51.304 0.247
564.20 -51.303 0.247
564.25 -51.302 0.247
564.30 -51.301 0.247
564.35 -51.300 0.247
564.40 -51.299 0.247
564.45 -51.298 0.247
564.50 -51.297 0.247
564.55 -51.296 0.247
564.60 -51.295 0.247
564.65 -51.294 0.247
564.70 -51.293 0.247
564.75 -51.292 0.247
564.80 -51.291 0.247
564.85 -51.290 0.247
564.90 -51.289 0.247
564.95 -51.288 0.247
565.00 -51.287 0.247
565.05 -51.286 0.247
565.10 -51.285 0.247
565.15 -51.284 0.247
565.20 -51.283 0.247
565.25 -51.282 0.247
565.30 -51.281 0.247
565.35 -51.280 0.247
565.40 -51.279 0.247
565.45 -51.278 0.247
565.50 -51.277 0.247
565.55 -51.276 0.247
565.60 -51.275 0.247
565.65 -51.274 0.247
565.70 -51.273 0.246
565.75 -51.272 0.246
565.80 -51.271 0.246
565.85 -51.270 0.246
565.90 -51.269 0.246
565.95 -51.268 0.246
566.00 -51.267 0.246
566.05 -51.265 0.246
566.10 -51.264 0.246
566.15 -51.263 0.246
566.20 -51.262 0.246
566.25 -51.261 0.246
566.30 -51.260 0.246
566.35 -51.259 0.246
566.40 -51.258 0.246
566.45 -51.257 0.246
566.50 -51.256 0.246
566.55 -51.255 0.246
566.60 -51.254 0.246
566.65 -51.253 0.246
566.70 -51.252 0.246
566.75 -51.251 0.246
566.80 -51.250 0.246
566.85 -51.249 0.246
566.90 -51.248 0.246
566.95 -51.247 0.246
567.00 -51.246 0.246
567.05 -51.245 0.246
567.10 -51.244 0.246
567.15 -51.243 0.246
567.20 -51.242 0.246
567.25 -51.241 0.246
567.30 -51.240 0.246
567.35 -51.239 0.246
567.40 -51.238 0.246
567.45 -51.237 0.246
567.50 -51.236 0.246
567.55 -51.235 0.246
567.60 -51.234 0.246
567.65 -51.233 0.246
567.70 -51.231 0.246
567.75 -51.230 0.246
567.80 -51.229 0.246
567.85 -51.228 0.246
567.90 -51.227 0.246
567.95 -51.226 0.246
568.00 -51.225 0.246
568.05 -51.224 0.246
568.10 -51.223 0.246
568.15 -51.222 0.246
568.20 -51.221 0.246
568.25 -51.220 0.246
568.30 -51.219 0.246
568.35 -51.218 0.246
568.40 -51.217 0.246
568.45 -51.216 0.246
568.50 -51.215 0.246
568.55 -51.214 0.246
568.60 -51.213 0.246
568.65 -51.212 0.246
568.70 -51.211 0.246
568.75 -51.210 0.246
568.80 -51.209 0.246
568.85 -51.208 0.246
568.90 -51.207 0.246
568.95 -51.206 0.246
569.00 -51.205 0.245
569.05 -51.204 0.245
569.10 -51.202 0.245
569.15 -51.201 0.245
569.20 -51.200 0.245
569.25 -51.199 0.245
569.30 -51.198 0.245
569.35 -51.197 0.245
569.40 -51.196 0.245
569.45 -51.195 0.245
569.50 -51.194 0.245
569.55 -51.193 0.245
569.60 -51.192 0.245
569.65 -51.191 0.245
569.70 -51.190 0.245
569.75 -51.189 0.245
569.80 -51.188 0.245
569.85 -51.187 0.245
569.90 -51.186 0.245
569.95 -51.185 0.245
570.00 -51.184 0.245
570.05 -51.183 0.245
570.10 -51.182 0.245
570.15 -51.181 0.245
570.20 -51.180 0.245
570.25 -51.178 0.245
570.30 -51.177 0.245
570.35 -51.176 0.245
570.40 -51.175 0.245
570.45 -51.174 0.245
570.50 -51.173 0.245
570.55 -51.172 0.245
570.60 -51.171 0.245
570.65 -51.170 0.245
570.70 -51.169 0.245
570.75 -51.168 0.245
570.80 -51.167 0.245
570.85 -51.166 0.245
570.90 -51.165 0.245
570.95 -51.164 0.245
571.00 -51.163 0.245
571.05 -51.162 0.245
571.10 -51.161 0.245
571.15 -51.160 0.245
571.20 -51.159 0.245
571.25 -51.157 0.245
571.30 -51.156 0.245
571.35 -51.155 0.245
571.40 -51.154 0.245
571.45 -51.153 0.245
571.50 -51.152 0.245
571.55 -51.151 0.245
571.60 -51.150 0.245
571.65 -51.149 0.245
571.70 -51.148 0.245
571.75 -51.147 0.245
571.80 -51.146 0.245
571.85 -51.145 0.245
571.90 -51.144 0.245
571.95 -51.143 0.245
572.00 -51.142 0.245
572.05 -51.141 0.245
572.10 -51.140 0.245
572.15 -51.138 0.245
572.20 -51.137 0.245
572.25 -51.136 0.245
572.30 -51.135 0.245
572.35 -51.134 0.245
572.40 -51.133 0.244
572.45 -51.132 0.244
572.50 -51.131 0.244
572.55 -51.130 0.244
572.60 -51.129 0.244
572.65 -51.128 0.244
572.70 -51.127 0.244
572.75 -51.126 0.244
572.80 -51.125 0.244
572.85 -51.124 0.244
572.90 -51.123 0.244
572.95 -51.121 0.244
573.00 -51.120 0.244
573.05 -51.119 0.244
573.10 -51.118 0.244
573.15 -51.117 0.244
573.20 -51.116 0.244
573.25 -51.115 0.244
573.30 -51.114 0.244
573.35 -51.113 0.244
573.40 -51.112 0.244
573.45 -51.111 0.244
573.50 -51.110 0.244
573.55 -51.109 0.244
573.60 -51.108 0.244
573.65 -51.107 0.244
573.70 -51.105 0.244
573.75 -51.104 0.244
573.80 -51.103 0.244
573.85 -51.102 0.244
573.90 -51.101 0.244
573.95 -51.100 0.244
574.00 -51.099 0.244
574.05 -51.098 0.244
574.10 -51.097 0.244
574.15 -51.096 0.244
574.20 -51.095 0.244
574.25 -51.094 0.244
574.30 -51.093 0.244
574.35 -51.092 0.244
574.40 -51.090 0.244
574.45 -51.089 0.244
574.50 -51.088 0.244
574.55 -51.087 0.244
574.60 -51.086 0.244
574.65 -51.085 0.244
574.70 -51.084 0.244
574.75 -51.083 0.244
574.80 -51.082 0.244
574.85 -51.081 0.244
574.90 -51.080 0.244
574.95 -51.079 0.244
575.00 -51.077 0.244
575.05 -51.076 0.244
575.10 -51.075 0.244
575.15 -51.074 0.244
575.20 -51.073 0.244
575.25 -51.072 0.244
575.30 -51.071 0.244
575.35 -51.070 0.244
575.40 -51.069 0.244
575.45 -51.068 0.244
575.50 -51.067 0.244
575.55 -51.066 0.244
575.60 -51.064 0.244
575.65 -51.063 0.244
575.70 -51.062 0.244
575.75 -51.061 0.244
575.80 -51.060 0.244
575.85 -51.059 0.243
575.90 -51.058 0.243
575.95 -51.057 0.243
576.00 -51.056 0.243
576.05 -51.055 0.243
576.10 -51.054 0.243
576.15 -51.053 0.243
576.20 -51.051 0.243
576.25 -51.050 0.243
576.30 -51.049 0.243
576.35 -51.048 0.243
576.40 -51.047 0.243
576.45 -51.046 0.243
576.50 -51.045 0.243
576.55 -51.044 0.243
576.60 -51.043 0.243
576.65 -51.042 0.243
576.70 -51.040 0.243
576.75 -51.039 0.243
576.80 -51.038 0.243
576.85 -51.037 0.243
576.90 -51.036 0.243
576.95 -51.035 0.243
577.00 -51.034 0.243
577.05 -51.033 0.243
577.10 -51.032 0.243
577.15 -51.031 0.243
577.20 -51.030 0.243
577.25 -51.028 0.243
577.30 -51.027 0.243
577.35 -51.026 0.243
577.40 -51.025 0.243
577.45 -51.024 0.243
577.50 -51.023 0.243
577.55 -51.022 0.243
577.60 -51.021 0.243
577.65 -51.020 0.243
577.70 -51.018 0.243
577.75 -51.017 0.243
577.80 -51.016 0.243
577.85 -51.015 0.243
577.90 -51.014 0.243
577.95 -51.013 0.243
578.00 -51.012 0.243
578.05 -51.011 0.243
578.10 -51.010 0.243
578.15 -51.008 0.243
578.20 -51.007 0.243
578.25 -51.006 0.243
578.30 -51.005 0.243
578.35 -51.004 0.243
578.40 -51.003 0.243
578.45 -51.002 0.243
578.50 -51.001 0.243
578.55 -51.000 0.243
578.60 -50.998 0.243
578.65 -50.997 0.243
578.70 -50.996 0.243
578.75 -50.995 0.243
578.80 -50.994 0.243
578.85 -50.993 0.243
578.90 -50.992 0.243
578.95 -50.991 0.243
579.00 -50.990 0.243
579.05 -50.988 0.243
579.10 -50.987 0.243
579.15 -50.986 0.243
579.20 -50.985 0.243
579.25 -50.984 0.243
579.30 -50.983 0.243
579.35 -50.982 0.243
579.40 -50.981 0.243
579.45 -50.979 0.242
579.50 -50.978 0.242
579.55 -50.977 0.242
579.60 -50.976 0.242
579.65 -50.975 0.242
579.70 -50.974 0.242
579.75 -50.973 0.242
579.80 -50.972 0.242
579.85 -50.970 0.242
579.90 -50.969 0.242
579.95 -50.968 0.242
580.00 -50.967 0.242
580.05 -50.966 0.242
580.10 -50.965 0.242
580.15 -50.964 0.242
580.20 -50.962 0.242
580.25 -50.961 0.242
580.30 -50.960 0.242
580.35 -50.959 0.242
580.40 -50.958 0.242
580.45 -50.957 0.242
580.50 -50.956 0.242
580.55 -50.955 0.242
580.60 -50.953 0.242
580.65 -50.952 0.242
580.70 -50.951 0.242
580.75 -50.950 0.242
580.80 -50.949 0.242
580.85 -50.948 0.242
580.90 -50.947 0.242
580.95 -50.945 0.242
581.00 -50.944 0.242
581.05 -50.943 0.242
581.10 -50.942 0.242
581.15 -50.941 0.242
581.20 -50.940 0.242
581.25 -50.939 0.242
581.30 -50.937 0.242
581.35 -50.936 0.242
581.40 -50.935 0.242
581.45 -50.934 0.242
581.50 -50.933 0.242
581.55 -50.932 0.242
581.60 -50.931 0.242
581.65 -50.929 0.242
581.70 -50.928 0.242
581.75 -50.927 0.242
581.80 -50.926 0.242
581.85 -50.925 0.242
581.90 -50.924 0.242
581.95 -50.922 0.242
582.00 -50.921 0.242
582.05 -50.920 0.242
582.10 -50.919 0.242
582.15 -50.918 0.242
582.20 -50.917 0.242
582.25 -50.915 0.242
582.30 -50.914 0.242
582.35 -50.913 0.242
582.40 -50.912 0.242
582.45 -50.911 0.242
582.50 -50.910 0.242
582.55 -50.909 0.242
582.60 -50.907 0.242
582.65 -50.906 0.242
582.70 -50.905 0.242
582.75 -50.904 0.242
582.80 -50.903 0.242
582.85 -50.902 0.242
582.90 -50.900 0.242
582.95 -50.899 0.242
583.00 -50.898 0.242
583.05 -50.897 0.242
583.10 -50.896 0.242
583.15 -50.894 0.241
583.20 -50.893 0.241
583.25 -50.892 0.241
583.30 -50.891 0.241
583.35 -50.890 0.241
583.40 -50.889 0.241
583.45 -50.887 0.241
583.50 -50.886 0.241
583.55 -50.885 0.241
583.60 -50.884 0.241
583.65 -50.883 0.241
583.70 -50.882 0.241
583.75 -50.880 0.241
583.80 -50.879 0.241
583.85 -50.878 0.241
583.90 -50.877 0.241
583.95 -50.876 0.241
584.00 -50.874 0.241
584.05 -50.873 0.241
584.10 -50.872 0.241
584.15 -50.871 0.241
584.20 -50.870 0.241
584.25 -50.869 0.241
584.30 -50.867 0.241
584.35 -50.866 0.241
584.40 -50.865 0.241
584.45 -50.864 0.241
584.50 -50.863 0.241
584.55 -50.861 0.241
584.60 -50.860 0.241
584.65 -50.859 0.241
584.70 -50.858 0.241
584.75 -50.857 0.241
584.80 -50.855 0.241
584.85 -50.854 0.241
584.90 -50.853 0.241
584.95 -50.852 0.241
585.00 -50.851 0.241
585.05 -50.849 0.241
585.10 -50.848 0.241
585.15 -50.847 0.241
585.20 -50.846 0.241
585.25 -50.845 0.241
585.30 -50.843 0.241
585.35 -50.842 0.241
585.40 -50.841 0.241
585.45 -50.840 0.241
585.50 -50.839 0.241
585.55 -50.837 0.241
585.60 -50.836 0.241
585.65 -50.835 0.241
585.70 -50.834 0.241
585.75 -50.833 0.241
585.80 -50.831 0.241
585.85 -50.830 0.241
585.90 -50.829 0.241
585.95 -50.828 0.241
586.00 -50.826 0.241
586.05 -50.825 0.241
586.10 -50.824 0.241
586.15 -50.823 0.241
586.20 -50.822 0.241
586.25 -50.820 0.241
586.30 -50.819 0.241
586.35 -50.818 0.241
586.40 -50.817 0.241
586.45 -50.815 0.241
586.50 -50.814 0.241
586.55 -50.813 0.241
586.60 -50.812 0.241
586.65 -50.811 0.241
586.70 -50.809 0.241
586.75 -50.808 0.241
586.80 -50.807 0.241
586.85 -50.806 0.241
586.90 -50.804 0.241
586.95 -50.803 0.240
587.00 -50.802 0.240
587.05 -50.801 0.240
587.10 -50.799 0.240
587.15 -50.798 0.240
587.20 -50.797 0.240
587.25 -50.796 0.240
587.30 -50.794 0.240
587.35 -50.793 0.240
587.40 -50.792 0.240
587.45 -50.791 0.240
587.50 -50.790 0.240
587.55 -50.788 0.240
587.60 -50.787 0.240
587.65 -50.786 0.240
587.70 -50.785 0.240
587.75 -50.783 0.240
587.80 -50.782 0.240
587.85 -50.781 0.240
587.90 -50.780 0.240
587.95 -50.778 0.240
588.00 -50.777 0.240
588.05 -50.776 0.240
588.10 -50.775 0.240
588.15 -50.773 0.240
588.20 -50.772 0.240
588.25 -50.771 0.240
588.30 -50.769 0.240
588.35 -50.768 0.240
588.40 -50.767 0.240
588.45 -50.766 0.240
588.50 -50.764 0.240
588.55 -50.763 0.240
588.60 -50.762 0.240
588.65 -50.761 0.240
588.70 -50.759 0.240
588.75 -50.758 0.240
588.80 -50.757 0.240
588.85 -50.756 0.240
588.90 -50.754 0.240
588.95 -50.753 0.240
589.00 -50.752 0.240
589.05 -50.750 0.240
589.10 -50.749 0.240
589.15 -50.748 0.240
589.20 -50.747 0.240
589.25 -50.745 0.240
589.30 -50.744 0.240
589.35 -50.743 0.240
589.40 -50.742 0.240
589.45 -50.740 0.240
589.50 -50.739 0.240
589.55 -50.738 0.240
589.60 -50.736 0.240
589.65 -50.735 0.240
589.70 -50.734 0.240
589.75 -50.733 0.240
589.80 -50.731 0.240
589.85 -50.730 0.240
589.90 -50.729 0.240
589.95 -50.727 0.240
590.00 -50.726 0.240
590.05 -50.725 0.240
590.10 -50.724 0.240
590.15 -50.722 0.240
590.20 -50.721 0.240
590.25 -50.720 0.240
590.30 -50.718 0.240
590.35 -50.717 0.240
590.40 -50.716 0.240
590.45 -50.714 0.240
590.50 -50.713 0.240
590.55 -50.712 0.240
590.60 -50.710 0.240
590.65 -50.709 0.240
590.70 -50.708 0.240
590.75 -50.707 0.240
590.80 -50.705 0.240
590.85 -50.704 0.240
590.90 -50.703 0.239
590.95 -50.701 0.239
591.00 -50.700 0.239
591.05 -50.699 0.239
591.10 -50.697 0.239
591.15 -50.696 0.239
591.20 -50.695 0.239
591.25 -50.693 0.239
591.30 -50.692 0.239
591.35 -50.691 0.239
591.40 -50.689 0.239
591.45 -50.688 0.239
591.50 -50.687 0.239
591.55 -50.685 0.239
591.60 -50.684 0.239
591.65 -50.683 0.239
591.70 -50.681 0.239
591.75 -50.680 0.239
591.80 -50.679 0.239
591.85 -50.677 0.239
591.90 -50.676 0.239
591.95 -50.675 0.239
592.00 -50.673 0.239
592.05 -50.672 0.239
592.10 -50.671 0.239
592.15 -50.669 0.239
592.20 -50.668 0.239
592.25 -50.667 0.239
592.30 -50.665 0.239
592.35 -50.664 0.239
592.40 -50.663 0.239
592.45 -50.661 0.239
592.50 -50.660 0.239
592.55 -50.659 0.239
592.60 -50.657 0.239
592.65 -50.656 0.239
592.70 -50.654 0.239
592.75 -50.653 0.239
592.80 -50.652 0.239
592.85 -50.650 0.239
592.90 -50.649 0.239
592.95 -50.648 0.239
593.00 -50.646 0.239
593.05 -50.645 0.239
593.10 -50.644 0.239
593.15 -50.642 0.239
593.20 -50.641 0.239
593.25 -50.639 0.239
593.30 -50.638 0.239
593.35 -50.637 0.239
593.40 -50.635 0.239
593.45 -50.634 0.239
593.50 -50.633 0.239
593.55 -50.631 0.239
593.60 -50.630 0.239
593.65 -50.628 0.239
593.70 -50.627 0.239
593.75 -50.626 0.239
593.80 -50.624 0.239
593.85 -50.623 0.239
593.90 -50.621 0.239
593.95 -50.620 0.239
594.00 -50.619 0.239
594.05 -50.617 0.239
594.10 -50.616 0.239
594.15 -50.615 0.239
594.20 -50.613 0.239
594.25 -50.612 0.239
594.30 -50.610 0.239
594.35 -50.609 0.239
594.40 -50.607 0.239
594.45 -50.606 0.239
594.50 -50.605 0.239
594.55 -50.603 0.239
594.60 -50.602 0.239
594.65 -50.600 0.239
594.70 -50.599 0.239
594.75 -50.598 0.239
594.80 -50.596 0.239
594.85 -50.595 0.239
594.90 -50.593 0.239
594.95 -50.592 0.239
595.00 -50.591 0.238
595.05 -50.589 0.238
595.10 -50.588 0.238
595.15 -50.586 0.238
595.20 -50.585 0.238
595.25 -50.583 0.238
595.30 -50.582 0.238
595.35 -50.581 0.238
595.40 -50.579 0.238
595.45 -50.578 0.238
595.50 -50.576 0.238
595.55 -50.575 0.238
595.60 -50.573 0.238
595.65 -50.572 0.238
595.70 -50.570 0.238
595.75 -50.569 0.238
595.80 -50.568 0.238
595.85 -50.566 0.238
595.90 -50.565 0.238
595.95 -50.563 0.238
596.00 -50.562 0.238
596.05 -50.560 0.238
596.10 -50.559 0.238
596.15 -50.557 0.238
596.20 -50.556 0.238
596.25 -50.554 0.238
596.30 -50.553 0.238
596.35 -50.552 0.238
596.40 -50.550 0.238
596.45 -50.549 0.238
596.50 -50.547 0.238
596.55 -50.546 0.238
596.60 -50.544 0.238
596.65 -50.543 0.238
596.70 -50.541 0.238
596.75 -50.540 0.238
596.80 -50.538 0.238
596.85 -50.537 0.238
596.90 -50.535 0.238
596.95 -50.534 0.238
597.00 -50.532 0.238
597.05 -50.531 0.238
597.10 -50.529 0.238
597.15 -50.528 0.238
597.20 -50.526 0.238
597.25 -50.525 0.238
597.30 -50.523 0.238
597.35 -50.522 0.238
597.40 -50.520 0.238
597.45 -50.519 0.238
597.50 -50.517 0.238
597.55 -50.516 0.238
597.60 -50.514 0.238
597.65 -50.513 0.238
597.70 -50.511 0.238
597.75 -50.510 0.238
597.80 -50.508 0.238
597.85 -50.507 0.238
597.90 -50.505 0.238
597.95 -50.504 0.238
598.00 -50.502 0.238
598.05 -50.501 0.238
598.10 -50.499 0.238
598.15 -50.498 0.238
598.20 -50.496 0.238
598.25 -50.495 0.238
598.30 -50.493 0.238
598.35 -50.491 0.238
598.40 -50.490 0.238
598.45 -50.488 0.238
598.50 -50.487 0.238
598.55 -50.485 0.238
598.60 -50.484 0.238
598.65 -50.482 0.238
598.70 -50.481 0.238
598.75 -50.479 0.238
598.80 -50.478 0.238
598.85 -50.476 0.238
598.90 -50.474 0.238
598.95 -50.473 0.238
599.00 -50.471 0.238
599.05 -50.470 0.238
599.10 -50.468 0.238
599.15 -50.467 0.238
599.20 -50.465 0.238
599.25 -50.463 0.237
599.30 -50.462 0.237
599.35 -50.460 0.237
599.40 -50.459 0.237
599.45 -50.457 0.237
599.50 -50.456 0.237
599.55 -50.454 0.237
599.60 -50.452 0.237
599.65 -50.451 0.237
599.70 -50.449 0.237
599.75 -50.448 0.237
599.80 -50.446 0.237
599.85 -50.444 0.237
599.90 -50.443 0.237
599.95 -50.441 0.237
600.00 -50.440 0.237
600.05 -50.438 0.237
600.10 -50.436 0.237
600.15 -50.435 0.237
600.20 -50.433 0.237
600.25 -50.432 0.237
600.30 -50.430 0.237
600.35 -50.428 0.237
600.40 -50.427 0.237
600.45 -50.425 0.237
600.50 -50.423 0.237
600.55 -50.422 0.237
600.60 -50.420 0.237
600.65 -50.418 0.237
600.70 -50.417 0.237
600.75 -50.415 0.237
600.80 -50.414 0.237
600.85 -50.412 0.237
600.90 -50.410 0.237
600.95 -50.409 0.237
601.00 -50.407 0.237
601.05 -50.405 0.237
601.10 -50.404 0.237
601.15 -50.402 0.237
601.20 -50.400 0.237
601.25 -50.399 0.237
601.30 -50.397 0.237
601.35 -50.395 0.237
601.40 -50.394 0.237
601.45 -50.392 0.237
601.50 -50.390 0.237
601.55 -50.389 0.237
601.60 -50.387 0.237
601.65 -50.385 0.237
601.70 -50.384 0.237
601.75 -50.382 0.237
601.80 -50.380 0.237
601.85 -50.379 0.237
601.90 -50.377 0.237
601.95 -50.375 0.237
602.00 -50.373 0.237
602.05 -50.372 0.237
602.10 -50.370 0.237
602.15 -50.368 0.237
602.20 -50.367 0.237
602.25 -50.365 0.237
602.30 -50.363 0.237
602.35 -50.362 0.237
602.40 -50.360 0.237
602.45 -50.358 0.237
602.50 -50.356 0.237
602.55 -50.355 0.237
602.60 -50.353 0.237
602.65 -50.351 0.237
602.70 -50.349 0.237
602.75 -50.348 0.237
602.80 -50.346 0.237
602.85 -50.344 0.237
602.90 -50.342 0.237
602.95 -50.341 0.237
603.00 -50.339 0.237
603.05 -50.337 0.237
603.10 -50.335 0.237
603.15 -50.334 0.237
603.20 -50.332 0.237
603.25 -50.330 0.237
603.30 -50.328 0.237
603.35 -50.327 0.237
603.40 -50.325 0.237
603.45 -50.323 0.237
603.50 -50.321 0.237
603.55 -50.319 0.237
603.60 -50.318 0.237
603.65 -50.316 0.237
603.70 -50.314 0.237
603.75 -50.312 0.236
603.80 -50.311 0.236
603.85 -50.309 0.236
603.90 -50.307 0.236
603.95 -50.305 0.236
604.00 -50.303 0.236
604.05 -50.301 0.236
604.10 -50.300 0.236
604.15 -50.298 0.236
604.20 -50.296 0.236
604.25 -50.294 0.236
604.30 -50.292 0.236
604.35 -50.291 0.236
604.40 -50.289 0.236
604.45 -50.287 0.236
604.50 -50.285 0.236
604.55 -50.283 0.236
604.60 -50.281 0.236
604.65 -50.279 0.236
604.70 -50.278 0.236
604.75 -50.276 0.236
604.80 -50.274 0.236
604.85 -50.272 0.236
604.90 -50.270 0.236
604.95 -50.268 0.236
605.00 -50.266 0.236
605.05 -50.265 0.236
605.10 -50.263 0.236
605.15 -50.261 0.236
605.20 -50.259 0.236
605.25 -50.257 0.236
605.30 -50.255 0.236
605.35 -50.253 0.236
605.40 -50.251 0.236
605.45 -50.249 0.236
605.50 -50.248 0.236
605.55 -50.246 0.236
605.60 -50.244 0.236
605.65 -50.242 0.236
605.70 -50.240 0.236
605.75 -50.238 0.236
605.80 -50.236 0.236
605.85 -50.234 0.236
605.90 -50.232 0.236
605.95 -50.230 0.236
606.00 -50.228 0.236
606.05 -50.226 0.236
606.10 -50.224 0.236
606.15 -50.222 0.236
606.20 -50.220 0.236
606.25 -50.219 0.236
606.30 -50.217 0.236
606.35 -50.215 0.236
606.40 -50.213 0.236
606.45 -50.211 0.236
606.50 -50.209 0.236
606.55 -50.207 0.236
606.60 -50.205 0.236
606.65 -50.203 0.236
606.70 -50.201 0.236
606.75 -50.199 0.236
606.80 -50.197 0.236
606.85 -50.195 0.236
606.90 -50.193 0.236
606.95 -50.191 0.236
607.00 -50.189 0.236
607.05 -50.187 0.236
607.10 -50.185 0.236
607.15 -50.183 0.236
607.20 -50.181 0.236
607.25 -50.179 0.236
607.30 -50.177 0.236
607.35 -50.174 0.236
607.40 -50.172 0.236
607.45 -50.170 0.236
607.50 -50.168 0.236
607.55 -50.166 0.236
607.60 -50.164 0.236
607.65 -50.162 0.236
607.70 -50.160 0.236
607.75 -50.158 0.236
607.80 -50.156 0.236
607.85 -50.154 0.236
607.90 -50.152 0.236
607.95 -50.150 0.236
608.00 -50.148 0.236
608.05 -50.145 0.236
608.10 -50.143 0.236
608.15 -50.141 0.236
608.20 -50.139 0.236
608.25 -50.137 0.236
608.30 -50.135 0.236
608.35 -50.133 0.236
608.40 -50.131 0.236
608.45 -50.128 0.236
608.50 -50.126 0.236
608.55 -50.124 0.235
608.60 -50.122 0.235
608.65 -50.120 0.235
608.70 -50.118 0.235
608.75 -50.115 0.235
608.80 -50.113 0.235
608.85 -50.111 0.235
608.90 -50.109 0.235
608.95 -50.107 0.235
609.00 -50.105 0.235
609.05 -50.102 0.235
609.10 -50.100 0.235
609.15 -50.098 0.235
609.20 -50.096 0.235
609.25 -50.094 0.235
609.30 -50.091 0.235
609.35 -50.089 0.235
609.40 -50.087 0.235
609.45 -50.085 0.235
609.50 -50.082 0.235
609.55 -50.080 0.235
609.60 -50.078 0.235
609.65 -50.076 0.235
609.70 -50.073 0.235
609.75 -50.071 0.235
609.80 -50.069 0.235
609.85 -50.067 0.235
609.90 -50.064 0.235
609.95 -50.062 0.235
610.00 -50.060 0.235
610.05 -50.057 0.235
610.10 -50.055 0.235
610.15 -50.053 0.235
610.20 -50.051 0.235
610.25 -50.048 0.235
610.30 -50.046 0.235
610.35 -50.044 0.235
610.40 -50.041 0.235
610.45 -50.039 0.235
610.50 -50.037 0.235
610.55 -50.034 0.235
610.60 -50.032 0.235
610.65 -50.029 0.235
610.70 -50.027 0.235
610.75 -50.025 0.235
610.80 -50.022 0.235
610.85 -50.020 0.235
610.90 -50.018 0.235
610.95 -50.015 0.235
611.00 -50.013 0.235
611.05 -50.010 0.235
611.10 -50.008 0.235
611.15 -50.006 0.235
611.20 -50.003 0.235
611.25 -50.001 0.235
611.30 -49.998 0.235
611.35 -49.996 0.235
611.40 -49.993 0.235
611.45 -49.991 0.235
611.50 -49.988 0.235
611.55 -49.986 0.235
611.60 -49.983 0.235
611.65 -49.981 0.235
611.70 -49.978 0.235
611.75 -49.976 0.235
611.80 -49.973 0.235
611.85 -49.971 0.235
611.90 -49.968 0.235
611.95 -49.966 0.235
612.00 -49.963 0.235
612.05 -49.961 0.235
612.10 -49.958 0.235
612.15 -49.956 0.235
612.20 -49.953 0.235
612.25 -49.951 0.235
612.30 -49.948 0.235
612.35 -49.945 0.235
612.40 -49.943 0.235
612.45 -49.940 0.235
612.50 -49.938 0.235
612.55 -49.935 0.235
612.60 -49.932 0.235
612.65 -49.930 0.235
612.70 -49.927 0.235
612.75 -49.925 0.235
612.80 -49.922 0.235
612.85 -49.919 0.235
612.90 -49.917 0.235
612.95 -49.914 0.235
613.00 -49.911 0.235
613.05 -49.909 0.235
613.10 -49.906 0.235
613.15 -49.903 0.235
613.20 -49.901 0.235
613.25 -49.898 0.235
613.30 -49.895 0.235
613.35 -49.892 0.235
613.40 -49.890 0.235
613.45 -49.887 0.235
613.50 -49.884 0.235
613.55 -49.881 0.235
613.60 -49.879 0.235
613.65 -49.876 0.235
613.70 -49.873 0.234
613.75 -49.870 0.234
613.80 -49.868 0.234
613.85 -49.865 0.234
613.90 -49.862 0.234
613.95 -49.859 0.234
614.00 -49.856 0.234
614.05 -49.853 0.234
614.10 -49.851 0.234
614.15 -49.848 0.234
614.20 -49.845 0.234
614.25 -49.842 0.234
614.30 -49.839 0.234
614.35 -49.836 0.234
614.40 -49.833 0.234
614.45 -49.830 0.234
614.50 -49.828 0.234
614.55 -49.825 0.234
614.60 -49.822 0.234
614.65 -49.819 0.234
614.70 -49.816 0.234
614.75 -49.813 0.234
614.80 -49.810 0.234
614.85 -49.807 0.234
614.90 -49.804 0.234
614.95 -49.801 0.234
615.00 -49.798 0.234
615.05 -49.795 0.234
615.10 -49.792 0.234
615.15 -49.789 0.234
615.20 -49.786 0.234
615.25 -49.783 0.234
615.30 -49.780 0.234
615.35 -49.776 0.234
615.40 -49.773 0.234
615.45 -49.770 0.234
615.50 -49.767 0.234
615.55 -49.764 0.234
615.60 -49.761 0.234
615.65 -49.758 0.234
615.70 -49.755 0.234
615.75 -49.751 0.234
615.80 -49.748 0.234
615.85 -49.745 0.234
615.90 -49.742 0.234
615.95 -49.739 0.234
616.00 -49.736 0.234
616.05 -49.732 0.234
616.10 -49.729 0.234
616.15 -49.726 0.234
616.20 -49.723 0.234
616.25 -49.719 0.234
616.30 -49.716 0.234
616.35 -49.713 0.234
616.40 -49.709 0.234
616.45 -49.706 0.234
616.50 -49.703 0.234
616.55 -49.699 0.234
616.60 -49.696 0.234
616.65 -49.693 0.234
616.70 -49.689 0.234
616.75 -49.686 0.234
616.80 -49.682 0.234
616.85 -49.679 0.234
616.90 -49.676 0.234
616.95 -49.672 0.234
617.00 -49.669 0.234
617.05 -49.665 0.234
617.10 -49.662 0.234
617.15 -49.658 0.234
617.20 -49.655 0.234
617.25 -49.651 0.234
617.30 -49.648 0.234
617.35 -49.644 0.234
617.40 -49.641 0.234
617.45 -49.637 0.234
617.50 -49.633 0.234
617.55 -49.630 0.234
617.60 -49.626 0.234
617.65 -49.623 0.234
617.70 -49.619 0.234
617.75 -49.615 0.234
617.80 -49.612 0.234
617.85 -49.608 0.234
617.90 -49.604 0.234
617.95 -49.600 0.234
618.00 -49.597 0.234
618.05 -49.593 0.234
618.10 -49.589 0.234
618.15 -49.585 0.234
618.20 -49.582 0.234
618.25 -49.578 0.234
618.30 -49.574 0.234
618.35 -49.570 0.234
618.40 -49.566 0.234
618.45 -49.562 0.234
618.50 -49.559 0.234
618.55 -49.555 0.234
618.60 -49.551 0.234
618.65 -49.547 0.234
618.70 -49.543 0.234
618.75 -49.539 0.234
618.80 -49.535 0.234
618.85 -49.531 0.234
618.90 -49.527 0.234
618.95 -49.523 0.234
619.00 -49.519 0.234
619.05 -49.515 0.234
619.10 -49.511 0.234
619.15 -49.506 0.234
619.20 -49.502 0.234
619.25 -49.498 0.234
619.30 -49.494 0.234
619.35 -49.490 0.234
619.40 -49.486 0.234
619.45 -49.481 0.234
619.50 -49.477 0.234
619.55 -49.473 0.233
619.60 -49.469 0.233
619.65 -49.464 0.233
619.70 -49.460 0.233
619.75 -49.456 0.233
619.80 -49.451 0.233
619.85 -49.447 0.233
619.90 -49.442 0.233
619.95 -49.438 0.233
620.00 -49.434 0.233
620.05 -49.429 0.233
620.10 -49.425 0.233
620.15 -49.420 0.233
620.20 -49.416 0.233
620.25 -49.411 0.233
620.30 -49.406 0.233
620.35 -49.402 0.233
620.40 -49.397 0.233
620.45 -49.393 0.233
620.50 -49.388 0.233
620.55 -49.383 0.233
620.60 -49.378 0.233
620.65 -49.374 0.233
620.70 -49.369 0.233
620.75 -49.364 0.233
620.80 -49.359 0.233
620.85 -49.355 0.233
620.90 -49.350 0.233
620.95 -49.345 0.233
621.00 -49.340 0.233
621.05 -49.335 0.233
621.10 -49.330 0.233
621.15 -49.325 0.233
621.20 -49.320 0.233
621.25 -49.315 0.233
621.30 -49.310 0.233
621.35 -49.305 0.233
621.40 -49.300 0.233
621.45 -49.294 0.233
621.50 -49.289 0.233
621.55 -49.284 0.233
621.60 -49.279 0.233
621.65 -49.274 0.233
621.70 -49.268 0.233
621.75 -49.263 0.233
621.80 -49.258 0.233
621.85 -49.252 0.233
621.90 -49.247 0.233
621.95 -49.241 0.233
622.00 -49.236 0.233
622.05 -49.230 0.233
622.10 -49.225 0.233
622.15 -49.219 0.233
622.20 -49.214 0.233
622.25 -49.208 0.233
622.30 -49.202 0.233
622.35 -49.197 0.233
622.40 -49.191 0.233
622.45 -49.185 0.233
622.50 -49.179 0.233
622.55 -49.173 0.233
622.60 -49.168 0.233
622.65 -49.162 0.233
622.70 -49.156 0.233
622.75 -49.150 0.233
622.80 -49.144 0.233
622.85 -49.138 0.233
622.90 -49.131 0.233
622.95 -49.125 0.233
623.00 -49.119 0.233
623.05 -49.113 0.233
623.10 -49.107 0.233
623.15 -49.100 0.233
623.20 -49.094 0.233
623.25 -49.088 0.233
623.30 -49.081 0.233
623.35 -49.075 0.233
623.40 -49.068 0.233
623.45 -49.062 0.233
623.50 -49.055 0.233
623.55 -49.048 0.233
623.60 -49.042 0.233
623.65 -49.035 0.233
623.70 -49.028 0.233
623.75 -49.021 0.233
623.80 -49.014 0.233
623.85 -49.008 0.233
623.90 -49.001 0.233
623.95 -48.994 0.233
624.00 -48.986 0.233
624.05 -48.979 0.233
624.10 -48.972 0.233
624.15 -48.965 0.233
624.20 -48.958 0.233
624.25 -48.950 0.233
624.30 -48.943 0.233
624.35 -48.935 0.233
624.40 -48.928 0.233
624.45 -48.920 0.233
624.50 -48.913 0.233
624.55 -48.905 0.233
624.60 -48.897 0.233
624.65 -48.890 0.233
624.70 -48.882 0.233
624.75 -48.874 0.233
624.80 -48.866 0.233
624.85 -48.858 0.233
624.90 -48.850 0.233
624.95 -48.841 0.233
625.00 -48.833 0.233
625.05 -48.825 0.233
625.10 -48.817 0.233
625.15 -48.808 0.233
625.20 -48.800 0.233
625.25 -48.791 0.233
625.30 -48.782 0.233
625.35 -48.774 0.233
625.40 -48.765 0.233
625.45 -48.756 0.233
625.50 -48.747 0.233
625.55 -48.738 0.233
625.60 -48.729 0.233
625.65 -48.720 0.233
625.70 -48.710 0.233
625.75 -48.701 0.233
625.80 -48.691 0.233
625.85 -48.682 0.233
625.90 -48.672 0.233
625.95 -48.663 0.233
626.00 -48.653 0.233
626.05 -48.643 0.233
626.10 -48.633 0.233
626.15 -48.623 0.233
626.20 -48.613 0.233
626.25 -48.602 0.233
626.30 -48.592 0.233
626.35 -48.582 0.233
626.40 -48.571 0.233
626.45 -48.560 0.233
626.50 -48.549 0.233
626.55 -48.539 0.233
626.60 -48.528 0.233
626.65 -48.516 0.233
626.70 -48.505 0.233
626.75 -48.494 0.233
626.80 -48.482 0.233
626.85 -48.471 0.233
626.90 -48.459 0.233
626.95 -48.447 0.233
627.00 -48.435 0.233
627.05 -48.423 0.233
627.10 -48.411 0.233
627.15 -48.398 0.233
627.20 -48.386 0.232
627.25 -48.373 0.232
627.30 -48.360 0.232
627.35 -48.347 0.232
627.40 -48.334 0.232
627.45 -48.321 0.232
627.50 -48.308 0.232
627.55 -48.294 0.232
627.60 -48.280 0.232
627.65 -48.266 0.232
627.70 -48.252 0.232
627.75 -48.238 0.232
627.80 -48.224 0.232
627.85 -48.209 0.232
627.90 -48.194 0.232
627.95 -48.179 0.232
628.00 -48.164 0.232
628.05 -48.148 0.232
628.10 -48.133 0.232
628.15 -48.117 0.232
628.20 -48.101 0.232
628.25 -48.085 0.232
628.30 -48.068 0.232
628.35 -48.051 0.232
628.40 -48.034 0.232
628.45 -48.017 0.232
628.50 -48.000 0.232
628.55 -47.982 0.232
628.60 -47.964 0.232
628.65 -47.946 0.232
628.70 -47.927 0.232
628.75 -47.909 0.232
628.80 -47.889 0.232
628.85 -47.870 0.232
628.90 -47.850 0.232
628.95 -47.830 0.232
629.00 -47.810 0.232
629.05 -47.789 0.232
629.10 -47.768 0.232
629.15 -47.747 0.232
629.20 -47.725 0.232
629.25 -47.703 0.232
629.30 -47.680 0.232
629.35 -47.657 0.232
629.40 -47.634 0.232
629.45 -47.610 0.232
629.50 -47.586 0.232
629.55 -47.561 0.232
629.60 -47.536 0.232
629.65 -47.510 0.232
629.70 -47.484 0.232
629.75 -47.458 0.232
629.80 -47.430 0.232
629.85 -47.403 0.232
629.90 -47.374 0.232
629.95 -47.345 0.232
630.00 -47.316 0.232
630.05 -47.285 0.232
630.10 -47.255 0.232
630.15 -47.223 0.232
630.20 -47.191 0.232
630.25 -47.157 0.232
630.30 -47.124 0.232
630.35 -47.089 0.232
630.40 -47.053 0.232
630.45 -47.017 0.232
630.50 -46.979 0.232
630.55 -46.941 0.232
630.60 -46.901 0.232
630.65 -46.861 0.232
630.70 -46.819 0.232
630.75 -46.776 0.232
630.80 -46.732 0.232
630.85 -46.687 0.232
630.90 -46.640 0.232
630.95 -46.592 0.232
631.00 -46.542 0.232
631.05 -46.491 0.232
631.10 -46.437 0.232
631.15 -46.382 0.232
631.20 -46.326 0.232
631.25 -46.267 0.232
631.30 -46.205 0.232
631.35 -46.142 0.232
631.40 -46.076 0.232
631.45 -46.007 0.232
631.50 -45.936 0.232
631.55 -45.861 0.232
631.60 -45.783 0.232
631.65 -45.702 0.232
631.70 -45.616 0.232
631.75 -45.527 0.232
631.80 -45.433 0.232
631.85 -45.333 0.232
631.90 -45.229 0.232
631.95 -45.118 0.232
632.00 -45.000 0.232
632.05 -44.876 0.232
632.10 -44.742 0.232
632.15 -44.600 0.232
632.20 -44.447 0.232
632.25 -44.282 0.232
632.30 -44.104 0.232
632.35 -43.910 0.232
632.40 -43.699 0.232
632.45 -43.466 0.232
632.50 -43.208 0.232
632.55 -42.920 0.233
632.60 -42.595 0.233
632.65 -42.226 0.233
632.70 -41.799 0.233
632.75 -41.299 0.233
632.80 -40.701 0.233
632.85 -39.970 0.233
632.90 -39.046 0.233
632.95 -37.832 0.233
633.00 -36.144 0.233
633.05 -33.606 0.233
633.10 -29.326 0.233
633.15 -20.856 0.233
633.20 -2.430 0.233
633.25 24.691 0.235
633.30 41.087 0.239
633.35 46.117 0.246
633.40 46.909 0.253
633.45 46.030 0.260
633.50 44.162 0.267
633.55 41.476 0.273
633.60 38.035 0.278
633.65 33.898 0.282
633.70 29.147 0.285
633.75 23.891 0.288
633.80 18.256 0.290
633.85 12.379 0.291
633.90 6.395 0.292
633.95 0.434 0.293
634.00 -5.388 0.294
634.05 -10.962 0.294
634.10 -16.190 0.294
634.15 -21.016 0.295
634.20 -25.480 0.295
634.25 -29.685 0.295
634.30 -33.728 0.295
634.35 -37.647 0.295
634.40 -41.404 0.295
634.45 -44.906 0.295
634.50 -48.057 0.295
634.55 -50.803 0.295
634.60 -53.142 0.295
634.65 -55.106 0.295
634.70 -56.746 0.295
634.75 -58.110 0.295
634.80 -59.244 0.295
634.85 -60.185 0.295
634.90 -60.964 0.295
634.95 -61.610 0.295
635.00 -62.143 0.295
635.05 -62.582 0.294
635.10 -62.943 0.294
635.15 -63.237 0.294
635.20 -63.476 0.294
635.25 -63.668 0.294
635.30 -63.820 0.294
635.35 -63.939 0.294
635.40 -64.031 0.294
635.45 -64.098 0.294
635.50 -64.146 0.294
635.55 -64.176 0.294
635.60 -64.192 0.294
635.65 -64.197 0.294
635.70 -64.191 0.294
635.75 -64.176 0.294
635.80 -64.154 0.294
635.85 -64.126 0.294
635.90 -64.093 0.293
635.95 -64.055 0.293
636.00 -64.014 0.293
636.05 -63.969 0.293
636.10 -63.922 0.293
636.15 -63.873 0.293
636.20 -63.823 0.293
636.25 -63.770 0.293
636.30 -63.717 0.293
636.35 -63.662 0.293
636.40 -63.607 0.293
636.45 -63.551 0.293
636.50 -63.495 0.293
636.55 -63.438 0.293
636.60 -63.381 0.293
636.65 -63.324 0.293
636.70 -63.267 0.292
636.75 -63.209 0.292
636.80 -63.152 0.292
636.85 -63.095 0.292
636.90 -63.038 0.292
636.95 -62.981 0.292
637.00 -62.924 0.292
637.05 -62.867 0.292
637.10 -62.811 0.292
637.15 -62.755 0.292
637.20 -62.699 0.292
637.25 -62.643 0.292
637.30 -62.587 0.292
637.35 -62.532 0.292
637.40 -62.477 0.292
637.45 -62.422 0.292
637.50 -62.368 0.292
637.55 -62.314 0.292
637.60 -62.260 0.291
637.65 -62.207 0.291
637.70 -62.153 0.291
637.75 -62.100 0.291
637.80 -62.048 0.291
637.85 -61.995 0.291
637.90 -61.943 0.291
637.95 -61.892 0.291
638.00 -61.840 0.291
638.05 -61.789 0.291
638.10 -61.738 0.291
638.15 -61.687 0.291
638.20 -61.637 0.291
638.25 -61.587 0.291
638.30 -61.537 0.291
638.35 -61.488 0.291
638.40 -61.439 0.291
638.45 -61.390 0.291
638.50 -61.341 0.291
638.55 -61.293 0.290
638.60 -61.245 0.290
638.65 -61.197 0.290
638.70 -61.150 0.290
638.75 -61.103 0.290
638.80 -61.056 0.290
638.85 -61.009 0.290
638.90 -60.963 0.290
638.95 -60.917 0.290
639.00 -60.871 0.290
639.05 -60.825 0.290
639.10 -60.780 0.290
639.15 -60.735 0.290
639.20 -60.690 0.290
639.25 -60.646 0.290
639.30 -60.601 0.290
639.35 -60.557 0.290
639.40 -60.514 0.290
639.45 -60.470 0.290
639.50 -60.427 0.290
639.55 -60.384 0.289
639.60 -60.341 0.289
639.65 -60.299 0.289
639.70 -60.257 0.289
639.75 -60.215 0.289
639.80 -60.173 0.289
639.85 -60.132 0.289
639.90 -60.090 0.289
639.95 -60.050 0.289
640.00 -60.009 0.289
640.05 -59.968 0.289
640.10 -59.928 0.289
640.15 -59.888 0.289
640.20 -59.848 0.289
640.25 -59.809 0.289
640.30 -59.769 0.289
640.35 -59.730 0.289
640.40 -59.691 0.289
640.45 -59.653 0.289
640.50 -59.614 0.289
640.55 -59.576 0.289
640.60 -59.538 0.288
640.65 -59.500 0.288
640.70 -59.463 0.288
640.75 -59.425 0.288
640.80 -59.388 0.288
640.85 -59.352 0.288
640.90 -59.315 0.288
640.95 -59.278 0.288
641.00 -59.242 0.288
641.05 -59.206 0.288
641.10 -59.170 0.288
641.15 -59.135 0.288
641.20 -59.099 0.288
641.25 -59.064 0.288
641.30 -59.029 0.288
641.35 -58.994 0.288
641.40 -58.960 0.288
641.45 -58.925 0.288
641.50 -58.891 0.288
641.55 -58.857 0.288
641.60 -58.823 0.288
641.65 -58.790 0.288
641.70 -58.756 0.288
641.75 -58.723 0.287
641.80 -58.690 0.287
641.85 -58.657 0.287
641.90 -58.625 0.287
641.95 -58.592 0.287
642.00 -58.560 0.287
642.05 -58.528 0.287
642.10 -58.496 0.287
642.15 -58.464 0.287
642.20 -58.433 0.287
642.25 -58.401 0.287
642.30 -58.370 0.287
642.35 -58.339 0.287
642.40 -58.309 0.287
642.45 -58.278 0.287
642.50 -58.247 0.287
642.55 -58.217 0.287
642.60 -58.187 0.287
642.65 -58.157 0.287
642.70 -58.127 0.287
642.75 -58.098 0.287
642.80 -58.068 0.287
642.85 -58.039 0.287
642.90 -58.010 0.286
642.95 -57.981 0.286
643.00 -57.953 0.286
643.05 -57.924 0.286
643.10 -57.896 0.286
643.15 -57.867 0.286
643.20 -57.839 0.286
643.25 -57.811 0.286
643.30 -57.784 0.286
643.35 -57.756 0.286
643.40 -57.729 0.286
643.45 -57.701 0.286
643.50 -57.674 0.286
643.55 -57.647 0.286
643.60 -57.620 0.286
643.65 -57.594 0.286
643.70 -57.567 0.286
643.75 -57.541 0.286
643.80 -57.515 0.286
643.85 -57.489 0.286
643.90 -57.463 0.286
643.95 -57.437 0.286
644.00 -57.411 0.286
644.05 -57.386 0.286
644.10 -57.360 0.286
644.15 -57.335 0.285
644.20 -57.310 0.285
644.25 -57.285 0.285
644.30 -57.261 0.285
644.35 -57.236 0.285
644.40 -57.211 0.285
644.45 -57.187 0.285
644.50 -57.163 0.285
644.55 -57.139 0.285
644.60 -57.115 0.285
644.65 -57.091 0.285
644.70 -57.067 0.285
644.75 -57.044 0.285
644.80 -57.021 0.285
644.85 -56.997 0.285
644.90 -56.974 0.285
644.95 -56.951 0.285
645.00 -56.928 0.285
645.05 -56.906 0.285
645.10 -56.883 0.285
645.15 -56.860 0.285
645.20 -56.838 0.285
645.25 -56.816 0.285
645.30 -56.794 0.285
645.35 -56.772 0.285
645.40 -56.750 0.285
645.45 -56.728 0.284
645.50 -56.707 0.284
645.55 -56.685 0.284
645.60 -56.664 0.284
645.65 -56.642 0.284
645.70 -56.621 0.284
645.75 -56.600 0.284
645.80 -56.579 0.284
645.85 -56.559 0.284
645.90 -56.538 0.284
645.95 -56.517 0.284
646.00 -56.497 0.284
646.05 -56.477 0.284
646.10 -56.456 0.284
646.15 -56.436 0.284
646.20 -56.416 0.284
646.25 -56.396 0.284
646.30 -56.377 0.284
646.35 -56.357 0.284
646.40 -56.337 0.284
646.45 -56.318 0.284
646.50 -56.299 0.284
646.55 -56.279 0.284
646.60 -56.260 0.284
646.65 -56.241 0.284
646.70 -56.222 0.284
646.75 -56.204 0.284
646.80 -56.185 0.284
646.85 -56.166 0.283
646.90 -56.148 0.283
646.95 -56.129 0.283
647.00 -56.111 0.283
647.05 -56.093 0.283
647.10 -56.075 0.283
647.15 -56.057 0.283
647.20 -56.039 0.283
647.25 -56.021 0.283
647.30 -56.004 0.283
647.35 -55.986 0.283
647.40 -55.968 0.283
647.45 -55.951 0.283
647.50 -55.934 0.283
647.55 -55.916 0.283
647.60 -55.899 0.283
647.65 -55.882 0.283
647.70 -55.865 0.283
647.75 -55.848 0.283
647.80 -55.832 0.283
647.85 -55.815 0.283
647.90 -55.798 0.283
647.95 -55.782 0.283
648.00 -55.766 0.283
648.05 -55.749 0.283
648.10 -55.733 0.283
648.15 -55.717 0.283
648.20 -55.701 0.283
648.25 -55.685 0.283
648.30 -55.669 0.282
648.35 -55.653 0.282
648.40 -55.638 0.282
648.45 -55.622 0.282
648.50 -55.606 0.282
648.55 -55.591 0.282
648.60 -55.576 0.282
648.65 -55.560 0.282
648.70 -55.545 0.282
648.75 -55.530 0.282
648.80 -55.515 0.282
648.85 -55.500 0.282
648.90 -55.485 0.282
648.95 -55.470 0.282
649.00 -55.456 0.282
649.05 -55.441 0.282
649.10 -55.426 0.282
649.15 -55.412 0.282
649.20 -55.397 0.282
649.25 -55.383 0.282
649.30 -55.369 0.282
649.35 -55.355 0.282
649.40 -55.341 0.282
649.45 -55.327 0.282
649.50 -55.313 0.282
649.55 -55.299 0.282
649.60 -55.285 0.282
649.65 -55.271 0.282
649.70 -55.257 0.282
649.75 -55.244 0.282
649.80 -55.230 0.281
649.85 -55.217 0.281
649.90 -55.203 0.281
649.95 -55.190 0.281
650.00 -55.177 0.281
650.05 -55.164 0.281
650.10 -55.151 0.281
650.15 -55.138 0.281
650.20 -55.125 0.281
650.25 -55.112 0.281
650.30 -55.099 0.281
650.35 -55.086 0.281
650.40 -55.073 0.281
650.45 -55.061 0.281
650.50 -55.048 0.281
650.55 -55.036 0.281
650.60 -55.023 0.281
650.65 -55.011 0.281
650.70 -54.999 0.281
650.75 -54.986 0.281
650.80 -54.974 0.281
650.85 -54.962 0.281
650.90 -54.950 0.281
650.95 -54.938 0.281
651.00 -54.926 0.281
651.05 -54.914 0.281
651.10 -54.902 0.281
651.15 -54.891 0.281
651.20 -54.879 0.281
651.25 -54.867 0.281
651.30 -54.856 0.281
651.35 -54.844 0.280
651.40 -54.833 0.280
651.45 -54.821 0.280
651.50 -54.810 0.280
651.55 -54.799 0.280
651.60 -54.787 0.280
651.65 -54.776 0.280
651.70 -54.765 0.280
651.75 -54.754 0.280
651.80 -54.743 0.280
651.85 -54.732 0.280
651.90 -54.721 0.280
651.95 -54.710 0.280
652.00 -54.700 0.280
652.05 -54.689 0.280
652.10 -54.678 0.280
652.15 -54.668 0.280
652.20 -54.657 0.280
652.25 -54.646 0.280
652.30 -54.636 0.280
652.35 -54.626 0.280
652.40 -54.615 0.280
652.45 -54.605 0.280
652.50 -54.595 0.280
652.55 -54.584 0.280
652.60 -54.574 0.280
652.65 -54.564 0.280
652.70 -54.554 0.280
652.75 -54.544 0.280
652.80 -54.534 0.280
652.85 -54.524 0.280
652.90 -54.514 0.280
652.95 -54.505 0.280
653.00 -54.495 0.279
653.05 -54.485 0.279
653.10 -54.475 0.279
653.15 -54.466 0.279
653.20 -54.456 0.279
653.25 -54.447 0.279
653.30 -54.437 0.279
653.35 -54.428 0.279
653.40 -54.418 0.279
653.45 -54.409 0.279
653.50 -54.400 0.279
653.55 -54.391 0.279
653.60 -54.381 0.279
653.65 -54.372 0.279
653.70 -54.363 0.279
653.75 -54.354 0.279
653.80 -54.345 0.279
653.85 -54.336 0.279
653.90 -54.327 0.279
653.95 -54.318 0.279
654.00 -54.309 0.279
654.05 -54.301 0.279
654.10 -54.292 0.279
654.15 -54.283 0.279
654.20 -54.274 0.279
654.25 -54.266 0.279
654.30 -54.257 0.279
654.35 -54.249 0.279
654.40 -54.240 0.279
654.45 -54.232 0.279
654.50 -54.223 0.279
654.55 -54.215 0.279
654.60 -54.206 0.279
654.65 -54.198 0.278
654.70 -54.190 0.278
654.75 -54.181 0.278
654.80 -54.173 0.278
654.85 -54.165 0.278
654.90 -54.157 0.278
654.95 -54.149 0.278
655.00 -54.141 0.278
655.05 -54.133 0.278
655.10 -54.125 0.278
655.15 -54.117 0.278
655.20 -54.109 0.278
655.25 -54.101 0.278
655.30 -54.093 0.278
655.35 -54.086 0.278
655.40 -54.078 0.278
655.45 -54.070 0.278
655.50 -54.062 0.278
655.55 -54.055 0.278
655.60 -54.047 0.278
655.65 -54.040 0.278
655.70 -54.032 0.278
655.75 -54.025 0.278
655.80 -54.017 0.278
655.85 -54.010 0.278
655.90 -54.002 0.278
655.95 -53.995 0.278
656.00 -53.988 0.278
656.05 -53.980 0.278
656.10 -53.973 0.278
656.15 -53.966 0.278
656.20 -53.959 0.278
656.25 -53.951 0.278
656.30 -53.944 0.278
656.35 -53.937 0.278
656.40 -53.930 0.277
656.45 -53.923 0.277
656.50 -53.916 0.277
656.55 -53.909 0.277
656.60 -53.902 0.277
656.65 -53.895 0.277
656.70 -53.888 0.277
656.75 -53.881 0.277
656.80 -53.875 0.277
656.85 -53.868 0.277
656.90 -53.861 0.277
656.95 -53.854 0.277
657.00 -53.848 0.277
657.05 -53.841 0.277
657.10 -53.834 0.277
657.15 -53.828 0.277
657.20 -53.821 0.277
657.25 -53.815 0.277
657.30 -53.808 0.277
657.35 -53.802 0.277
657.40 -53.795 0.277
657.45 -53.789 0.277
657.50 -53.782 0.277
657.55 -53.776 0.277
657.60 -53.769 0.277
657.65 -53.763 0.277
657.70 -53.757 0.277
657.75 -53.751 0.277
657.80 -53.744 0.277
657.85 -53.738 0.277
657.90 -53.732 0.277
657.95 -53.726 0.277
658.00 -53.720 0.277
658.05 -53.714 0.277
658.10 -53.707 0.277
658.15 -53.701 0.277
658.20 -53.695 0.276
658.25 -53.689 0.276
658.30 -53.683 0.276
658.35 -53.677 0.276
658.40 -53.672 0.276
658.45 -53.666 0.276
658.50 -53.660 0.276
658.55 -53.654 0.276
658.60 -53.648 0.276
658.65 -53.642 0.276
658.70 -53.637 0.276
658.75 -53.631 0.276
658.80 -53.625 0.276
658.85 -53.619 0.276
658.90 -53.614 0.276
658.95 -53.608 0.276
659.00 -53.602 0.276
659.05 -53.597 0.276
659.10 -53.591 0.276
659.15 -53.586 0.276
659.20 -53.580 0.276
659.25 -53.575 0.276
659.30 -53.569 0.276
659.35 -53.564 0.276
659.40 -53.558 0.276
659.45 -53.553 0.276
659.50 -53.547 0.276
659.55 -53.542 0.276
659.60 -53.537 0.276
659.65 -53.531 0.276
659.70 -53.526 0.276
659.75 -53.521 0.276
659.80 -53.516 0.276
659.85 -53.510 0.276
659.90 -53.505 0.276
659.95 -53.500 0.276
660.00 -53.495 0.276
660.05 -53.490 0.275
660.10 -53.484 0.275
660.15 -53.479 0.275
660.20 -53.474 0.275
660.25 -53.469 0.275
660.30 -53.464 0.275
660.35 -53.459 0.275
660.40 -53.454 0.275
660.45 -53.449 0.275
660.50 -53.444 0.275
660.55 -53.439 0.275
660.60 -53.434 0.275
660.65 -53.429 0.275
660.70 -53.424 0.275
660.75 -53.420 0.275
660.80 -53.415 0.275
660.85 -53.410 0.275
660.90 -53.405 0.275
660.95 -53.400 0.275
661.00 -53.395 0.275
661.05 -53.391 0.275
661.10 -53.386 0.275
661.15 -53.381 0.275
661.20 -53.377 0.275
661.25 -53.372 0.275
661.30 -53.367 0.275
661.35 -53.363 0.275
661.40 -53.358 0.275
661.45 -53.353 0.275
661.50 -53.349 0.275
661.55 -53.344 0.275
661.60 -53.340 0.275
661.65 -53.335 0.275
661.70 -53.331 0.275
661.75 -53.326 0.275
661.80 -53.322 0.275
661.85 -53.317 0.275
661.90 -53.313 0.275
661.95 -53.308 0.274
662.00 -53.304 0.274
662.05 -53.300 0.274
662.10 -53.295 0.274
662.15 -53.291 0.274
662.20 -53.286 0.274
662.25 -53.282 0.274
662.30 -53.278 0.274
662.35 -53.274 0.274
662.40 -53.269 0.274
662.45 -53.265 0.274
662.50 -53.261 0.274
662.55 -53.257 0.274
662.60 -53.252 0.274
662.65 -53.248 0.274
662.70 -53.244 0.274
662.75 -53.240 0.274
662.80 -53.236 0.274
662.85 -53.231 0.274
662.90 -53.227 0.274
662.95 -53.223 0.274
663.00 -53.219 0.274
663.05 -53.215 0.274
663.10 -53.211 0.274
663.15 -53.207 0.274
663.20 -53.203 0.274
663.25 -53.199 0.274
663.30 -53.195 0.274
663.35 -53.191 0.274
663.40 -53.187 0.274
663.45 -53.183 0.274
663.50 -53.179 0.274
663.55 -53.175 0.274
663.60 -53.171 0.274
663.65 -53.167 0.274
663.70 -53.164 0.274
663.75 -53.160 0.274
663.80 -53.156 0.274
663.85 -53.152 0.274
663.90 -53.148 0.273
663.95 -53.144 0.273
664.00 -53.141 0.273
664.05 -53.137 0.273
664.10 -53.133 0.273
664.15 -53.129 0.273
664.20 -53.126 0.273
664.25 -53.122 0.273
664.30 -53.118 0.273
664.35 -53.114 0.273
664.40 -53.111 0.273
664.45 -53.107 0.273
664.50 -53.103 0.273
664.55 -53.100 0.273
664.60 -53.096 0.273
664.65 -53.093 0.273
664.70 -53.089 0.273
664.75 -53.085 0.273
664.80 -53.082 0.273
664.85 -53.078 0.273
664.90 -53.075 0.273
664.95 -53.071 0.273
665.00 -53.068 0.273
665.05 -53.064 0.273
665.10 -53.061 0.273
665.15 -53.057 0.273
665.20 -53.054 0.273
665.25 -53.050 0.273
665.30 -53.047 0.273
665.35 -53.043 0.273
665.40 -53.040 0.273
665.45 -53.036 0.273
665.50 -53.033 0.273
665.55 -53.030 0.273
665.60 -53.026 0.273
665.65 -53.023 0.273
665.70 -53.019 0.273
665.75 -53.016 0.273
665.80 -53.013 0.273
665.85 -53.009 0.273
665.90 -53.006 0.272
665.95 -53.003 0.272
666.00 -52.999 0.272
666.05 -52.996 0.272
666.10 -52.993 0.272
666.15 -52.990 0.272
666.20 -52.986 0.272
666.25 -52.983 0.272
666.30 -52.980 0.272
666.35 -52.977 0.272
666.40 -52.974 0.272
666.45 -52.970 0.272
666.50 -52.967 0.272
666.55 -52.964 0.272
666.60 -52.961 0.272
666.65 -52.958 0.272
666.70 -52.955 0.272
666.75 -52.951 0.272
666.80 -52.948 0.272
666.85 -52.945 0.272
666.90 -52.942 0.272
666.95 -52.939 0.272
667.00 -52.936 0.272
667.05 -52.933 0.272
667.10 -52.930 0.272
667.15 -52.927 0.272
667.20 -52.924 0.272
667.25 -52.921 0.272
667.30 -52.918 0.272
667.35 -52.915 0.272
667.40 -52.912 0.272
667.45 -52.909 0.272
667.50 -52.906 0.272
667.55 -52.903 0.272
667.60 -52.900 0.272
667.65 -52.897 0.272
667.70 -52.894 0.272
667.75 -52.891 0.272
667.80 -52.888 0.272
667.85 -52.885 0.272
667.90 -52.882 0.271
667.95 -52.879 0.271
668.00 -52.876 0.271
668.05 -52.873 0.271
668.10 -52.871 0.271
668.15 -52.868 0.271
668.20 -52.865 0.271
668.25 -52.862 0.271
668.30 -52.859 0.271
668.35 -52.856 0.271
668.40 -52.854 0.271
668.45 -52.851 0.271
668.50 -52.848 0.271
668.55 -52.845 0.271
668.60 -52.842 0.271
668.65 -52.840 0.271
668.70 -52.837 0.271
668.75 -52.834 0.271
668.80 -52.831 0.271
668.85 -52.829 0.271
668.90 -52.826 0.271
668.95 -52.823 0.271
669.00 -52.820 0.271
669.05 -52.818 0.271
669.10 -52.815 0.271
669.15 -52.812 0.271
669.20 -52.810 0.271
669.25 -52.807 0.271
669.30 -52.804 0.271
669.35 -52.802 0.271
669.40 -52.799 0.271
669.45 -52.796 0.271
669.50 -52.794 0.271
669.55 -52.791 0.271
669.60 -52.789 0.271
669.65 -52.786 0.271
669.70 -52.783 0.271
669.75 -52.781 0.271
669.80 -52.778 0.271
669.85 -52.776 0.271
669.90 -52.773 0.271
669.95 -52.771 0.271
670.00 -52.768 0.270
670.05 -52.765 0.270
670.10 -52.763 0.270
670.15 -52.760 0.270
670.20 -52.758 0.270
670.25 -52.755 0.270
670.30 -52.753 0.270
670.35 -52.750 0.270
670.40 -52.748 0.270
670.45 -52.745 0.270
670.50 -52.743 0.270
670.55 -52.740 0.270
670.60 -52.738 0.270
670.65 -52.735 0.270
670.70 -52.733 0.270
670.75 -52.731 0.270
670.80 -52.728 0.270
670.85 -52.726 0.270
670.90 -52.723 0.270
670.95 -52.721 0.270
671.00 -52.718 0.270
671.05 -52.716 0.270
671.10 -52.714 0.270
671.15 -52.711 0.270
671.20 -52.709 0.270
671.25 -52.706 0.270
671.30 -52.704 0.270
671.35 -52.702 0.270
671.40 -52.699 0.270
671.45 -52.697 0.270
671.50 -52.695 0.270
671.55 -52.692 0.270
671.60 -52.690 0.270
671.65 -52.688 0.270
671.70 -52.685 0.270
671.75 -52.683 0.270
671.80 -52.681 0.270
671.85 -52.678 0.270
671.90 -52.676 0.270
671.95 -52.674 0.270
672.00 -52.672 0.270
672.05 -52.669 0.270
672.10 -52.667 0.269
672.15 -52.665 0.269
672.20 -52.663 0.269
672.25 -52.660 0.269
672.30 -52.658 0.269
672.35 -52.656 0.269
672.40 -52.654 0.269
672.45 -52.651 0.269
672.50 -52.649 0.269
672.55 -52.647 0.269
672.60 -52.645 0.269
672.65 -52.643 0.269
672.70 -52.640 0.269
672.75 -52.638 0.269
672.80 -52.636 0.269
672.85 -52.634 0.269
672.90 -52.632 0.269
672.95 -52.629 0.269
673.00 -52.627 0.269
673.05 -52.625 0.269
673.10 -52.623 0.269
673.15 -52.621 0.269
673.20 -52.619 0.269
673.25 -52.617 0.269
673.30 -52.614 0.269
673.35 -52.612 0.269
673.40 -52.610 0.269
673.45 -52.608 0.269
673.50 -52.606 0.269
673.55 -52.604 0.269
673.60 -52.602 0.269
673.65 -52.600 0.269
673.70 -52.598 0.269
673.75 -52.596 0.269
673.80 -52.594 0.269
673.85 -52.591 0.269
673.90 -52.589 0.269
673.95 -52.587 0.269
674.00 -52.585 0.269
674.05 -52.583 0.269
674.10 -52.581 0.269
674.15 -52.579 0.269
674.20 -52.577 0.269
674.25 -52.575 0.268
674.30 -52.573 0.268
674.35 -52.571 0.268
674.40 -52.569 0.268
674.45 -52.567 0.268
674.50 -52.565 0.268
674.55 -52.563 0.268
674.60 -52.561 0.268
674.65 -52.559 0.268
674.70 -52.557 0.268
674.75 -52.555 0.268
674.80 -52.553 0.268
674.85 -52.551 0.268
674.90 -52.549 0.268
674.95 -52.547 0.268
675.00 -52.545 0.268
675.05 -52.543 0.268
675.10 -52.541 0.268
675.15 -52.539 0.268
675.20 -52.538 0.268
675.25 -52.536 0.268
675.30 -52.534 0.268
675.35 -52.532 0.268
675.40 -52.530 0.268
675.45 -52.528 0.268
675.50 -52.526 0.268
675.55 -52.524 0.268
675.60 -52.522 0.268
675.65 -52.520 0.268
675.70 -52.518 0.268
675.75 -52.517 0.268
675.80 -52.515 0.268
675.85 -52.513 0.268
675.90 -52.511 0.268
675.95 -52.509 0.268
676.00 -52.507 0.268
676.05 -52.505 0.268
676.10 -52.503 0.268
676.15 -52.502 0.268
676.20 -52.500 0.268
676.25 -52.498 0.268
676.30 -52.496 0.268
676.35 -52.494 0.268
676.40 -52.492 0.268
676.45 -52.491 0.267
676.50 -52.489 0.267
676.55 -52.487 0.267
676.60 -52.485 0.267
676.65 -52.483 0.267
676.70 -52.481 0.267
676.75 -52.480 0.267
676.80 -52.478 0.267
676.85 -52.476 0.267
676.90 -52.474 0.267
676.95 -52.473 0.267
677.00 -52.471 0.267
677.05 -52.469 0.267
677.10 -52.467 0.267
677.15 -52.465 0.267
677.20 -52.464 0.267
677.25 -52.462 0.267
677.30 -52.460 0.267
677.35 -52.458 0.267
677.40 -52.457 0.267
677.45 -52.455 0.267
677.50 -52.453 0.267
677.55 -52.451 0.267
677.60 -52.450 0.267
677.65 -52.448 0.267
677.70 -52.446 0.267
677.75 -52.444 0.267
677.80 -52.443 0.267
677.85 -52.441 0.267
677.90 -52.439 0.267
677.95 -52.438 0.267
678.00 -52.436 0.267
678.05 -52.434 0.267
678.10 -52.432 0.267
678.15 -52.431 0.267
678.20 -52.429 0.267
678.25 -52.427 0.267
678.30 -52.426 0.267
678.35 -52.424 0.267
678.40 -52.422 0.267
678.45 -52.421 0.267
678.50 -52.419 0.267
678.55 -52.417 0.267
678.60 -52.416 0.267
678.65 -52.414 0.267
678.70 -52.412 0.266
678.75 -52.411 0.266
678.80 -52.409 0.266
678.85 -52.407 0.266
678.90 -52.406 0.266
678.95 -52.404 0.266
679.00 -52.402 0.266
679.05 -52.401 0.266
679.10 -52.399 0.266
679.15 -52.398 0.266
679.20 -52.396 0.266
679.25 -52.394 0.266
679.30 -52.393 0.266
679.35 -52.391 0.266
679.40 -52.389 0.266
679.45 -52.388 0.266
679.50 -52.386 0.266
679.55 -52.385 0.266
679.60 -52.383 0.266
679.65 -52.381 0.266
679.70 -52.380 0.266
679.75 -52.378 0.266
679.80 -52.377 0.266
679.85 -52.375 0.266
679.90 -52.373 0.266
679.95 -52.372 0.266
680.00 -52.370 0.266
680.05 -52.369 0.266
680.10 -52.367 0.266
680.15 -52.366 0.266
680.20 -52.364 0.266
680.25 -52.362 0.266
680.30 -52.361 0.266
680.35 -52.359 0.266
680.40 -52.358 0.266
680.45 -52.356 0.266
680.50 -52.355 0.266
680.55 -52.353 0.266
680.60 -52.352 0.266
680.65 -52.350 0.266
680.70 -52.348 0.266
680.75 -52.347 0.266
680.80 -52.345 0.266
680.85 -52.344 0.266
680.90 -52.342 0.266
680.95 -52.341 0.266
681.00 -52.339 0.265
681.05 -52.338 0.265
681.10 -52.336 0.265
681.15 -52.335 0.265
681.20 -52.333 0.265
681.25 -52.332 0.265
681.30 -52.330 0.265
681.35 -52.329 0.265
681.40 -52.327 0.265
681.45 -52.326 0.265
681.50 -52.324 0.265
681.55 -52.323 0.265
681.60 -52.321 0.265
681.65 -52.320 0.265
681.70 -52.318 0.265
681.75 -52.317 0.265
681.80 -52.315 0.265
681.85 -52.314 0.265
681.90 -52.312 0.265
681.95 -52.311 0.265
682.00 -52.309 0.265
682.05 -52.308 0.265
682.10 -52.307 0.265
682.15 -52.305 0.265
682.20 -52.304 0.265
682.25 -52.302 0.265
682.30 -52.301 0.265
682.35 -52.299 0.265
682.40 -52.298 0.265
682.45 -52.296 0.265
682.50 -52.295 0.265
682.55 -52.293 0.265
682.60 -52.292 0.265
682.65 -52.291 0.265
682.70 -52.289 0.265
682.75 -52.288 0.265
682.80 -52.286 0.265
682.85 -52.285 0.265
682.90 -52.283 0.265
682.95 -52.282 0.265
683.00 -52.281 0.265
683.05 -52.279 0.265
683.10 -52.278 0.265
683.15 -52.276 0.265
683.20 -52.275 0.265
683.25 -52.274 0.265
683.30 -52.272 0.264
683.35 -52.271 0.264
683.40 -52.269 0.264
683.45 -52.268 0.264
683.50 -52.267 0.264
683.55 -52.265 0.264
683.60 -52.264 0.264
683.65 -52.262 0.264
683.70 -52.261 0.264
683.75 -52.260 0.264
683.80 -52.258 0.264
683.85 -52.257 0.264
683.90 -52.255 0.264
683.95 -52.254 0.264
684.00 -52.253 0.264
684.05 -52.251 0.264
684.10 -52.250 0.264
684.15 -52.249 0.264
684.20 -52.247 0.264
684.25 -52.246 0.264
684.30 -52.244 0.264
684.35 -52.243 0.264
684.40 -52.242 0.264
684.45 -52.240 0.264
684.50 -52.239 0.264
684.55 -52.238 0.264
684.60 -52.236 0.264
684.65 -52.235 0.264
684.70 -52.234 0.264
684.75 -52.232 0.264
684.80 -52.231 0.264
684.85 -52.230 0.264
684.90 -52.228 0.264
684.95 -52.227 0.264
685.00 -52.226 0.264
685.05 -52.224 0.264
685.10 -52.223 0.264
685.15 -52.222 0.264
685.20 -52.220 0.264
685.25 -52.219 0.264
685.30 -52.218 0.264
685.35 -52.216 0.264
685.40 -52.215 0.264
685.45 -52.214 0.264
685.50 -52.212 0.264
685.55 -52.211 0.264
685.60 -52.210 0.264
685.65 -52.208 0.263
685.70 -52.207 0.263
685.75 -52.206 0.263
685.80 -52.204 0.263
685.85 -52.203 0.263
685.90 -52.202 0.263
685.95 -52.200 0.263
686.00 -52.199 0.263
686.05 -52.198 0.263
686.10 -52.197 0.263
686.15 -52.195 0.263
686.20 -52.194 0.263
686.25 -52.193 0.263
686.30 -52.191 0.263
686.35 -52.190 0.263
686.40 -52.189 0.263
686.45 -52.188 0.263
686.50 -52.186 0.263
686.55 -52.185 0.263
686.60 -52.184 0.263
686.65 -52.182 0.263
686.70 -52.181 0.263
686.75 -52.180 0.263
686.80 -52.179 0.263
686.85 -52.177 0.263
686.90 -52.176 0.263
686.95 -52.175 0.263
687.00 -52.174 0.263
687.05 -52.172 0.263
687.10 -52.171 0.263
687.15 -52.170 0.263
687.20 -52.169 0.263
687.25 -52.167 0.263
687.30 -52.166 0.263
687.35 -52.165 0.263
687.40 -52.163 0.263
687.45 -52.162 0.263
687.50 -52.161 0.263
687.55 -52.160 0.263
687.60 -52.158 0.263
687.65 -52.157 0.263
687.70 -52.156 0.263
687.75 -52.155 0.263
687.80 -52.154 0.263
687.85 -52.152 0.263
687.90 -52.151 0.263
687.95 -52.150 0.263
688.00 -52.149 0.263
688.05 -52.147 0.262
688.10 -52.146 0.262
688.15 -52.145 0.262
688.20 -52.144 0.262
688.25 -52.142 0.262
688.30 -52.141 0.262
688.35 -52.140 0.262
688.40 -52.139 0.262
688.45 -52.138 0.262
688.50 -52.136 0.262
688.55 -52.135 0.262
688.60 -52.134 0.262
688.65 -52.133 0.262
688.70 -52.131 0.262
688.75 -52.130 0.262
688.80 -52.129 0.262
688.85 -52.128 0.262
688.90 -52.127 0.262
688.95 -52.125 0.262
689.00 -52.124 0.262
689.05 -52.123 0.262
689.10 -52.122 0.262
689.15 -52.121 0.262
689.20 -52.119 0.262
689.25 -52.118 0.262
689.30 -52.117 0.262
689.35 -52.116 0.262
689.40 -52.115 0.262
689.45 -52.113 0.262
689.50 -52.112 0.262
689.55 -52.111 0.262
689.60 -52.110 0.262
689.65 -52.109 0.262
689.70 -52.107 0.262
689.75 -52.106 0.262
689.80 -52.105 0.262
689.85 -52.104 0.262
689.90 -52.103 0.262
689.95 -52.101 0.262
690.00 -52.100 0.262
690.05 -52.099 0.262
690.10 -52.098 0.262
690.15 -52.097 0.262
690.20 -52.096 0.262
690.25 -52.094 0.262
690.30 -52.093 0.262
690.35 -52.092 0.262
690.40 -52.091 0.262
690.45 -52.090 0.262
690.50 -52.089 0.261
690.55 -52.087 0.261
690.60 -52.086 0.261
690.65 -52.085 0.261
690.70 -52.084 0.261
690.75 -52.083 0.261
690.80 -52.082 0.261
690.85 -52.080 0.261
690.90 -52.079 0.261
690.95 -52.078 0.261
691.00 -52.077 0.261
691.05 -52.076 0.261
691.10 -52.075 0.261
691.15 -52.073 0.261
691.20 -52.072 0.261
691.25 -52.071 0.261
691.30 -52.070 0.261
691.35 -52.069 0.261
691.40 -52.068 0.261
691.45 -52.067 0.261
691.50 -52.065 0.261
691.55 -52.064 0.261
691.60 -52.063 0.261
691.65 -52.062 0.261
691.70 -52.061 0.261
691.75 -52.060 0.261
691.80 -52.059 0.261
691.85 -52.057 0.261
691.90 -52.056 0.261
691.95 -52.055 0.261
692.00 -52.054 0.261
692.05 -52.053 0.261
692.10 -52.052 0.261
692.15 -52.051 0.261
692.20 -52.050 0.261
692.25 -52.048 0.261
692.30 -52.047 0.261
692.35 -52.046 0.261
692.40 -52.045 0.261
692.45 -52.044 0.261
692.50 -52.043 0.261
692.55 -52.042 0.261
692.60 -52.041 0.261
692.65 -52.039 0.261
692.70 -52.038 0.261
692.75 -52.037 0.261
692.80 -52.036 0.261
692.85 -52.035 0.261
692.90 -52.034 0.261
692.95 -52.033 0.261
693.00 -52.032 0.260
693.05 -52.030 0.260
693.10 -52.029 0.260
693.15 -52.028 0.260
693.20 -52.027 0.260
693.25 -52.026 0.260
693.30 -52.025 0.260
693.35 -52.024 0.260
693.40 -52.023 0.260
693.45 -52.022 0.260
693.50 -52.020 0.260
693.55 -52.019 0.260
693.60 -52.018 0.260
693.65 -52.017 0.260
693.70 -52.016 0.260
693.75 -52.015 0.260
693.80 -52.014 0.260
693.85 -52.013 0.260
693.90 -52.012 0.260
693.95 -52.011 0.260
694.00 -52.009 0.260
694.05 -52.008 0.260
694.10 -52.007 0.260
694.15 -52.006 0.260
694.20 -52.005 0.260
694.25 -52.004 0.260
694.30 -52.003 0.260
694.35 -52.002 0.260
694.40 -52.001 0.260
694.45 -52.000 0.260
694.50 -51.999 0.260
694.55 -51.997 0.260
694.60 -51.996 0.260
694.65 -51.995 0.260
694.70 -51.994 0.260
694.75 -51.993 0.260
694.80 -51.992 0.260
694.85 -51.991 0.260
694.90 -51.990 0.260
694.95 -51.989 0.260
695.00 -51.988 0.260
695.05 -51.987 0.260
695.10 -51.986 0.260
695.15 -51.985 0.260
695.20 -51.983 0.260
695.25 -51.982 0.260
695.30 -51.981 0.260
695.35 -51.980 0.260
695.40 -51.979 0.260
695.45 -51.978 0.260
695.50 -51.977 0.259
695.55 -51.976 0.259
695.60 -51.975 0.259
695.65 -51.974 0.259
695.70 -51.973 0.259
695.75 -51.972 0.259
695.80 -51.971 0.259
695.85 -51.970 0.259
695.90 -51.968 0.259
695.95 -51.967 0.259
696.00 -51.966 0.259
696.05 -51.965 0.259
696.10 -51.964 0.259
696.15 -51.963 0.259
696.20 -51.962 0.259
696.25 -51.961 0.259
696.30 -51.960 0.259
696.35 -51.959 0.259
696.40 -51.958 0.259
696.45 -51.957 0.259
696.50 -51.956 0.259
696.55 -51.955 0.259
696.60 -51.954 0.259
696.65 -51.953 0.259
696.70 -51.952 0.259
696.75 -51.950 0.259
696.80 -51.949 0.259
696.85 -51.948 0.259
696.90 -51.947 0.259
696.95 -51.946 0.259
697.00 -51.945 0.259
697.05 -51.944 0.259
697.10 -51.943 0.259
697.15 -51.942 0.259
697.20 -51.941 0.259
697.25 -51.940 0.259
697.30 -51.939 0.259
697.35 -51.938 0.259
697.40 -51.937 0.259
697.45 -51.936 0.259
697.50 -51.935 0.259
697.55 -51.934 0.259
697.60 -51.933 0.259
697.65 -51.932 0.259
697.70 -51.931 0.259
697.75 -51.930 0.259
697.80 -51.928 0.259
697.85 -51.927 0.259
697.90 -51.926 0.259
697.95 -51.925 0.259
698.00 -51.924 0.259
698.05 -51.923 0.259
698.10 -51.922 0.258
698.15 -51.921 0.258
698.20 -51.920 0.258
698.25 -51.919 0.258
698.30 -51.918 0.258
698.35 -51.917 0.258
698.40 -51.916 0.258
698.45 -51.915 0.258
698.50 -51.914 0.258
698.55 -51.913 0.258
698.60 -51.912 0.258
698.65 -51.911 0.258
698.70 -51.910 0.258
698.75 -51.909 0.258
698.80 -51.908 0.258
698.85 -51.907 0.258
698.90 -51.906 0.258
698.95 -51.905 0.258
699.00 -51.904 0.258
699.05 -51.903 0.258
699.10 -51.902 0.258
699.15 -51.901 0.258
699.20 -51.900 0.258
699.25 -51.899 0.258
699.30 -51.898 0.258
699.35 -51.897 0.258
699.40 -51.896 0.258
699.45 -51.895 0.258
699.50 -51.894 0.258
699.55 -51.893 0.258
699.60 -51.891 0.258
699.65 -51.890 0.258
699.70 -51.889 0.258
699.75 -51.888 0.258
699.80 -51.887 0.258
699.85 -51.886 0.258
699.90 -51.885 0.258
699.95 -51.884 0.258
700.00 -51.883 0.258
700.05 -52.003 0.258
700.10 -52.122 0.258
700.15 -52.240 0.258
700.20 -52.358 0.258
700.25 -52.476 0.258
700.30 -52.593 0.258
700.35 -52.710 0.258
700.40 -52.826 0.258
700.45 -52.942 0.258
700.50 -53.057 0.258
700.55 -53.172 0.258
700.60 -53.287 0.258
700.65 -53.400 0.257
700.70 -53.514 0.257
700.75 -53.627 0.257
700.80 -53.739 0.257
700.85 -53.851 0.257
700.90 -53.962 0.257
700.95 -54.073 0.257
701.00 -54.183 0.257
701.05 -54.292 0.257
701.10 -54.402 0.257
701.15 -54.510 0.257
701.20 -54.618 0.257
701.25 -54.725 0.257
701.30 -54.832 0.257
701.35 -54.938 0.257
701.40 -55.044 0.257
701.45 -55.149 0.257
701.50 -55.254 0.257
701.55 -55.358 0.257
701.60 -55.461 0.257
701.65 -55.564 0.257
701.70 -55.666 0.257
701.75 -55.768 0.257
701.80 -55.869 0.257
701.85 -55.969 0.257
701.90 -56.069 0.257
701.95 -56.169 0.257
702.00 -56.268 0.257
702.05 -56.366 0.257
702.10 -56.464 0.257
702.15 -56.561 0.257
702.20 -56.658 0.257
702.25 -56.754 0.257
702.30 -56.849 0.257
702.35 -56.944 0.257
702.40 -57.039 0.257
702.45 -57.133 0.256
702.50 -57.226 0.256
702.55 -57.319 0.256
702.60 -57.411 0.256
702.65 -57.503 0.256
702.70 -57.594 0.256
702.75 -57.685 0.256
702.80 -57.775 0.256
702.85 -57.864 0.256
702.90 -57.953 0.256
702.95 -58.042 0.256
703.00 -58.130 0.256
703.05 -58.218 0.256
703.10 -58.305 0.256
703.15 -58.391 0.256
703.20 -58.477 0.256
703.25 -58.563 0.256
703.30 -58.648 0.256
703.35 -58.732 0.256
703.40 -58.816 0.256
703.45 -58.900 0.256
703.50 -58.983 0.256
703.55 -59.065 0.256
703.60 -59.147 0.256
703.65 -59.229 0.256
703.70 -59.310 0.256
703.75 -59.391 0.256
703.80 -59.471 0.256
703.85 -59.550 0.255
703.90 -59.630 0.255
703.95 -59.708 0.255
704.00 -59.787 0.255
704.05 -59.864 0.255
704.10 -59.942 0.255
704.15 -60.019 0.255
704.20 -60.095 0.255
704.25 -60.171 0.255
704.30 -60.246 0.255
704.35 -60.322 0.255
704.40 -60.396 0.255
704.45 -60.470 0.255
704.50 -60.544 0.255
704.55 -60.617 0.255
704.60 -60.690 0.255
704.65 -60.763 0.255
704.70 -60.835 0.255
704.75 -60.906 0.255
704.80 -60.978 0.255
704.85 -61.048 0.255
704.90 -61.119 0.255
704.95 -61.189 0.255
705.00 -61.258 0.255
705.05 -61.327 0.254
705.10 -61.396 0.254
705.15 -61.464 0.254
705.20 -61.532 0.254
705.25 -61.600 0.254
705.30 -61.667 0.254
705.35 -61.733 0.254
705.40 -61.800 0.254
705.45 -61.865 0.254
705.50 -61.931 0.254
705.55 -61.996 0.254
705.60 -62.061 0.254
705.65 -62.125 0.254
705.70 -62.189 0.254
705.75 -62.253 0.254
705.80 -62.316 0.254
705.85 -62.379 0.254
705.90 -62.441 0.254
705.95 -62.503 0.254
706.00 -62.565 0.254
706.05 -62.626 0.254
706.10 -62.687 0.254
706.15 -62.748 0.254
706.20 -62.808 0.253
706.25 -62.868 0.253
706.30 -62.928 0.253
706.35 -62.987 0.253
706.40 -63.046 0.253
706.45 -63.104 0.253
706.50 -63.162 0.253
706.55 -63.220 0.253
706.60 -63.277 0.253
706.65 -63.335 0.253
706.70 -63.391 0.253
706.75 -63.448 0.253
706.80 -63.504 0.253
706.85 -63.560 0.253
706.90 -63.615 0.253
706.95 -63.670 0.253
707.00 -63.725 0.253
707.05 -63.779 0.253
707.10 -63.833 0.253
707.15 -63.887 0.253
707.20 -63.941 0.252
707.25 -63.994 0.252
707.30 -64.047 0.252
707.35 -64.099 0.252
707.40 -64.151 0.252
707.45 -64.203 0.252
707.50 -64.255 0.252
707.55 -64.306 0.252
707.60 -64.357 0.252
707.65 -64.408 0.252
707.70 -64.458 0.252
707.75 -64.508 0.252
707.80 -64.558 0.252
707.85 -64.608 0.252
707.90 -64.657 0.252
707.95 -64.706 0.252
708.00 -64.754 0.252
708.05 -64.803 0.252
708.10 -64.851 0.252
708.15 -64.898 0.252
708.20 -64.946 0.251
708.25 -64.993 0.251
708.30 -65.040 0.251
708.35 -65.087 0.251
708.40 -65.133 0.251
708.45 -65.179 0.251
708.50 -65.225 0.251
708.55 -65.270 0.251
708.60 -65.316 0.251
708.65 -65.361 0.251
708.70 -65.405 0.251
708.75 -65.450 0.251
708.80 -65.494 0.251
708.85 -65.538 0.251
708.90 -65.581 0.251
708.95 -65.625 0.251
709.00 -65.668 0.251
709.05 -65.711 0.251
709.10 -65.753 0.250
709.15 -65.796 0.250
709.20 -65.838 0.250
709.25 -65.880 0.250
709.30 -65.921 0.250
709.35 -65.963 0.250
709.40 -66.004 0.250
709.45 -66.045 0.250
709.50 -66.085 0.250
709.55 -66.126 0.250
709.60 -66.166 0.250
709.65 -66.206 0.250
709.70 -66.245 0.250
709.75 -66.285 0.250
709.80 -66.324 0.250
709.85 -66.363 0.250
709.90 -66.402 0.250
709.95 -66.440 0.250
710.00 -66.478 0.249
710.05 -66.516 0.249
710.10 -66.554 0.249
710.15 -66.592 0.249
710.20 -66.629 0.249
710.25 -66.666 0.249
710.30 -66.703 0.249
710.35 -66.740 0.249
710.40 -66.776 0.249
710.45 -66.813 0.249
710.50 -66.849 0.249
710.55 -66.884 0.249
710.60 -66.920 0.249
710.65 -66.955 0.249
710.70 -66.991 0.249
710.75 -67.026 0.249
710.80 -67.060 0.249
710.85 -67.095 0.248
710.90 -67.129 0.248
710.95 -67.163 0.248
711.00 -67.197 0.248
711.05 -67.231 0.248
711.10 -67.265 0.248
711.15 -67.298 0.248
711.20 -67.331 0.248
711.25 -67.364 0.248
711.30 -67.397 0.248
711.35 -67.429 0.248
711.40 -67.462 0.248
711.45 -67.494 0.248
711.50 -67.526 0.248
711.55 -67.557 0.248
711.60 -67.589 0.248
711.65 -67.620 0.248
711.70 -67.652 0.247
711.75 -67.683 0.247
711.80 -67.713 0.247
711.85 -67.744 0.247
711.90 -67.774 0.247
711.95 -67.805 0.247
712.00 -67.835 0.247
712.05 -67.865 0.247
712.10 -67.894 0.247
712.15 -67.924 0.247
712.20 -67.953 0.247
712.25 -67.983 0.247
712.30 -68.012 0.247
712.35 -68.040 0.247
712.40 -68.069 0.247
712.45 -68.098 0.247
712.50 -68.126 0.246
712.55 -68.154 0.246
712.60 -68.182 0.246
712.65 -68.210 0.246
712.70 -68.237 0.246
712.75 -68.265 0.246
712.80 -68.292 0.246
712.85 -68.319 0.246
712.90 -68.346 0.246
712.95 -68.373 0.246
713.00 -68.400 0.246
713.05 -68.426 0.246
713.10 -68.453 0.246
713.15 -68.479 0.246
713.20 -68.505 0.246
713.25 -68.531 0.246
713.30 -68.557 0.245
713.35 -68.582 0.245
713.40 -68.608 0.245
713.45 -68.633 0.245
713.50 -68.658 0.245
713.55 -68.683 0.245
713.60 -68.708 0.245
713.65 -68.732 0.245
713.70 -68.757 0.245
713.75 -68.781 0.245
713.80 -68.805 0.245
713.85 -68.829 0.245
713.90 -68.853 0.245
713.95 -68.877 0.245
714.00 -68.901 0.245
714.05 -68.924 0.245
714.10 -68.948 0.244
714.15 -68.971 0.244
714.20 -68.994 0.244
714.25 -69.017 0.244
714.30 -69.040 0.244
714.35 -69.062 0.244
714.40 -69.085 0.244
714.45 -69.107 0.244
714.50 -69.129 0.244
714.55 -69.151 0.244
714.60 -69.173 0.244
714.65 -69.195 0.244
714.70 -69.217 0.244
714.75 -69.239 0.244
714.80 -69.260 0.244
714.85 -69.281 0.243
714.90 -69.302 0.243
714.95 -69.324 0.243
715.00 -69.344 0.243
715.05 -69.365 0.243
715.10 -69.386 0.243
715.15 -69.406 0.243
715.20 -69.427 0.243
715.25 -69.447 0.243
715.30 -69.467 0.243
715.35 -69.487 0.243
715.40 -69.507 0.243
715.45 -69.527 0.243
715.50 -69.547 0.243
715.55 -69.566 0.243
715.60 -69.586 0.242
715.65 -69.605 0.242
715.70 -69.624 0.242
715.75 -69.644 0.242
715.80 -69.663 0.242
715.85 -69.681 0.242
715.90 -69.700 0.242
715.95 -69.719 0.242
716.00 -69.737 0.242
716.05 -69.756 0.242
716.10 -69.774 0.242
716.15 -69.792 0.242
716.20 -69.810 0.242
716.25 -69.828 0.242
716.30 -69.846 0.242
716.35 -69.864 0.241
716.40 -69.882 0.241
716.45 -69.899 0.241
716.50 -69.917 0.241
716.55 -69.934 0.241
716.60 -69.951 0.241
716.65 -69.968 0.241
716.70 -69.985 0.241
716.75 -70.002 0.241
716.80 -70.019 0.241
716.85 -70.036 0.241
716.90 -70.052 0.241
716.95 -70.069 0.241
717.00 -70.085 0.241
717.05 -70.101 0.241
717.10 -70.118 0.240
717.15 -70.134 0.240
717.20 -70.150 0.240
717.25 -70.166 0.240
717.30 -70.181 0.240
717.35 -70.197 0.240
717.40 -70.213 0.240
717.45 -70.228 0.240
717.50 -70.244 0.240
717.55 -70.259 0.240
717.60 -70.274 0.240
717.65 -70.289 0.240
717.70 -70.304 0.240
717.75 -70.319 0.240
717.80 -70.334 0.240
717.85 -70.349 0.239
717.90 -70.364 0.239
717.95 -70.378 0.239
718.00 -70.393 0.239
718.05 -70.407 0.239
718.10 -70.422 0.239
718.15 -70.436 0.239
718.20 -70.450 0.239
718.25 -70.464 0.239
718.30 -70.478 0.239
718.35 -70.492 0.239
718.40 -70.506 0.239
718.45 -70.519 0.239
718.50 -70.533 0.239
718.55 -70.547 0.239
718.60 -70.560 0.238
718.65 -70.573 0.238
718.70 -70.587 0.238
718.75 -70.600 0.238
718.80 -70.613 0.238
718.85 -70.626 0.238
718.90 -70.639 0.238
718.95 -70.652 0.238
719.00 -70.665 0.238
719.05 -70.678 0.238
719.10 -70.690 0.238
719.15 -70.703 0.238
719.20 -70.715 0.238
719.25 -70.728 0.238
719.30 -70.740 0.238
719.35 -70.752 0.237
719.40 -70.765 0.237
719.45 -70.777 0.237
719.50 -70.789 0.237
719.55 -70.801 0.237
719.60 -70.813 0.237
719.65 -70.824 0.237
719.70 -70.836 0.237
719.75 -70.848 0.237
719.80 -70.859 0.237
719.85 -70.871 0.237
719.90 -70.882 0.237
719.95 -70.894 0.237
720.00 -70.905 0.237
720.05 -70.916 0.236
720.10 -70.928 0.236
720.15 -70.939 0.236
720.20 -70.950 0.236
720.25 -70.961 0.236
720.30 -70.972 0.236
720.35 -70.982 0.236
720.40 -70.993 0.236
720.45 -71.004 0.236
720.50 -71.014 0.236
720.55 -71.025 0.236
720.60 -71.036 0.236
720.65 -71.046 0.236
720.70 -71.056 0.236
720.75 -71.067 0.236
720.80 -71.077 0.235
720.85 -71.087 0.235
720.90 -71.097 0.235
720.95 -71.107 0.235
721.00 -71.117 0.235
721.05 -71.127 0.235
721.10 -71.137 0.235
721.15 -71.147 0.235
721.20 -71.157 0.235
721.25 -71.166 0.235
721.30 -71.176 0.235
721.35 -71.185 0.235
721.40 -71.195 0.235
721.45 -71.204 0.235
721.50 -71.214 0.234
721.55 -71.223 0.234
721.60 -71.232 0.234
721.65 -71.241 0.234
721.70 -71.251 0.234
721.75 -71.260 0.234
721.80 -71.269 0.234
721.85 -71.278 0.234
721.90 -71.287 0.234
721.95 -71.295 0.234
722.00 -71.304 0.234
722.05 -71.313 0.234
722.10 -71.322 0.234
722.15 -71.330 0.234
722.20 -71.339 0.233
722.25 -71.347 0.233
722.30 -71.356 0.233
722.35 -71.364 0.233
722.40 -71.373 0.233
722.45 -71.381 0.233
722.50 -71.389 0.233
722.55 -71.398 0.233
722.60 -71.406 0.233
722.65 -71.414 0.233
722.70 -71.422 0.233
722.75 -71.430 0.233
722.80 -71.438 0.233
722.85 -71.446 0.233
722.90 -71.454 0.233
722.95 -71.461 0.232
723.00 -71.469 0.232
723.05 -71.477 0.232
723.10 -71.484 0.232
723.15 -71.492 0.232
723.20 -71.500 0.232
723.25 -71.507 0.232
723.30 -71.515 0.232
723.35 -71.522 0.232
723.40 -71.529 0.232
723.45 -71.537 0.232
723.50 -71.544 0.232
723.55 -71.551 0.232
723.60 -71.558 0.232
723.65 -71.565 0.231
723.70 -71.573 0.231
723.75 -71.580 0.231
723.80 -71.587 0.231
723.85 -71.594 0.231
723.90 -71.600 0.231
723.95 -71.607 0.231
724.00 -71.614 0.231
724.05 -71.621 0.231
724.10 -71.628 0.231
724.15 -71.634 0.231
724.20 -71.641 0.231
724.25 -71.648 0.231
724.30 -71.654 0.231
724.35 -71.661 0.230
724.40 -71.667 0.230
724.45 -71.674 0.230
724.50 -71.680 0.230
724.55 -71.686 0.230
724.60 -71.693 0.230
724.65 -71.699 0.230
724.70 -71.705 0.230
724.75 -71.711 0.230
724.80 -71.717 0.230
724.85 -71.723 0.230
724.90 -71.730 0.230
724.95 -71.736 0.230
725.00 -71.742 0.230
725.05 -71.747 0.230
725.10 -71.753 0.229
725.15 -71.759 0.229
725.20 -71.765 0.229
725.25 -71.771 0.229
725.30 -71.777 0.229
725.35 -71.782 0.229
725.40 -71.788 0.229
725.45 -71.794 0.229
725.50 -71.799 0.229
725.55 -71.805 0.229
725.60 -71.810 0.229
725.65 -71.816 0.229
725.70 -71.821 0.229
725.75 -71.827 0.229
725.80 -71.832 0.228
725.85 -71.837 0.228
725.90 -71.843 0.228
725.95 -71.848 0.228
726.00 -71.853 0.228
726.05 -71.859 0.228
726.10 -71.864 0.228
726.15 -71.869 0.228
726.20 -71.874 0.228
726.25 -71.879 0.228
726.30 -71.884 0.228
726.35 -71.889 0.228
726.40 -71.894 0.228
726.45 -71.899 0.228
726.50 -71.904 0.228
726.55 -71.909 0.227
726.60 -71.914 0.227
726.65 -71.918 0.227
726.70 -71.923 0.227
726.75 -71.928 0.227
726.80 -71.933 0.227
726.85 -71.937 0.227
726.90 -71.942 0.227
726.95 -71.947 0.227
727.00 -71.951 0.227
727.05 -71.956 0.227
727.10 -71.960 0.227
727.15 -71.965 0.227
727.20 -71.969 0.227
727.25 -71.974 0.226
727.30 -71.978 0.226
727.35 -71.982 0.226
727.40 -71.987 0.226
727.45 -71.991 0.226
727.50 -71.995 0.226
727.55 -72.000 0.226
727.60 -72.004 0.226
727.65 -72.008 0.226
727.70 -72.012 0.226
727.75 -72.016 0.226
727.80 -72.020 0.226
727.85 -72.025 0.226
727.90 -72.029 0.226
727.95 -72.033 0.225
728.00 -72.037 0.225
728.05 -72.041 0.225
728.10 -72.045 0.225
728.15 -72.049 0.225
728.20 -72.052 0.225
728.25 -72.056 0.225
728.30 -72.060 0.225
728.35 -72.064 0.225
728.40 -72.068 0.225
728.45 -72.071 0.225
728.50 -72.075 0.225
728.55 -72.079 0.225
728.60 -72.083 0.225
728.65 -72.086 0.225
728.70 -72.090 0.224
728.75 -72.093 0.224
728.80 -72.097 0.224
728.85 -72.101 0.224
728.90 -72.104 0.224
728.95 -72.108 0.224
729.00 -72.111 0.224
729.05 -72.115 0.224
729.10 -72.118 0.224
729.15 -72.121 0.224
729.20 -72.125 0.224
729.25 -72.128 0.224
729.30 -72.132 0.224
729.35 -72.135 0.224
729.40 -72.138 0.223
729.45 -72.141 0.223
729.50 -72.145 0.223
729.55 -72.148 0.223
729.60 -72.151 0.223
729.65 -72.154 0.223
729.70 -72.157 0.223
729.75 -72.161 0.223
729.80 -72.164 0.223
729.85 -72.167 0.223
729.90 -72.170 0.223
729.95 -72.173 0.223
730.00 -72.176 0.223
730.05 -72.179 0.223
730.10 -72.182 0.223
730.15 -72.185 0.222
730.20 -72.188 0.222
730.25 -72.191 0.222
730.30 -72.194 0.222
730.35 -72.196 0.222
730.40 -72.199 0.222
730.45 -72.202 0.222
730.50 -72.205 0.222
730.55 -72.208 0.222
730.60 -72.210 0.222
730.65 -72.213 0.222
730.70 -72.216 0.222
730.75 -72.219 0.222
730.80 -72.221 0.222
730.85 -72.224 0.221
730.90 -72.227 0.221
730.95 -72.229 0.221
731.00 -72.232 0.221
731.05 -72.235 0.221
731.10 -72.237 0.221
731.15 -72.240 0.221
731.20 -72.242 0.221
731.25 -72.245 0.221
731.30 -72.247 0.221
731.35 -72.250 0.221
731.40 -72.252 0.221
731.45 -72.255 0.221
731.50 -72.257 0.221
731.55 -72.259 0.221
731.60 -72.262 0.220
731.65 -72.264 0.220
731.70 -72.267 0.220
731.75 -72.269 0.220
731.80 -72.271 0.220
731.85 -72.273 0.220
731.90 -72.276 0.220
731.95 -72.278 0.220
732.00 -72.280 0.220
732.05 -72.282 0.220
732.10 -72.285 0.220
732.15 -72.287 0.220
732.20 -72.289 0.220
732.25 -72.291 0.220
732.30 -72.293 0.219
732.35 -72.295 0.219
732.40 -72.298 0.219
732.45 -72.300 0.219
732.50 -72.302 0.219
732.55 -72.304 0.219
732.60 -72.306 0.219
732.65 -72.308 0.219
732.70 -72.310 0.219
732.75 -72.312 0.219
732.80 -72.314 0.219
732.85 -72.316 0.219
732.90 -72.318 0.219
732.95 -72.320 0.219
733.00 -72.322 0.219
733.05 -72.324 0.218
733.10 -72.325 0.218
733.15 -72.327 0.218
733.20 -72.329 0.218
733.25 -72.331 0.218
733.30 -72.333 0.218
733.35 -72.335 0.218
733.40 -72.337 0.218
733.45 -72.338 0.218
733.50 -72.340 0.218
733.55 -72.342 0.218
733.60 -72.344 0.218
733.65 -72.345 0.218
733.70 -72.347 0.218
733.75 -72.349 0.218
733.80 -72.350 0.217
733.85 -72.352 0.217
733.90 -72.354 0.217
733.95 -72.355 0.217
734.00 -72.357 0.217
734.05 -72.359 0.217
734.10 -72.360 0.217
734.15 -72.362 0.217
734.20 -72.363 0.217
734.25 -72.365 0.217
734.30 -72.367 0.217
734.35 -72.368 0.217
734.40 -72.370 0.217
734.45 -72.371 0.217
734.50 -72.373 0.217
734.55 -72.374 0.216
734.60 -72.376 0.216
734.65 -72.377 0.216
734.70 -72.378 0.216
734.75 -72.380 0.216
734.80 -72.381 0.216
734.85 -72.383 0.216
734.90 -72.384 0.216
734.95 -72.386 0.216
735.00 -72.387 0.216
735.05 -72.388 0.216
735.10 -72.390 0.216
735.15 -72.391 0.216
735.20 -72.392 0.216
735.25 -72.394 0.215
735.30 -72.395 0.215
735.35 -72.396 0.215
735.40 -72.398 0.215
735.45 -72.399 0.215
735.50 -72.400 0.215
735.55 -72.401 0.215
735.60 -72.403 0.215
735.65 -72.404 0.215
735.70 -72.405 0.215
735.75 -72.406 0.215
735.80 -72.407 0.215
735.85 -72.409 0.215
735.90 -72.410 0.215
735.95 -72.411 0.215
736.00 -72.412 0.214
736.05 -72.413 0.214
736.10 -72.414 0.214
736.15 -72.415 0.214
736.20 -72.417 0.214
736.25 -72.418 0.214
736.30 -72.419 0.214
736.35 -72.420 0.214
736.40 -72.421 0.214
736.45 -72.422 0.214
736.50 -72.423 0.214
736.55 -72.424 0.214
736.60 -72.425 0.214
736.65 -72.426 0.214
736.70 -72.427 0.214
736.75 -72.428 0.213
736.80 -72.429 0.213
736.85 -72.430 0.213
736.90 -72.431 0.213
736.95 -72.432 0.213
737.00 -72.433 0.213
737.05 -72.434 0.213
737.10 -72.435 0.213
737.15 -72.436 0.213
737.20 -72.437 0.213
737.25 -72.437 0.213
737.30 -72.438 0.213
737.35 -72.439 0.213
737.40 -72.440 0.213
737.45 -72.441 0.213
737.50 -72.442 0.212
737.55 -72.443 0.212
737.60 -72.443 0.212
737.65 -72.444 0.212
737.70 -72.445 0.212
737.75 -72.446 0.212
737.80 -72.447 0.212
737.85 -72.448 0.212
737.90 -72.448 0.212
737.95 -72.449 0.212
738.00 -72.450 0.212
738.05 -72.451 0.212
738.10 -72.451 0.212
738.15 -72.452 0.212
738.20 -72.453 0.212
738.25 -72.454 0.211
738.30 -72.454 0.211
738.35 -72.455 0.211
738.40 -72.456 0.211
738.45 -72.456 0.211
738.50 -72.457 0.211
738.55 -72.458 0.211
738.60 -72.458 0.211
738.65 -72.459 0.211
738.70 -72.460 0.211
738.75 -72.460 0.211
738.80 -72.461 0.211
738.85 -72.462 0.211
738.90 -72.462 0.211
738.95 -72.463 0.211
739.00 -72.463 0.211
739.05 -72.464 0.210
739.10 -72.465 0.210
739.15 -72.465 0.210
739.20 -72.466 0.210
739.25 -72.466 0.210
739.30 -72.467 0.210
739.35 -72.468 0.210
739.40 -72.468 0.210
739.45 -72.469 0.210
739.50 -72.469 0.210
739.55 -72.470 0.210
739.60 -72.470 0.210
739.65 -72.471 0.210
739.70 -72.471 0.210
739.75 -72.472 0.210
739.80 -72.472 0.209
739.85 -72.473 0.209
739.90 -72.473 0.209
739.95 -72.474 0.209
740.00 -72.474 0.209
740.05 -72.475 0.209
740.10 -72.475 0.209
740.15 -72.475 0.209
740.20 -72.476 0.209
740.25 -72.476 0.209
740.30 -72.477 0.209
740.35 -72.477 0.209
740.40 -72.478 0.209
740.45 -72.478 0.209
740.50 -72.478 0.209
740.55 -72.479 0.208
740.60 -72.479 0.208
740.65 -72.480 0.208
740.70 -72.480 0.208
740.75 -72.480 0.208
740.80 -72.481 0.208
740.85 -72.481 0.208
740.90 -72.481 0.208
740.95 -72.482 0.208
741.00 -72.482 0.208
741.05 -72.482 0.208
741.10 -72.483 0.208
741.15 -72.483 0.208
741.20 -72.483 0.208
741.25 -72.484 0.208
741.30 -72.484 0.208
741.35 -72.484 0.207
741.40 -72.485 0.207
741.45 -72.485 0.207
741.50 -72.485 0.207
741.55 -72.485 0.207
741.60 -72.486 0.207
741.65 -72.486 0.207
741.70 -72.486 0.207
741.75 -72.486 0.207
741.80 -72.487 0.207
741.85 -72.487 0.207
741.90 -72.487 0.207
741.95 -72.487 0.207
742.00 -72.488 0.207
742.05 -72.488 0.207
742.10 -72.488 0.206
742.15 -72.488 0.206
742.20 -72.489 0.206
742.25 -72.489 0.206
742.30 -72.489 0.206
742.35 -72.489 0.206
742.40 -72.489 0.206
742.45 -72.489 0.206
742.50 -72.490 0.206
742.55 -72.490 0.206
742.60 -72.490 0.206
742.65 -72.490 0.206
742.70 -72.490 0.206
742.75 -72.490 0.206
742.80 -72.491 0.206
742.85 -72.491 0.206
742.90 -72.491 0.205
742.95 -72.491 0.205
743.00 -72.491 0.205
743.05 -72.491 0.205
743.10 -72.491 0.205
743.15 -72.491 0.205
743.20 -72.492 0.205
743.25 -72.492 0.205
743.30 -72.492 0.205
743.35 -72.492 0.205
743.40 -72.492 0.205
743.45 -72.492 0.205
743.50 -72.492 0.205
743.55 -72.492 0.205
743.60 -72.492 0.205
743.65 -72.492 0.204
743.70 -72.492 0.204
743.75 -72.493 0.204
743.80 -72.493 0.204
743.85 -72.493 0.204
743.90 -72.493 0.204
743.95 -72.493 0.204
744.00 -72.493 0.204
744.05 -72.493 0.204
744.10 -72.493 0.204
744.15 -72.493 0.204
744.20 -72.493 0.204
744.25 -72.493 0.204
744.30 -72.493 0.204
744.35 -72.493 0.204
744.40 -72.493 0.204
744.45 -72.493 0.203
744.50 -72.493 0.203
744.55 -72.493 0.203
744.60 -72.493 0.203
744.65 -72.493 0.203
744.70 -72.493 0.203
744.75 -72.493 0.203
744.80 -72.493 0.203
744.85 -72.493 0.203
744.90 -72.493 0.203
744.95 -72.493 0.203
745.00 -72.493 0.203
745.05 -72.493 0.203
745.10 -72.493 0.203
745.15 -72.493 0.203
745.20 -72.493 0.203
745.25 -72.493 0.202
745.30 -72.492 0.202
745.35 -72.492 0.202
745.40 -72.492 0.202
745.45 -72.492 0.202
745.50 -72.492 0.202
745.55 -72.492 0.202
745.60 -72.492 0.202
745.65 -72.492 0.202
745.70 -72.492 0.202
745.75 -72.492 0.202
745.80 -72.492 0.202
745.85 -72.492 0.202
745.90 -72.491 0.202
745.95 -72.491 0.202
746.00 -72.491 0.202
746.05 -72.491 0.201
746.10 -72.491 0.201
746.15 -72.491 0.201
746.20 -72.491 0.201
746.25 -72.491 0.201
746.30 -72.491 0.201
746.35 -72.490 0.201
746.40 -72.490 0.201
746.45 -72.490 0.201
746.50 -72.490 0.201
746.55 -72.490 0.201
746.60 -72.490 0.201
746.65 -72.490 0.201
746.70 -72.489 0.201
746.75 -72.489 0.201
746.80 -72.489 0.201
746.85 -72.489 0.200
746.90 -72.489 0.200
746.95 -72.489 0.200
747.00 -72.489 0.200
747.05 -72.488 0.200
747.10 -72.488 0.200
747.15 -72.488 0.200
747.20 -72.488 0.200
747.25 -72.488 0.200
747.30 -72.487 0.200
747.35 -72.487 0.200
747.40 -72.487 0.200
747.45 -72.487 0.200
747.50 -72.487 0.200
747.55 -72.486 0.200
747.60 -72.486 0.200
747.65 -72.486 0.199
747.70 -72.486 0.199
747.75 -72.486 0.199
747.80 -72.485 0.199
747.85 -72.485 0.199
747.90 -72.485 0.199
747.95 -72.485 0.199
748.00 -72.485 0.199
748.05 -72.484 0.199
748.10 -72.484 0.199
748.15 -72.484 0.199
748.20 -72.484 0.199
748.25 -72.483 0.199
748.30 -72.483 0.199
748.35 -72.483 0.199
748.40 -72.483 0.199
748.45 -72.482 0.198
748.50 -72.482 0.198
748.55 -72.482 0.198
748.60 -72.482 0.198
748.65 -72.482 0.198
748.70 -72.481 0.198
748.75 -72.481 0.198
748.80 -72.481 0.198
748.85 -72.480 0.198
748.90 -72.480 0.198
748.95 -72.480 0.198
749.00 -72.480 0.198
749.05 -72.479 0.198
749.10 -72.479 0.198
749.15 -72.479 0.198
749.20 -72.479 0.198
749.25 -72.478 0.197
749.30 -72.478 0.197
749.35 -72.478 0.197
749.40 -72.477 0.197
749.45 -72.477 0.197
749.50 -72.477 0.197
749.55 -72.477 0.197
749.60 -72.476 0.197
749.65 -72.476 0.197
749.70 -72.476 0.197
749.75 -72.475 0.197
749.80 -72.475 0.197
749.85 -72.475 0.197
749.90 -72.474 0.197
749.95 -72.474 0.197
750.00 -72.474 0.197
750.05 -72.474 0.197
750.10 -72.473 0.196
750.15 -72.473 0.196
750.20 -72.473 0.196
750.25 -72.472 0.196
750.30 -72.472 0.196
750.35 -72.472 0.196
750.40 -72.471 0.196
750.45 -72.471 0.196
750.50 -72.471 0.196
750.55 -72.470 0.196
750.60 -72.470 0.196
750.65 -72.470 0.196
750.70 -72.469 0.196
750.75 -72.469 0.196
750.80 -72.469 0.196
750.85 -72.468 0.196
750.90 -72.468 0.195
750.95 -72.468 0.195
751.00 -72.467 0.195
751.05 -72.467 0.195
751.10 -72.467 0.195
751.15 -72.466 0.195
751.20 -72.466 0.195
751.25 -72.465 0.195
751.30 -72.465 0.195
751.35 -72.465 0.195
751.40 -72.464 0.195
751.45 -72.464 0.195
751.50 -72.464 0.195
751.55 -72.463 0.195
751.60 -72.463 0.195
751.65 -72.463 0.195
751.70 -72.462 0.195
751.75 -72.462 0.194
751.80 -72.461 0.194
751.85 -72.461 0.194
751.90 -72.461 0.194
751.95 -72.460 0.194
752.00 -72.460 0.194
752.05 -72.460 0.194
752.10 -72.459 0.194
752.15 -72.459 0.194
752.20 -72.458 0.194
752.25 -72.458 0.194
752.30 -72.458 0.194
752.35 -72.457 0.194
752.40 -72.457 0.194
752.45 -72.456 0.194
752.50 -72.456 0.194
752.55 -72.456 0.193
752.60 -72.455 0.193
752.65 -72.455 0.193
752.70 -72.454 0.193
752.75 -72.454 0.193
752.80 -72.454 0.193
752.85 -72.453 0.193
752.90 -72.453 0.193
752.95 -72.452 0.193
753.00 -72.452 0.193
753.05 -72.452 0.193
753.10 -72.451 0.193
753.15 -72.451 0.193
753.20 -72.450 0.193
753.25 -72.450 0.193
753.30 -72.450 0.193
753.35 -72.449 0.193
753.40 -72.449 0.192
753.45 -72.448 0.192
753.50 -72.448 0.192
753.55 -72.447 0.192
753.60 -72.447 0.192
753.65 -72.447 0.192
753.70 -72.446 0.192
753.75 -72.446 0.192
753.80 -72.445 0.192
753.85 -72.445 0.192
753.90 -72.444 0.192
753.95 -72.444 0.192
754.00 -72.444 0.192
754.05 -72.443 0.192
754.10 -72.443 0.192
754.15 -72.442 0.192
754.20 -72.442 0.192
754.25 -72.441 0.191
754.30 -72.441 0.191
754.35 -72.441 0.191
754.40 -72.440 0.191
754.45 -72.440 0.191
754.50 -72.439 0.191
754.55 -72.439 0.191
754.60 -72.438 0.191
754.65 -72.438 0.191
754.70 -72.437 0.191
754.75 -72.437 0.191
754.80 -72.437 0.191
754.85 -72.436 0.191
754.90 -72.436 0.191
754.95 -72.435 0.191
755.00 -72.435 0.191
755.05 -72.434 0.191
755.10 -72.434 0.190
755.15 -72.433 0.190
755.20 -72.433 0.190
755.25 -72.432 0.190
755.30 -72.432 0.190
755.35 -72.431 0.190
755.40 -72.431 0.190
755.45 -72.431 0.190
755.50 -72.430 0.190
755.55 -72.430 0.190
755.60 -72.429 0.190
755.65 -72.429 0.190
755.70 -72.428 0.190
755.75 -72.428 0.190
755.80 -72.427 0.190
755.85 -72.427 0.190
755.90 -72.426 0.190
755.95 -72.426 0.189
756.00 -72.425 0.189
756.05 -72.425 0.189
756.10 -72.424 0.189
756.15 -72.424 0.189
756.20 -72.423 0.189
756.25 -72.423 0.189
756.30 -72.423 0.189
756.35 -72.422 0.189
756.40 -72.422 0.189
756.45 -72.421 0.189
756.50 -72.421 0.189
756.55 -72.420 0.189
756.60 -72.420 0.189
756.65 -72.419 0.189
756.70 -72.419 0.189
756.75 -72.418 0.189
756.80 -72.418 0.188
756.85 -72.417 0.188
756.90 -72.417 0.188
756.95 -72.416 0.188
757.00 -72.416 0.188
757.05 -72.415 0.188
757.10 -72.415 0.188
757.15 -72.414 0.188
757.20 -72.414 0.188
757.25 -72.413 0.188
757.30 -72.413 0.188
757.35 -72.412 0.188
757.40 -72.412 0.188
757.45 -72.411 0.188
757.50 -72.411 0.188
757.55 -72.410 0.188
757.60 -72.410 0.188
757.65 -72.409 0.188
757.70 -72.409 0.187
757.75 -72.408 0.187
757.80 -72.408 0.187
757.85 -72.407 0.187
757.90 -72.407 0.187
757.95 -72.406 0.187
758.00 -72.406 0.187
758.05 -72.405 0.187
758.10 -72.405 0.187
758.15 -72.404 0.187
758.20 -72.404 0.187
758.25 -72.403 0.187
758.30 -72.403 0.187
758.35 -72.402 0.187
758.40 -72.402 0.187
758.45 -72.401 0.187
758.50 -72.401 0.187
758.55 -72.400 0.186
758.60 -72.400 0.186
758.65 -72.399 0.186
758.70 -72.399 0.186
758.75 -72.398 0.186
758.80 -72.398 0.186
758.85 -72.397 0.186
758.90 -72.397 0.186
758.95 -72.396 0.186
759.00 -72.395 0.186
759.05 -72.395 0.186
759.10 -72.394 0.186
759.15 -72.394 0.186
759.20 -72.393 0.186
759.25 -72.393 0.186
759.30 -72.392 0.186
759.35 -72.392 0.186
759.40 -72.391 0.186
759.45 -72.391 0.185
759.50 -72.390 0.185
759.55 -72.390 0.185
759.60 -72.389 0.185
759.65 -72.389 0.185
759.70 -72.388 0.185
759.75 -72.388 0.185
759.80 -72.387 0.185
759.85 -72.387 0.185
759.90 -72.386 0.185
759.95 -72.386 0.185
760.00 -72.385 0.185
760.05 -72.384 0.185
760.10 -72.384 0.185
760.15 -72.383 0.185
760.20 -72.383 0.185
760.25 -72.382 0.185
760.30 -72.382 0.184
760.35 -72.381 0.184
760.40 -72.381 0.184
760.45 -72.380 0.184
760.50 -72.380 0.184
760.55 -72.379 0.184
760.60 -72.379 0.184
760.65 -72.378 0.184
760.70 -72.378 0.184
760.75 -72.377 0.184
760.80 -72.376 0.184
760.85 -72.376 0.184
760.90 -72.375 0.184
760.95 -72.375 0.184
761.00 -72.374 0.184
761.05 -72.374 0.184
761.10 -72.373 0.184
761.15 -72.373 0.184
761.20 -72.372 0.183
761.25 -72.372 0.183
761.30 -72.371 0.183
761.35 -72.371 0.183
761.40 -72.370 0.183
761.45 -72.369 0.183
761.50 -72.369 0.183
761.55 -72.368 0.183
761.60 -72.368 0.183
761.65 -72.367 0.183
761.70 -72.367 0.183
761.75 -72.366 0.183
761.80 -72.366 0.183
761.85 -72.365 0.183
761.90 -72.365 0.183
761.95 -72.364 0.183
762.00 -72.363 0.183
762.05 -72.363 0.183
762.10 -72.362 0.182
762.15 -72.362 0.182
762.20 -72.361 0.182
762.25 -72.361 0.182
762.30 -72.360 0.182
762.35 -72.360 0.182
762.40 -72.359 0.182
762.45 -72.359 0.182
762.50 -72.358 0.182
762.55 -72.357 0.182
762.60 -72.357 0.182
762.65 -72.356 0.182
762.70 -72.356 0.182
762.75 -72.355 0.182
762.80 -72.355 0.182
762.85 -72.354 0.182
762.90 -72.354 0.182
762.95 -72.353 0.182
763.00 -72.352 0.181
763.05 -72.352 0.181
763.10 -72.351 0.181
763.15 -72.351 0.181
763.20 -72.350 0.181
763.25 -72.350 0.181
763.30 -72.349 0.181
763.35 -72.349 0.181
763.40 -72.348 0.181
763.45 -72.347 0.181
763.50 -72.347 0.181
763.55 -72.346 0.181
763.60 -72.346 0.181
763.65 -72.345 0.181
763.70 -72.345 0.181
763.75 -72.344 0.181
763.80 -72.344 0.181
763.85 -72.343 0.181
763.90 -72.342 0.180
763.95 -72.342 0.180
764.00 -72.341 0.180
764.05 -72.341 0.180
764.10 -72.340 0.180
764.15 -72.340 0.180
764.20 -72.339 0.180
764.25 -72.339 0.180
764.30 -72.338 0.180
764.35 -72.337 0.180
764.40 -72.337 0.180
764.45 -72.336 0.180
764.50 -72.336 0.180
764.55 -72.335 0.180
764.60 -72.335 0.180
764.65 -72.334 0.180
764.70 -72.334 0.180
764.75 -72.333 0.180
764.80 -72.332 0.180
764.85 -72.332 0.179
764.90 -72.331 0.179
764.95 -72.331 0.179
765.00 -72.330 0.179
765.05 -72.330 0.179
765.10 -72.329 0.179
765.15 -72.328 0.179
765.20 -72.328 0.179
765.25 -72.327 0.179
765.30 -72.327 0.179
765.35 -72.326 0.179
765.40 -72.326 0.179
765.45 -72.325 0.179
765.50 -72.325 0.179
765.55 -72.324 0.179
765.60 -72.323 0.179
765.65 -72.323 0.179
765.70 -72.322 0.179
765.75 -72.322 0.178
765.80 -72.321 0.178
765.85 -72.321 0.178
765.90 -72.320 0.178
765.95 -72.319 0.178
766.00 -72.319 0.178
766.05 -72.318 0.178
766.10 -72.318 0.178
766.15 -72.317 0.178
766.20 -72.317 0.178
766.25 -72.316 0.178
766.30 -72.315 0.178
766.35 -72.315 0.178
766.40 -72.314 0.178
766.45 -72.314 0.178
766.50 -72.313 0.178
766.55 -72.313 0.178
766.60 -72.312 0.178
766.65 -72.311 0.178
766.70 -72.311 0.177
766.75 -72.310 0.177
766.80 -72.310 0.177
766.85 -72.309 0.177
766.90 -72.309 0.177
766.95 -72.308 0.177
767.00 -72.307 0.177
767.05 -72.307 0.177
767.10 -72.306 0.177
767.15 -72.306 0.177
767.20 -72.305 0.177
767.25 -72.305 0.177
767.30 -72.304 0.177
767.35 -72.304 0.177
767.40 -72.303 0.177
767.45 -72.302 0.177
767.50 -72.302 0.177
767.55 -72.301 0.177
767.60 -72.301 0.176
767.65 -72.300 0.176
767.70 -72.300 0.176
767.75 -72.299 0.176
767.80 -72.298 0.176
767.85 -72.298 0.176
767.90 -72.297 0.176
767.95 -72.297 0.176
768.00 -72.296 0.176
768.05 -72.296 0.176
768.10 -72.295 0.176
768.15 -72.294 0.176
768.20 -72.294 0.176
768.25 -72.293 0.176
768.30 -72.293 0.176
768.35 -72.292 0.176
768.40 -72.292 0.176
768.45 -72.291 0.176
768.50 -72.290 0.176
768.55 -72.290 0.175
768.60 -72.289 0.175
768.65 -72.289 0.175
768.70 -72.288 0.175
768.75 -72.288 0.175
768.80 -72.287 0.175
768.85 -72.286 0.175
768.90 -72.286 0.175
768.95 -72.285 0.175
769.00 -72.285 0.175
769.05 -72.284 0.175
769.10 -72.284 0.175
769.15 -72.283 0.175
769.20 -72.282 0.175
769.25 -72.282 0.175
769.30 -72.281 0.175
769.35 -72.281 0.175
769.40 -72.280 0.175
769.45 -72.280 0.175
769.50 -72.279 0.174
769.55 -72.278 0.174
769.60 -72.278 0.174
769.65 -72.277 0.174
769.70 -72.277 0.174
769.75 -72.276 0.174
769.80 -72.275 0.174
769.85 -72.275 0.174
769.90 -72.274 0.174
769.95 -72.274 0.174
770.00 -72.273 0.174
770.05 -72.273 0.174
770.10 -72.272 0.174
770.15 -72.271 0.174
770.20 -72.271 0.174
770.25 -72.270 0.174
770.30 -72.270 0.174
770.35 -72.269 0.174
770.40 -72.269 0.174
770.45 -72.268 0.173
770.50 -72.267 0.173
770.55 -72.267 0.173
770.60 -72.266 0.173
770.65 -72.266 0.173
770.70 -72.265 0.173
770.75 -72.265 0.173
770.80 -72.264 0.173
770.85 -72.263 0.173
770.90 -72.263 0.173
770.95 -72.262 0.173
771.00 -72.262 0.173
771.05 -72.261 0.173
771.10 -72.261 0.173
771.15 -72.260 0.173
771.20 -72.259 0.173
771.25 -72.259 0.173
771.30 -72.258 0.173
771.35 -72.258 0.173
771.40 -72.257 0.172
771.45 -72.257 0.172
771.50 -72.256 0.172
771.55 -72.255 0.172
771.60 -72.255 0.172
771.65 -72.254 0.172
771.70 -72.254 0.172
771.75 -72.253 0.172
771.80 -72.253 0.172
771.85 -72.252 0.172
771.90 -72.251 0.172
771.95 -72.251 0.172
772.00 -72.250 0.172
772.05 -72.250 0.172
772.10 -72.249 0.172
772.15 -72.249 0.172
772.20 -72.248 0.172
772.25 -72.247 0.172
772.30 -72.247 0.172
772.35 -72.246 0.172
772.40 -72.246 0.171
772.45 -72.245 0.171
772.50 -72.245 0.171
772.55 -72.244 0.171
772.60 -72.243 0.171
772.65 -72.243 0.171
772.70 -72.242 0.171
772.75 -72.242 0.171
772.80 -72.241 0.171
772.85 -72.241 0.171
772.90 -72.240 0.171
772.95 -72.239 0.171
773.00 -72.239 0.171
773.05 -72.238 0.171
773.10 -72.238 0.171
773.15 -72.237 0.171
773.20 -72.236 0.171
773.25 -72.236 0.171
773.30 -72.235 0.171
773.35 -72.235 0.170
773.40 -72.234 0.170
773.45 -72.234 0.170
773.50 -72.233 0.170
773.55 -72.232 0.170
773.60 -72.232 0.170
773.65 -72.231 0.170
773.70 -72.231 0.170
773.75 -72.230 0.170
773.80 -72.230 0.170
773.85 -72.229 0.170
773.90 -72.228 0.170
773.95 -72.228 0.170
774.00 -72.227 0.170
774.05 -72.227 0.170
774.10 -72.226 0.170
774.15 -72.226 0.170
774.20 -72.225 0.170
774.25 -72.224 0.170
774.30 -72.224 0.170
774.35 -72.223 0.169
774.40 -72.223 0.169
774.45 -72.222 0.169
774.50 -72.222 0.169
774.55 -72.221 0.169
774.60 -72.220 0.169
774.65 -72.220 0.169
774.70 -72.219 0.169
774.75 -72.219 0.169
774.80 -72.218 0.169
774.85 -72.218 0.169
774.90 -72.217 0.169
774.95 -72.216 0.169
775.00 -72.216 0.169
775.05 -72.215 0.169
775.10 -72.215 0.169
775.15 -72.214 0.169
775.20 -72.214 0.169
775.25 -72.213 0.169
775.30 -72.212 0.169
775.35 -72.212 0.168
775.40 -72.211 0.168
775.45 -72.211 0.168
775.50 -72.210 0.168
775.55 -72.210 0.168
775.60 -72.209 0.168
775.65 -72.208 0.168
775.70 -72.208 0.168
775.75 -72.207 0.168
775.80 -72.207 0.168
775.85 -72.206 0.168
775.90 -72.206 0.168
775.95 -72.205 0.168
776.00 -72.204 0.168
776.05 -72.204 0.168
776.10 -72.203 0.168
776.15 -72.203 0.168
776.20 -72.202 0.168
776.25 -72.202 0.168
776.30 -72.201 0.168
776.35 -72.200 0.167
776.40 -72.200 0.167
776.45 -72.199 0.167
776.50 -72.199 0.167
776.55 -72.198 0.167
776.60 -72.198 0.167
776.65 -72.197 0.167
776.70 -72.196 0.167
776.75 -72.196 0.167
776.80 -72.195 0.167
776.85 -72.195 0.167
776.90 -72.194 0.167
776.95 -72.194 0.167
777.00 -72.193 0.167
777.05 -72.193 0.167
777.10 -72.192 0.167
777.15 -72.191 0.167
777.20 -72.191 0.167
777.25 -72.190 0.167
777.30 -72.190 0.167
777.35 -72.189 0.166
777.40 -72.189 0.166
777.45 -72.188 0.166
777.50 -72.187 0.166
777.55 -72.187 0.166
777.60 -72.186 0.166
777.65 -72.186 0.166
777.70 -72.185 0.166
777.75 -72.185 0.166
777.80 -72.184 0.166
777.85 -72.183 0.166
777.90 -72.183 0.166
777.95 -72.182 0.166
778.00 -72.182 0.166
778.05 -72.181 0.166
778.10 -72.181 0.166
778.15 -72.180 0.166
778.20 -72.179 0.166
778.25 -72.179 0.166
778.30 -72.178 0.166
778.35 -72.178 0.165
778.40 -72.177 0.165
778.45 -72.177 0.165
778.50 -72.176 0.165
778.55 -72.175 0.165
778.60 -72.175 0.165
778.65 -72.174 0.165
778.70 -72.174 0.165
778.75 -72.173 0.165
778.80 -72.173 0.165
778.85 -72.172 0.165
778.90 -72.172 0.165
778.95 -72.171 0.165
779.00 -72.170 0.165
779.05 -72.170 0.165
779.10 -72.169 0.165
779.15 -72.169 0.165
779.20 -72.168 0.165
779.25 -72.168 0.165
779.30 -72.167 0.165
779.35 -72.166 0.165
779.40 -72.166 0.164
779.45 -72.165 0.164
779.50 -72.165 0.164
779.55 -72.164 0.164
779.60 -72.164 0.164
779.65 -72.163 0.164
779.70 -72.163 0.164
779.75 -72.162 0.164
779.80 -72.161 0.164
779.85 -72.161 0.164
779.90 -72.160 0.164
779.95 -72.160 0.164
780.00 -72.159 0.164
780.05 -72.159 0.164
780.10 -72.158 0.164
780.15 -72.157 0.164
780.20 -72.157 0.164
780.25 -72.156 0.164
780.30 -72.156 0.164
780.35 -72.155 0.164
780.40 -72.155 0.163
780.45 -72.154 0.163
780.50 -72.153 0.163
780.55 -72.153 0.163
780.60 -72.152 0.163
780.65 -72.152 0.163
780.70 -72.151 0.163
780.75 -72.151 0.163
780.80 -72.150 0.163
780.85 -72.150 0.163
780.90 -72.149 0.163
780.95 -72.148 0.163
781.00 -72.148 0.163
781.05 -72.147 0.163
781.10 -72.147 0.163
781.15 -72.146 0.163
781.20 -72.146 0.163
781.25 -72.145 0.163
781.30 -72.145 0.163
781.35 -72.144 0.163
781.40 -72.143 0.163
781.45 -72.143 0.162
781.50 -72.142 0.162
781.55 -72.142 0.162
781.60 -72.141 0.162
781.65 -72.141 0.162
781.70 -72.140 0.162
781.75 -72.139 0.162
781.80 -72.139 0.162
781.85 -72.138 0.162
781.90 -72.138 0.162
781.95 -72.137 0.162
782.00 -72.137 0.162
782.05 -72.136 0.162
782.10 -72.136 0.162
782.15 -72.135 0.162
782.20 -72.134 0.162
782.25 -72.134 0.162
782.30 -72.133 0.162
782.35 -72.133 0.162
782.40 -72.132 0.162
782.45 -72.132 0.162
782.50 -72.131 0.161
782.55 -72.131 0.161
782.60 -72.130 0.161
782.65 -72.129 0.161
782.70 -72.129 0.161
782.75 -72.128 0.161
782.80 -72.128 0.161
782.85 -72.127 0.161
782.90 -72.127 0.161
782.95 -72.126 0.161
783.00 -72.126 0.161
783.05 -72.125 0.161
783.10 -72.124 0.161
783.15 -72.124 0.161
783.20 -72.123 0.161
783.25 -72.123 0.161
783.30 -72.122 0.161
783.35 -72.122 0.161
783.40 -72.121 0.161
783.45 -72.121 0.161
783.50 -72.120 0.161
783.55 -72.119 0.160
783.60 -72.119 0.160
783.65 -72.118 0.160
783.70 -72.118 0.160
783.75 -72.117 0.160
783.80 -72.117 0.160
783.85 -72.116 0.160
783.90 -72.116 0.160
783.95 -72.115 0.160
784.00 -72.114 0.160
784.05 -72.114 0.160
784.10 -72.113 0.160
784.15 -72.113 0.160
784.20 -72.112 0.160
784.25 -72.112 0.160
784.30 -72.111 0.160
784.35 -72.111 0.160
784.40 -72.110 0.160
784.45 -72.109 0.160
784.50 -72.109 0.160
784.55 -72.108 0.160
784.60 -72.108 0.159
784.65 -72.107 0.159
784.70 -72.107 0.159
784.75 -72.106 0.159
784.80 -72.106 0.159
784.85 -72.105 0.159
784.90 -72.105 0.159
784.95 -72.104 0.159
785.00 -72.103 0.159
785.05 -72.103 0.159
785.10 -72.102 0.159
785.15 -72.102 0.159
785.20 -72.101 0.159
785.25 -72.101 0.159
785.30 -72.100 0.159
785.35 -72.100 0.159
785.40 -72.099 0.159
785.45 -72.098 0.159
785.50 -72.098 0.159
785.55 -72.097 0.159
785.60 -72.097 0.159
785.65 -72.096 0.159
785.70 -72.096 0.158
785.75 -72.095 0.158
785.80 -72.095 0.158
785.85 -72.094 0.158
785.90 -72.094 0.158
785.95 -72.093 0.158
786.00 -72.092 0.158
786.05 -72.092 0.158
786.10 -72.091 0.158
786.15 -72.091 0.158
786.20 -72.090 0.158
786.25 -72.090 0.158
786.30 -72.089 0.158
786.35 -72.089 0.158
786.40 -72.088 0.158
786.45 -72.088 0.158
786.50 -72.087 0.158
786.55 -72.086 0.158
786.60 -72.086 0.158
786.65 -72.085 0.158
786.70 -72.085 0.158
786.75 -72.084 0.157
786.80 -72.084 0.157
786.85 -72.083 0.157
786.90 -72.083 0.157
786.95 -72.082 0.157
787.00 -72.081 0.157
787.05 -72.081 0.157
787.10 -72.080 0.157
787.15 -72.080 0.157
787.20 -72.079 0.157
787.25 -72.079 0.157
787.30 -72.078 0.157
787.35 -72.078 0.157
787.40 -72.077 0.157
787.45 -72.077 0.157
787.50 -72.076 0.157
787.55 -72.076 0.157
787.60 -72.075 0.157
787.65 -72.074 0.157
787.70 -72.074 0.157
787.75 -72.073 0.157
787.80 -72.073 0.157
787.85 -72.072 0.156
787.90 -72.072 0.156
787.95 -72.071 0.156
788.00 -72.071 0.156
788.05 -72.070 0.156
788.10 -72.070 0.156
788.15 -72.069 0.156
788.20 -72.068 0.156
788.25 -72.068 0.156
788.30 -72.067 0.156
788.35 -72.067 0.156
788.40 -72.066 0.156
788.45 -72.066 0.156
788.50 -72.065 0.156
788.55 -72.065 0.156
788.60 -72.064 0.156
788.65 -72.064 0.156
788.70 -72.063 0.156
788.75 -72.063 0.156
788.80 -72.062 0.156
788.85 -72.061 0.156
788.90 -72.061 0.156
788.95 -72.060 0.155
789.00 -72.060 0.155
789.05 -72.059 0.155
789.10 -72.059 0.155
789.15 -72.058 0.155
789.20 -72.058 0.155
789.25 -72.057 0.155
789.30 -72.057 0.155
789.35 -72.056 0.155
789.40 -72.055 0.155
789.45 -72.055 0.155
789.50 -72.054 0.155
789.55 -72.054 0.155
789.60 -72.053 0.155
789.65 -72.053 0.155
789.70 -72.052 0.155
789.75 -72.052 0.155
789.80 -72.051 0.155
789.85 -72.051 0.155
789.90 -72.050 0.155
789.95 -72.050 0.155
790.00 -72.049 0.155
790.05 -72.049 0.154
790.10 -72.048 0.154
790.15 -72.047 0.154
790.20 -72.047 0.154
790.25 -72.046 0.154
790.30 -72.046 0.154
790.35 -72.045 0.154
790.40 -72.045 0.154
790.45 -72.044 0.154
790.50 -72.044 0.154
790.55 -72.043 0.154
790.60 -72.043 0.154
790.65 -72.042 0.154
790.70 -72.042 0.154
790.75 -72.041 0.154
790.80 -72.040 0.154
790.85 -72.040 0.154
790.90 -72.039 0.154
790.95 -72.039 0.154
791.00 -72.038 0.154
791.05 -72.038 0.154
791.10 -72.037 0.154
791.15 -72.037 0.153
791.20 -72.036 0.153
791.25 -72.036 0.153
791.30 -72.035 0.153
791.35 -72.035 0.153
791.40 -72.034 0.153
791.45 -72.034 0.153
791.50 -72.033 0.153
791.55 -72.032 0.153
791.60 -72.032 0.153
791.65 -72.031 0.153
791.70 -72.031 0.153
791.75 -72.030 0.153
791.80 -72.030 0.153
791.85 -72.029 0.153
791.90 -72.029 0.153
791.95 -72.028 0.153
792.00 -72.028 0.153
792.05 -72.027 0.153
792.10 -72.027 0.153
792.15 -72.026 0.153
792.20 -72.026 0.153
792.25 -72.025 0.153
792.30 -72.025 0.152
792.35 -72.024 0.152
792.40 -72.023 0.152
792.45 -72.023 0.152
792.50 -72.022 0.152
792.55 -72.022 0.152
792.60 -72.021 0.152
792.65 -72.021 0.152
792.70 -72.020 0.152
792.75 -72.020 0.152
792.80 -72.019 0.152
792.85 -72.019 0.152
792.90 -72.018 0.152
792.95 -72.018 0.152
793.00 -72.017 0.152
793.05 -72.017 0.152
793.10 -72.016 0.152
793.15 -72.016 0.152
793.20 -72.015 0.152
793.25 -72.014 0.152
793.30 -72.014 0.152
793.35 -72.013 0.152
793.40 -72.013 0.152
793.45 -72.012 0.151
793.50 -72.012 0.151
793.55 -72.011 0.151
793.60 -72.011 0.151
793.65 -72.010 0.151
793.70 -72.010 0.151
793.75 -72.009 0.151
793.80 -72.009 0.151
793.85 -72.008 0.151
793.90 -72.008 0.151
793.95 -72.007 0.151
794.00 -72.007 0.151
794.05 -72.006 0.151
794.10 -72.006 0.151
794.15 -72.005 0.151
794.20 -72.004 0.151
794.25 -72.004 0.151
794.30 -72.003 0.151
794.35 -72.003 0.151
794.40 -72.002 0.151
794.45 -72.002 0.151
794.50 -72.001 0.151
794.55 -72.001 0.151
794.60 -72.000 0.150
794.65 -72.000 0.150
794.70 -71.999 0.150
794.75 -71.999 0.150
794.80 -71.998 0.150
794.85 -71.998 0.150
794.90 -71.997 0.150
794.95 -71.997 0.150
795.00 -71.996 0.150
795.05 -71.996 0.150
795.10 -71.995 0.150
795.15 -71.995 0.150
795.20 -71.994 0.150
795.25 -71.994 0.150
795.30 -71.993 0.150
795.35 -71.992 0.150
795.40 -71.992 0.150
795.45 -71.991 0.150
795.50 -71.991 0.150
795.55 -71.990 0.150
795.60 -71.990 0.150
795.65 -71.989 0.150
795.70 -71.989 0.150
795.75 -71.988 0.149
795.80 -71.988 0.149
795.85 -71.987 0.149
795.90 -71.987 0.149
795.95 -71.986 0.149
796.00 -71.986 0.149
796.05 -71.985 0.149
796.10 -71.985 0.149
796.15 -71.984 0.149
796.20 -71.984 0.149
796.25 -71.983 0.149
796.30 -71.983 0.149
796.35 -71.982 0.149
796.40 -71.982 0.149
796.45 -71.981 0.149
796.50 -71.981 0.149
796.55 -71.980 0.149
796.60 -71.980 0.149
796.65 -71.979 0.149
796.70 -71.978 0.149
796.75 -71.978 0.149
796.80 -71.977 0.149
796.85 -71.977 0.149
796.90 -71.976 0.148
796.95 -71.976 0.148
797.00 -71.975 0.148
797.05 -71.975 0.148
797.10 -71.974 0.148
797.15 -71.974 0.148
797.20 -71.973 0.148
797.25 -71.973 0.148
797.30 -71.972 0.148
797.35 -71.972 0.148
797.40 -71.971 0.148
797.45 -71.971 0.148
797.50 -71.970 0.148
797.55 -71.970 0.148
797.60 -71.969 0.148
797.65 -71.969 0.148
797.70 -71.968 0.148
797.75 -71.968 0.148
797.80 -71.967 0.148
797.85 -71.967 0.148
797.90 -71.966 0.148
797.95 -71.966 0.148
798.00 -71.965 0.148
798.05 -71.965 0.147
798.10 -71.964 0.147
798.15 -71.964 0.147
798.20 -71.963 0.147
798.25 -71.963 0.147
798.30 -71.962 0.147
798.35 -71.962 0.147
798.40 -71.961 0.147
798.45 -71.961 0.147
798.50 -71.960 0.147
798.55 -71.959 0.147
798.60 -71.959 0.147
798.65 -71.958 0.147
798.70 -71.958 0.147
798.75 -71.957 0.147
798.80 -71.957 0.147
798.85 -71.956 0.147
798.90 -71.956 0.147
798.95 -71.955 0.147
799.00 -71.955 0.147
799.05 -71.954 0.147
799.10 -71.954 0.147
799.15 -71.953 0.147
799.20 -71.953 0.147
799.25 -71.952 0.146
799.30 -71.952 0.146
799.35 -71.951 0.146
799.40 -71.951 0.146
799.45 -71.950 0.146
799.50 -71.950 0.146
799.55 -71.949 0.146
799.60 -71.949 0.146
799.65 -71.948 0.146
799.70 -71.948 0.146
799.75 -71.947 0.146
799.80 -71.947 0.146
799.85 -71.946 0.146
799.90 -71.946 0.146
799.95 -71.945 0.146
800.00 -71.945 0.146
800.05 -71.944 0.146
800.10 -71.944 0.146
800.15 -71.943 0.146
800.20 -71.943 0.146
800.25 -71.942 0.146
800.30 -71.942 0.146
800.35 -71.941 0.146
800.40 -71.941 0.146
800.45 -71.940 0.145
800.50 -71.940 0.145
800.55 -71.939 0.145
800.60 -71.939 0.145
800.65 -71.938 0.145
800.70 -71.938 0.145
800.75 -71.937 0.145
800.80 -71.937 0.145
800.85 -71.936 0.145
800.90 -71.936 0.145
800.95 -71.935 0.145
801.00 -71.935 0.145
801.05 -71.934 0.145
801.10 -71.934 0.145
801.15 -71.933 0.145
801.20 -71.933 0.145
801.25 -71.932 0.145
801.30 -71.932 0.145
801.35 -71.931 0.145
801.40 -71.931 0.145
801.45 -71.930 0.145
801.50 -71.930 0.145
801.55 -71.929 0.145
801.60 -71.929 0.145
801.65 -71.928 0.144
801.70 -71.928 0.144
801.75 -71.927 0.144
801.80 -71.927 0.144
801.85 -71.926 0.144
801.90 -71.926 0.144
801.95 -71.925 0.144
802.00 -71.925 0.144
802.05 -71.924 0.144
802.10 -71.924 0.144
802.15 -71.923 0.144
802.20 -71.923 0.144
802.25 -71.922 0.144
802.30 -71.922 0.144
802.35 -71.921 0.144
802.40 -71.921 0.144
802.45 -71.920 0.144
802.50 -71.920 0.144
802.55 -71.919 0.144
802.60 -71.919 0.144
802.65 -71.918 0.144
802.70 -71.918 0.144
802.75 -71.917 0.144
802.80 -71.917 0.144
802.85 -71.916 0.144
802.90 -71.916 0.143
802.95 -71.915 0.143
803.00 -71.915 0.143
803.05 -71.914 0.143
803.10 -71.914 0.143
803.15 -71.913 0.143
803.20 -71.913 0.143
803.25 -71.912 0.143
803.30 -71.912 0.143
803.35 -71.911 0.143
803.40 -71.911 0.143
803.45 -71.910 0.143
803.50 -71.910 0.143
803.55 -71.909 0.143
803.60 -71.909 0.143
803.65 -71.908 0.143
803.70 -71.908 0.143
803.75 -71.907 0.143
803.80 -71.907 0.143
803.85 -71.906 0.143
803.90 -71.906 0.143
803.95 -71.905 0.143
804.00 -71.905 0.143
804.05 -71.904 0.143
804.10 -71.904 0.142
804.15 -71.903 0.142
804.20 -71.903 0.142
804.25 -71.902 0.142
804.30 -71.902 0.142
804.35 -71.901 0.142
804.40 -71.901 0.142
804.45 -71.900 0.142
804.50 -71.900 0.142
804.55 -71.899 0.142
804.60 -71.899 0.142
804.65 -71.898 0.142
804.70 -71.898 0.142
804.75 -71.897 0.142
804.80 -71.897 0.142
804.85 -71.896 0.142
804.90 -71.896 0.142
804.95 -71.895 0.142
805.00 -71.895 0.142
805.05 -71.894 0.142
805.10 -71.894 0.142
805.15 -71.893 0.142
805.20 -71.893 0.142
805.25 -71.892 0.142
805.30 -71.892 0.142
805.35 -71.891 0.141
805.40 -71.891 0.141
805.45 -71.890 0.141
805.50 -71.890 0.141
805.55 -71.889 0.141
805.60 -71.889 0.141
805.65 -71.889 0.141
805.70 -71.888 0.141
805.75 -71.888 0.141
805.80 -71.887 0.141
805.85 -71.887 0.141
805.90 -71.886 0.141
805.95 -71.886 0.141
806.00 -71.885 0.141
806.05 -71.885 0.141
806.10 -71.884 0.141
806.15 -71.884 0.141
806.20 -71.883 0.141
806.25 -71.883 0.141
806.30 -71.882 0.141
806.35 -71.882 0.141
806.40 -71.881 0.141
806.45 -71.881 0.141
806.50 -71.880 0.141
806.55 -71.880 0.141
806.60 -71.879 0.140
806.65 -71.879 0.140
806.70 -71.878 0.140
806.75 -71.878 0.140
806.80 -71.877 0.140
806.85 -71.877 0.140
806.90 -71.876 0.140
806.95 -71.876 0.140
807.00 -71.875 0.140
807.05 -71.875 0.140
807.10 -71.874 0.140
807.15 -71.874 0.140
807.20 -71.873 0.140
807.25 -71.873 0.140
807.30 -71.872 0.140
807.35 -71.872 0.140
807.40 -71.871 0.140
807.45 -71.871 0.140
807.50 -71.871 0.140
807.55 -71.870 0.140
807.60 -71.870 0.140
807.65 -71.869 0.140
807.70 -71.869 0.140
807.75 -71.868 0.140
807.80 -71.868 0.140
807.85 -71.867 0.139
807.90 -71.867 0.139
807.95 -71.866 0.139
808.00 -71.866 0.139
808.05 -71.865 0.139
808.10 -71.865 0.139
808.15 -71.864 0.139
808.20 -71.864 0.139
808.25 -71.863 0.139
808.30 -71.863 0.139
808.35 -71.862 0.139
808.40 -71.862 0.139
808.45 -71.861 0.139
808.50 -71.861 0.139
808.55 -71.860 0.139
808.60 -71.860 0.139
808.65 -71.859 0.139
808.70 -71.859 0.139
808.75 -71.858 0.139
808.80 -71.858 0.139
808.85 -71.858 0.139
808.90 -71.857 0.139
808.95 -71.857 0.139
809.00 -71.856 0.139
809.05 -71.856 0.139
809.10 -71.855 0.139
809.15 -71.855 0.138
809.20 -71.854 0.138
809.25 -71.854 0.138
809.30 -71.853 0.138
809.35 -71.853 0.138
809.40 -71.852 0.138
809.45 -71.852 0.138
809.50 -71.851 0.138
809.55 -71.851 0.138
809.60 -71.850 0.138
809.65 -71.850 0.138
809.70 -71.849 0.138
809.75 -71.849 0.138
809.80 -71.848 0.138
809.85 -71.848 0.138
809.90 -71.847 0.138
809.95 -71.847 0.138
810.00 -71.847 0.138
810.05 -71.846 0.138
810.10 -71.846 0.138
810.15 -71.845 0.138
810.20 -71.845 0.138
810.25 -71.844 0.138
810.30 -71.844 0.138
810.35 -71.843 0.138
810.40 -71.843 0.138
810.45 -71.842 0.137
810.50 -71.842 0.137
810.55 -71.841 0.137
810.60 -71.841 0.137
810.65 -71.840 0.137
810.70 -71.840 0.137
810.75 -71.839 0.137
810.80 -71.839 0.137
810.85 -71.838 0.137
810.90 -71.838 0.137
810.95 -71.838 0.137
811.00 -71.837 0.137
811.05 -71.837 0.137
811.10 -71.836 0.137
811.15 -71.836 0.137
811.20 -71.835 0.137
811.25 -71.835 0.137
811.30 -71.834 0.137
811.35 -71.834 0.137
811.40 -71.833 0.137
811.45 -71.833 0.137
811.50 -71.832 0.137
811.55 -71.832 0.137
811.60 -71.831 0.137
811.65 -71.831 0.137
811.70 -71.830 0.137
811.75 -71.830 0.136
811.80 -71.829 0.136
811.85 -71.829 0.136
811.90 -71.829 0.136
811.95 -71.828 0.136
812.00 -71.828 0.136
812.05 -71.827 0.136
812.10 -71.827 0.136
812.15 -71.826 0.136
812.20 -71.826 0.136
812.25 -71.825 0.136
812.30 -71.825 0.136
812.35 -71.824 0.136
812.40 -71.824 0.136
812.45 -71.823 0.136
812.50 -71.823 0.136
812.55 -71.822 0.136
812.60 -71.822 0.136
812.65 -71.822 0.136
812.70 -71.821 0.136
812.75 -71.821 0.136
812.80 -71.820 0.136
812.85 -71.820 0.136
812.90 -71.819 0.136
812.95 -71.819 0.136
813.00 -71.818 0.136
813.05 -71.818 0.135
813.10 -71.817 0.135
813.15 -71.817 0.135
813.20 -71.816 0.135
813.25 -71.816 0.135
813.30 -71.815 0.135
813.35 -71.815 0.135
813.40 -71.814 0.135
813.45 -71.814 0.135
813.50 -71.814 0.135
813.55 -71.813 0.135
813.60 -71.813 0.135
813.65 -71.812 0.135
813.70 -71.812 0.135
813.75 -71.811 0.135
813.80 -71.811 0.135
813.85 -71.810 0.135
813.90 -71.810 0.135
813.95 -71.809 0.135
814.00 -71.809 0.135
814.05 -71.808 0.135
814.10 -71.808 0.135
814.15 -71.808 0.135
814.20 -71.807 0.135
814.25 -71.807 0.135
814.30 -71.806 0.135
814.35 -71.806 0.135
814.40 -71.805 0.134
814.45 -71.805 0.134
814.50 -71.804 0.134
814.55 -71.804 0.134
814.60 -71.803 0.134
814.65 -71.803 0.134
814.70 -71.802 0.134
814.75 -71.802 0.134
814.80 -71.802 0.134
814.85 -71.801 0.134
814.90 -71.801 0.134
814.95 -71.800 0.134
815.00 -71.800 0.134
815.05 -71.799 0.134
815.10 -71.799 0.134
815.15 -71.798 0.134
815.20 -71.798 0.134
815.25 -71.797 0.134
815.30 -71.797 0.134
815.35 -71.796 0.134
815.40 -71.796 0.134
815.45 -71.796 0.134
815.50 -71.795 0.134
815.55 -71.795 0.134
815.60 -71.794 0.134
815.65 -71.794 0.134
815.70 -71.793 0.133
815.75 -71.793 0.133
815.80 -71.792 0.133
815.85 -71.792 0.133
815.90 -71.791 0.133
815.95 -71.791 0.133
816.00 -71.790 0.133
816.05 -71.790 0.133
816.10 -71.790 0.133
816.15 -71.789 0.133
816.20 -71.789 0.133
816.25 -71.788 0.133
816.30 -71.788 0.133
816.35 -71.787 0.133
816.40 -71.787 0.133
816.45 -71.786 0.133
816.50 -71.786 0.133
816.55 -71.785 0.133
816.60 -71.785 0.133
816.65 -71.785 0.133
816.70 -71.784 0.133
816.75 -71.784 0.133
816.80 -71.783 0.133
816.85 -71.783 0.133
816.90 -71.782 0.133
816.95 -71.782 0.133
817.00 -71.781 0.133
817.05 -71.781 0.132
817.10 -71.780 0.132
817.15 -71.780 0.132
817.20 -71.780 0.132
817.25 -71.779 0.132
817.30 -71.779 0.132
817.35 -71.778 0.132
817.40 -71.778 0.132
817.45 -71.777 0.132
817.50 -71.777 0.132
817.55 -71.776 0.132
817.60 -71.776 0.132
817.65 -71.775 0.132
817.70 -71.775 0.132
817.75 -71.775 0.132
817.80 -71.774 0.132
817.85 -71.774 0.132
817.90 -71.773 0.132
817.95 -71.773 0.132
818.00 -71.772 0.132
818.05 -71.772 0.132
818.10 -71.771 0.132
818.15 -71.771 0.132
818.20 -71.770 0.132
818.25 -71.770 0.132
818.30 -71.770 0.132
818.35 -71.769 0.132
818.40 -71.769 0.132
818.45 -71.768 0.131
818.50 -71.768 0.131
818.55 -71.767 0.131
818.60 -71.767 0.131
818.65 -71.766 0.131
818.70 -71.766 0.131
818.75 -71.765 0.131
818.80 -71.765 0.131
818.85 -71.765 0.131
818.90 -71.764 0.131
818.95 -71.764 0.131
819.00 -71.763 0.131
819.05 -71.763 0.131
819.10 -71.762 0.131
819.15 -71.762 0.131
819.20 -71.761 0.131
819.25 -71.761 0.131
819.30 -71.761 0.131
819.35 -71.760 0.131
819.40 -71.760 0.131
819.45 -71.759 0.131
819.50 -71.759 0.131
819.55 -71.758 0.131
819.60 -71.758 0.131
819.65 -71.757 0.131
819.70 -71.757 0.131
819.75 -71.756 0.131
819.80 -71.756 0.130
819.85 -71.756 0.130
819.90 -71.755 0.130
819.95 -71.755 0.130
820.00 -71.754 0.130
820.05 -71.754 0.130
820.10 -71.753 0.130
820.15 -71.753 0.130
820.20 -71.752 0.130
820.25 -71.752 0.130
820.30 -71.752 0.130
820.35 -71.751 0.130
820.40 -71.751 0.130
820.45 -71.750 0.130
820.50 -71.750 0.130
820.55 -71.749 0.130
820.60 -71.749 0.130
820.65 -71.748 0.130
820.70 -71.748 0.130
820.75 -71.748 0.130
820.80 -71.747 0.130
820.85 -71.747 0.130
820.90 -71.746 0.130
820.95 -71.746 0.130
821.00 -71.745 0.130
821.05 -71.745 0.130
821.10 -71.744 0.130
821.15 -71.744 0.130
821.20 -71.744 0.129
821.25 -71.743 0.129
821.30 -71.743 0.129
821.35 -71.742 0.129
821.40 -71.742 0.129
821.45 -71.741 0.129
821.50 -71.741 0.129
821.55 -71.740 0.129
821.60 -71.740 0.129
821.65 -71.740 0.129
821.70 -71.739 0.129
821.75 -71.739 0.129
821.80 -71.738 0.129
821.85 -71.738 0.129
821.90 -71.737 0.129
821.95 -71.737 0.129
822.00 -71.737 0.129
822.05 -71.736 0.129
822.10 -71.736 0.129
822.15 -71.735 0.129
822.20 -71.735 0.129
822.25 -71.734 0.129
822.30 -71.734 0.129
822.35 -71.733 0.129
822.40 -71.733 0.129
822.45 -71.733 0.129
822.50 -71.732 0.129
822.55 -71.732 0.129
822.60 -71.731 0.129
822.65 -71.731 0.128
822.70 -71.730 0.128
822.75 -71.730 0.128
822.80 -71.729 0.128
822.85 -71.729 0.128
822.90 -71.729 0.128
822.95 -71.728 0.128
823.00 -71.728 0.128
823.05 -71.727 0.128
823.10 -71.727 0.128
823.15 -71.726 0.128
823.20 -71.726 0.128
823.25 -71.726 0.128
823.30 -71.725 0.128
823.35 -71.725 0.128
823.40 -71.724 0.128
823.45 -71.724 0.128
823.50 -71.723 0.128
823.55 -71.723 0.128
823.60 -71.722 0.128
823.65 -71.722 0.128
823.70 -71.722 0.128
823.75 -71.721 0.128
823.80 -71.721 0.128
823.85 -71.720 0.128
823.90 -71.720 0.128
823.95 -71.719 0.128
824.00 -71.719 0.128
824.05 -71.719 0.127
824.10 -71.718 0.127
824.15 -71.718 0.127
824.20 -71.717 0.127
824.25 -71.717 0.127
824.30 -71.716 0.127
824.35 -71.716 0.127
824.40 -71.715 0.127
824.45 -71.715 0.127
824.50 -71.715 0.127
824.55 -71.714 0.127
824.60 -71.714 0.127
824.65 -71.713 0.127
824.70 -71.713 0.127
824.75 -71.712 0.127
824.80 -71.712 0.127
824.85 -71.712 0.127
824.90 -71.711 0.127
824.95 -71.711 0.127
825.00 -71.710 0.127
825.05 -71.710 0.127
825.10 -71.709 0.127
825.15 -71.709 0.127
825.20 -71.709 0.127
825.25 -71.708 0.127
825.30 -71.708 0.127
825.35 -71.707 0.127
825.40 -71.707 0.127
825.45 -71.706 0.127
825.50 -71.706 0.126
825.55 -71.706 0.126
825.60 -71.705 0.126
825.65 -71.705 0.126
825.70 -71.704 0.126
825.75 -71.704 0.126
825.80 -71.703 0.126
825.85 -71.703 0.126
825.90 -71.703 0.126
825.95 -71.702 0.126
826.00 -71.702 0.126
826.05 -71.701 0.126
826.10 -71.701 0.126
826.15 -71.700 0.126
826.20 -71.700 0.126
826.25 -71.700 0.126
826.30 -71.699 0.126
826.35 -71.699 0.126
826.40 -71.698 0.126
826.45 -71.698 0.126
826.50 -71.697 0.126
826.55 -71.697 0.126
826.60 -71.696 0.126
826.65 -71.696 0.126
826.70 -71.696 0.126
826.75 -71.695 0.126
826.80 -71.695 0.126
826.85 -71.694 0.126
826.90 -71.694 0.126
826.95 -71.694 0.125
827.00 -71.693 0.125
827.05 -71.693 0.125
827.10 -71.692 0.125
827.15 -71.692 0.125
827.20 -71.691 0.125
827.25 -71.691 0.125
827.30 -71.691 0.125
827.35 -71.690 0.125
827.40 -71.690 0.125
827.45 -71.689 0.125
827.50 -71.689 0.125
827.55 -71.688 0.125
827.60 -71.688 0.125
827.65 -71.688 0.125
827.70 -71.687 0.125
827.75 -71.687 0.125
827.80 -71.686 0.125
827.85 -71.686 0.125
827.90 -71.685 0.125
827.95 -71.685 0.125
828.00 -71.685 0.125
828.05 -71.684 0.125
828.10 -71.684 0.125
828.15 -71.683 0.125
828.20 -71.683 0.125
828.25 -71.682 0.125
828.30 -71.682 0.125
828.35 -71.682 0.125
828.40 -71.681 0.124
828.45 -71.681 0.124
828.50 -71.680 0.124
828.55 -71.680 0.124
828.60 -71.679 0.124
828.65 -71.679 0.124
828.70 -71.679 0.124
828.75 -71.678 0.124
828.80 -71.678 0.124
828.85 -71.677 0.124
828.90 -71.677 0.124
828.95 -71.677 0.124
829.00 -71.676 0.124
829.05 -71.676 0.124
829.10 -71.675 0.124
829.15 -71.675 0.124
829.20 -71.674 0.124
829.25 -71.674 0.124
829.30 -71.674 0.124
829.35 -71.673 0.124
829.40 -71.673 0.124
829.45 -71.672 0.124
829.50 -71.672 0.124
829.55 -71.671 0.124
829.60 -71.671 0.124
829.65 -71.671 0.124
829.70 -71.670 0.124
829.75 -71.670 0.124
829.80 -71.669 0.124
829.85 -71.669 0.124
829.90 -71.669 0.123
829.95 -71.668 0.123
830.00 -71.668 0.123
830.05 -71.667 0.123
830.10 -71.667 0.123
830.15 -71.666 0.123
830.20 -71.666 0.123
830.25 -71.666 0.123
830.30 -71.665 0.123
830.35 -71.665 0.123
830.40 -71.664 0.123
830.45 -71.664 0.123
830.50 -71.663 0.123
830.55 -71.663 0.123
830.60 -71.663 0.123
830.65 -71.662 0.123
830.70 -71.662 0.123
830.75 -71.661 0.123
830.80 -71.661 0.123
830.85 -71.661 0.123
830.90 -71.660 0.123
830.95 -71.660 0.123
831.00 -71.659 0.123
831.05 -71.659 0.123
831.10 -71.658 0.123
831.15 -71.658 0.123
831.20 -71.658 0.123
831.25 -71.657 0.123
831.30 -71.657 0.123
831.35 -71.656 0.123
831.40 -71.656 0.122
831.45 -71.656 0.122
831.50 -71.655 0.122
831.55 -71.655 0.122
831.60 -71.654 0.122
831.65 -71.654 0.122
831.70 -71.653 0.122
831.75 -71.653 0.122
831.80 -71.653 0.122
831.85 -71.652 0.122
831.90 -71.652 0.122
831.95 -71.651 0.122
832.00 -71.651 0.122
832.05 -71.651 0.122
832.10 -71.650 0.122
832.15 -71.650 0.122
832.20 -71.649 0.122
832.25 -71.649 0.122
832.30 -71.649 0.122
832.35 -71.648 0.122
832.40 -71.648 0.122
832.45 -71.647 0.122
832.50 -71.647 0.122
832.55 -71.646 0.122
832.60 -71.646 0.122
832.65 -71.646 0.122
832.70 -71.645 0.122
832.75 -71.645 0.122
832.80 -71.644 0.122
832.85 -71.644 0.122
832.90 -71.644 0.122
832.95 -71.643 0.121
833.00 -71.643 0.121
833.05 -71.642 0.121
833.10 -71.642 0.121
833.15 -71.642 0.121
833.20 -71.641 0.121
833.25 -71.641 0.121
833.30 -71.640 0.121
833.35 -71.640 0.121
833.40 -71.639 0.121
833.45 -71.639 0.121
833.50 -71.639 0.121
833.55 -71.638 0.121
833.60 -71.638 0.121
833.65 -71.637 0.121
833.70 -71.637 0.121
833.75 -71.637 0.121
833.80 -71.636 0.121
833.85 -71.636 0.121
833.90 -71.635 0.121
833.95 -71.635 0.121
834.00 -71.635 0.121
834.05 -71.634 0.121
834.10 -71.634 0.121
834.15 -71.633 0.121
834.20 -71.633 0.121
834.25 -71.633 0.121
834.30 -71.632 0.121
834.35 -71.632 0.121
834.40 -71.631 0.121
834.45 -71.631 0.120
834.50 -71.630 0.120
834.55 -71.630 0.120
834.60 -71.630 0.120
834.65 -71.629 0.120
834.70 -71.629 0.120
834.75 -71.628 0.120
834.80 -71.628 0.120
834.85 -71.628 0.120
834.90 -71.627 0.120
834.95 -71.627 0.120
835.00 -71.626 0.120
835.05 -71.626 0.120
835.10 -71.626 0.120
835.15 -71.625 0.120
835.20 -71.625 0.120
835.25 -71.624 0.120
835.30 -71.624 0.120
835.35 -71.624 0.120
835.40 -71.623 0.120
835.45 -71.623 0.120
835.50 -71.622 0.120
835.55 -71.622 0.120
835.60 -71.622 0.120
835.65 -71.621 0.120
835.70 -71.621 0.120
835.75 -71.620 0.120
835.80 -71.620 0.120
835.85 -71.620 0.120
835.90 -71.619 0.120
835.95 -71.619 0.120
836.00 -71.618 0.120
836.05 -71.618 0.119
836.10 -71.618 0.119
836.15 -71.617 0.119
836.20 -71.617 0.119
836.25 -71.616 0.119
836.30 -71.616 0.119
836.35 -71.615 0.119
836.40 -71.615 0.119
836.45 -71.615 0.119
836.50 -71.614 0.119
836.55 -71.614 0.119
836.60 -71.613 0.119
836.65 -71.613 0.119
836.70 -71.613 0.119
836.75 -71.612 0.119
836.80 -71.612 0.119
836.85 -71.611 0.119
836.90 -71.611 0.119
836.95 -71.611 0.119
837.00 -71.610 0.119
837.05 -71.610 0.119
837.10 -71.609 0.119
837.15 -71.609 0.119
837.20 -71.609 0.119
837.25 -71.608 0.119
837.30 -71.608 0.119
837.35 -71.607 0.119
837.40 -71.607 0.119
837.45 -71.607 0.119
837.50 -71.606 0.119
837.55 -71.606 0.119
837.60 -71.605 0.118
837.65 -71.605 0.118
837.70 -71.605 0.118
837.75 -71.604 0.118
837.80 -71.604 0.118
837.85 -71.603 0.118
837.90 -71.603 0.118
837.95 -71.603 0.118
838.00 -71.602 0.118
838.05 -71.602 0.118
838.10 -71.601 0.118
838.15 -71.601 0.118
838.20 -71.601 0.118
838.25 -71.600 0.118
838.30 -71.600 0.118
838.35 -71.599 0.118
838.40 -71.599 0.118
838.45 -71.599 0.118
838.50 -71.598 0.118
838.55 -71.598 0.118
838.60 -71.598 0.118
838.65 -71.597 0.118
838.70 -71.597 0.118
838.75 -71.596 0.118
838.80 -71.596 0.118
838.85 -71.596 0.118
838.90 -71.595 0.118
838.95 -71.595 0.118
839.00 -71.594 0.118
839.05 -71.594 0.118
839.10 -71.594 0.118
839.15 -71.593 0.118
839.20 -71.593 0.117
839.25 -71.592 0.117
839.30 -71.592 0.117
839.35 -71.592 0.117
839.40 -71.591 0.117
839.45 -71.591 0.117
839.50 -71.590 0.117
839.55 -71.590 0.117
839.60 -71.590 0.117
839.65 -71.589 0.117
839.70 -71.589 0.117
839.75 -71.588 0.117
839.80 -71.588 0.117
839.85 -71.588 0.117
839.90 -71.587 0.117
839.95 -71.587 0.117
840.00 -71.586 0.117
840.05 -71.586 0.117
840.10 -71.586 0.117
840.15 -71.585 0.117
840.20 -71.585 0.117
840.25 -71.584 0.117
840.30 -71.584 0.117
840.35 -71.584 0.117
840.40 -71.583 0.117
840.45 -71.583 0.117
840.50 -71.583 0.117
840.55 -71.582 0.117
840.60 -71.582 0.117
840.65 -71.581 0.117
840.70 -71.581 0.117
840.75 -71.581 0.117
840.80 -71.580 0.116
840.85 -71.580 0.116
840.90 -71.579 0.116
840.95 -71.579 0.116
841.00 -71.579 0.116
841.05 -71.578 0.116
841.10 -71.578 0.116
841.15 -71.577 0.116
841.20 -71.577 0.116
841.25 -71.577 0.116
841.30 -71.576 0.116
841.35 -71.576 0.116
841.40 -71.575 0.116
841.45 -71.575 0.116
841.50 -71.575 0.116
841.55 -71.574 0.116
841.60 -71.574 0.116
841.65 -71.574 0.116
841.70 -71.573 0.116
841.75 -71.573 0.116
841.80 -71.572 0.116
841.85 -71.572 0.116
841.90 -71.572 0.116
841.95 -71.571 0.116
842.00 -71.571 0.116
842.05 -71.570 0.116
842.10 -71.570 0.116
842.15 -71.570 0.116
842.20 -71.569 0.116
842.25 -71.569 0.116
842.30 -71.568 0.116
842.35 -71.568 0.116
842.40 -71.568 0.116
842.45 -71.567 0.115
842.50 -71.567 0.115
842.55 -71.567 0.115
842.60 -71.566 0.115
842.65 -71.566 0.115
842.70 -71.565 0.115
842.75 -71.565 0.115
842.80 -71.565 0.115
842.85 -71.564 0.115
842.90 -71.564 0.115
842.95 -71.563 0.115
843.00 -71.563 0.115
843.05 -71.563 0.115
843.10 -71.562 0.115
843.15 -71.562 0.115
843.20 -71.562 0.115
843.25 -71.561 0.115
843.30 -71.561 0.115
843.35 -71.560 0.115
843.40 -71.560 0.115
843.45 -71.560 0.115
843.50 -71.559 0.115
843.55 -71.559 0.115
843.60 -71.558 0.115
843.65 -71.558 0.115
843.70 -71.558 0.115
843.75 -71.557 0.115
843.80 -71.557 0.115
843.85 -71.557 0.115
843.90 -71.556 0.115
843.95 -71.556 0.115
844.00 -71.555 0.115
844.05 -71.555 0.115
844.10 -71.555 0.114
844.15 -71.554 0.114
844.20 -71.554 0.114
844.25 -71.553 0.114
844.30 -71.553 0.114
844.35 -71.553 0.114
844.40 -71.552 0.114
844.45 -71.552 0.114
844.50 -71.552 0.114
844.55 -71.551 0.114
844.60 -71.551 0.114
844.65 -71.550 0.114
844.70 -71.550 0.114
844.75 -71.550 0.114
844.80 -71.549 0.114
844.85 -71.549 0.114
844.90 -71.549 0.114
844.95 -71.548 0.114
845.00 -71.548 0.114
845.05 -71.547 0.114
845.10 -71.547 0.114
845.15 -71.547 0.114
845.20 -71.546 0.114
845.25 -71.546 0.114
845.30 -71.545 0.114
845.35 -71.545 0.114
845.40 -71.545 0.114
845.45 -71.544 0.114
845.50 -71.544 0.114
845.55 -71.544 0.114
845.60 -71.543 0.114
845.65 -71.543 0.114
845.70 -71.542 0.114
845.75 -71.542 0.113
845.80 -71.542 0.113
845.85 -71.541 0.113
845.90 -71.541 0.113
845.95 -71.541 0.113
846.00 -71.540 0.113
846.05 -71.540 0.113
846.10 -71.539 0.113
846.15 -71.539 0.113
846.20 -71.539 0.113
846.25 -71.538 0.113
846.30 -71.538 0.113
846.35 -71.538 0.113
846.40 -71.537 0.113
846.45 -71.537 0.113
846.50 -71.536 0.113
846.55 -71.536 0.113
846.60 -71.536 0.113
846.65 -71.535 0.113
846.70 -71.535 0.113
846.75 -71.535 0.113
846.80 -71.534 0.113
846.85 -71.534 0.113
846.90 -71.533 0.113
846.95 -71.533 0.113
847.00 -71.533 0.113
847.05 -71.532 0.113
847.10 -71.532 0.113
847.15 -71.531 0.113
847.20 -71.531 0.113
847.25 -71.531 0.113
847.30 -71.530 0.113
847.35 -71.530 0.113
847.40 -71.530 0.113
847.45 -71.529 0.112
847.50 -71.529 0.112
847.55 -71.528 0.112
847.60 -71.528 0.112
847.65 -71.528 0.112
847.70 -71.527 0.112
847.75 -71.527 0.112
847.80 -71.527 0.112
847.85 -71.526 0.112
847.90 -71.526 0.112
847.95 -71.526 0.112
848.00 -71.525 0.112
848.05 -71.525 0.112
848.10 -71.524 0.112
848.15 -71.524 0.112
848.20 -71.524 0.112
848.25 -71.523 0.112
848.30 -71.523 0.112
848.35 -71.523 0.112
848.40 -71.522 0.112
848.45 -71.522 0.112
848.50 -71.521 0.112
848.55 -71.521 0.112
848.60 -71.521 0.112
848.65 -71.520 0.112
848.70 -71.520 0.112
848.75 -71.520 0.112
848.80 -71.519 0.112
848.85 -71.519 0.112
848.90 -71.518 0.112
848.95 -71.518 0.112
849.00 -71.518 0.112
849.05 -71.517 0.112
849.10 -71.517 0.112
849.15 -71.517 0.111
849.20 -71.516 0.111
849.25 -71.516 0.111
849.30 -71.515 0.111
849.35 -71.515 0.111
849.40 -71.515 0.111
849.45 -71.514 0.111
849.50 -71.514 0.111
849.55 -71.514 0.111
849.60 -71.513 0.111
849.65 -71.513 0.111
849.70 -71.512 0.111
849.75 -71.512 0.111
849.80 -71.512 0.111
849.85 -71.511 0.111
849.90 -71.511 0.111
849.95 -71.511 0.111
850.00 -71.510 0.111
850.05 -71.510 0.111
850.10 -71.510 0.111
850.15 -71.509 0.111
850.20 -71.509 0.111
850.25 -71.508 0.111
850.30 -71.508 0.111
850.35 -71.508 0.111
850.40 -71.507 0.111
850.45 -71.507 0.111
850.50 -71.507 0.111
850.55 -71.506 0.111
850.60 -71.506 0.111
850.65 -71.506 0.111
850.70 -71.505 0.111
850.75 -71.505 0.111
850.80 -71.504 0.111
850.85 -71.504 0.111
850.90 -71.504 0.110
850.95 -71.503 0.110
851.00 -71.503 0.110
851.05 -71.503 0.110
851.10 -71.502 0.110
851.15 -71.502 0.110
851.20 -71.501 0.110
851.25 -71.501 0.110
851.30 -71.501 0.110
851.35 -71.500 0.110
851.40 -71.500 0.110
851.45 -71.500 0.110
851.50 -71.499 0.110
851.55 -71.499 0.110
851.60 -71.499 0.110
851.65 -71.498 0.110
851.70 -71.498 0.110
851.75 -71.497 0.110
851.80 -71.497 0.110
851.85 -71.497 0.110
851.90 -71.496 0.110
851.95 -71.496 0.110
852.00 -71.496 0.110
852.05 -71.495 0.110
852.10 -71.495 0.110
852.15 -71.495 0.110
852.20 -71.494 0.110
852.25 -71.494 0.110
852.30 -71.493 0.110
852.35 -71.493 0.110
852.40 -71.493 0.110
852.45 -71.492 0.110
852.50 -71.492 0.110
852.55 -71.492 0.110
852.60 -71.491 0.110
852.65 -71.491 0.109
852.70 -71.491 0.109
852.75 -71.490 0.109
852.80 -71.490 0.109
852.85 -71.489 0.109
852.90 -71.489 0.109
852.95 -71.489 0.109
853.00 -71.488 0.109
853.05 -71.488 0.109
853.10 -71.488 0.109
853.15 -71.487 0.109
853.20 -71.487 0.109
853.25 -71.487 0.109
853.30 -71.486 0.109
853.35 -71.486 0.109
853.40 -71.485 0.109
853.45 -71.485 0.109
853.50 -71.485 0.109
853.55 -71.484 0.109
853.60 -71.484 0.109
853.65 -71.484 0.109
853.70 -71.483 0.109
853.75 -71.483 0.109
853.80 -71.483 0.109
853.85 -71.482 0.109
853.90 -71.482 0.109
853.95 -71.482 0.109
854.00 -71.481 0.109
854.05 -71.481 0.109
854.10 -71.480 0.109
854.15 -71.480 0.109
854.20 -71.480 0.109
854.25 -71.479 0.109
854.30 -71.479 0.109
854.35 -71.479 0.109
854.40 -71.478 0.108
854.45 -71.478 0.108
854.50 -71.478 0.108
854.55 -71.477 0.108
854.60 -71.477 0.108
854.65 -71.477 0.108
854.70 -71.476 0.108
854.75 -71.476 0.108
854.80 -71.475 0.108
854.85 -71.475 0.108
854.90 -71.475 0.108
854.95 -71.474 0.108
855.00 -71.474 0.108
855.05 -71.474 0.108
855.10 -71.473 0.108
855.15 -71.473 0.108
855.20 -71.473 0.108
855.25 -71.472 0.108
855.30 -71.472 0.108
855.35 -71.472 0.108
855.40 -71.471 0.108
855.45 -71.471 0.108
855.50 -71.470 0.108
855.55 -71.470 0.108
855.60 -71.470 0.108
855.65 -71.469 0.108
855.70 -71.469 0.108
855.75 -71.469 0.108
855.80 -71.468 0.108
855.85 -71.468 0.108
855.90 -71.468 0.108
855.95 -71.467 0.108
856.00 -71.467 0.108
856.05 -71.467 0.108
856.10 -71.466 0.108
856.15 -71.466 0.108
856.20 -71.465 0.107
856.25 -71.465 0.107
856.30 -71.465 0.107
856.35 -71.464 0.107
856.40 -71.464 0.107
856.45 -71.464 0.107
856.50 -71.463 0.107
856.55 -71.463 0.107
856.60 -71.463 0.107
856.65 -71.462 0.107
856.70 -71.462 0.107
856.75 -71.462 0.107
856.80 -71.461 0.107
856.85 -71.461 0.107
856.90 -71.461 0.107
856.95 -71.460 0.107
857.00 -71.460 0.107
857.05 -71.459 0.107
857.10 -71.459 0.107
857.15 -71.459 0.107
857.20 -71.458 0.107
857.25 -71.458 0.107
857.30 -71.458 0.107
857.35 -71.457 0.107
857.40 -71.457 0.107
857.45 -71.457 0.107
857.50 -71.456 0.107
857.55 -71.456 0.107
857.60 -71.456 0.107
857.65 -71.455 0.107
857.70 -71.455 0.107
857.75 -71.455 0.107
857.80 -71.454 0.107
857.85 -71.454 0.107
857.90 -71.453 0.107
857.95 -71.453 0.107
858.00 -71.453 0.107
858.05 -71.452 0.106
858.10 -71.452 0.106
858.15 -71.452 0.106
858.20 -71.451 0.106
858.25 -71.451 0.106
858.30 -71.451 0.106
858.35 -71.450 0.106
858.40 -71.450 0.106
858.45 -71.450 0.106
858.50 -71.449 0.106
858.55 -71.449 0.106
858.60 -71.449 0.106
858.65 -71.448 0.106
858.70 -71.448 0.106
858.75 -71.448 0.106
858.80 -71.447 0.106
858.85 -71.447 0.106
858.90 -71.447 0.106
858.95 -71.446 0.106
859.00 -71.446 0.106
859.05 -71.445 0.106
859.10 -71.445 0.106
859.15 -71.445 0.106
859.20 -71.444 0.106
859.25 -71.444 0.106
859.30 -71.444 0.106
859.35 -71.443 0.106
859.40 -71.443 0.106
859.45 -71.443 0.106
859.50 -71.442 0.106
859.55 -71.442 0.106
859.60 -71.442 0.106
859.65 -71.441 0.106
859.70 -71.441 0.106
859.75 -71.441 0.106
859.80 -71.440 0.106
859.85 -71.440 0.106
859.90 -71.440 0.105
859.95 -71.439 0.105
860.00 -71.439 0.105
860.05 -71.439 0.105
860.10 -71.438 0.105
860.15 -71.438 0.105
860.20 -71.437 0.105
860.25 -71.437 0.105
860.30 -71.437 0.105
860.35 -71.436 0.105
860.40 -71.436 0.105
860.45 -71.436 0.105
860.50 -71.435 0.105
860.55 -71.435 0.105
860.60 -71.435 0.105
860.65 -71.434 0.105
860.70 -71.434 0.105
860.75 -71.434 0.105
860.80 -71.433 0.105
860.85 -71.433 0.105
860.90 -71.433 0.105
860.95 -71.432 0.105
861.00 -71.432 0.105
861.05 -71.432 0.105
861.10 -71.431 0.105
861.15 -71.431 0.105
861.20 -71.431 0.105
861.25 -71.430 0.105
861.30 -71.430 0.105
861.35 -71.430 0.105
861.40 -71.429 0.105
861.45 -71.429 0.105
861.50 -71.429 0.105
861.55 -71.428 0.105
861.60 -71.428 0.105
861.65 -71.428 0.105
861.70 -71.427 0.105
861.75 -71.427 0.104
861.80 -71.426 0.104
861.85 -71.426 0.104
861.90 -71.426 0.104
861.95 -71.425 0.104
862.00 -71.425 0.104
862.05 -71.425 0.104
862.10 -71.424 0.104
862.15 -71.424 0.104
862.20 -71.424 0.104
862.25 -71.423 0.104
862.30 -71.423 0.104
862.35 -71.423 0.104
862.40 -71.422 0.104
862.45 -71.422 0.104
862.50 -71.422 0.104
862.55 -71.421 0.104
862.60 -71.421 0.104
862.65 -71.421 0.104
862.70 -71.420 0.104
862.75 -71.420 0.104
862.80 -71.420 0.104
862.85 -71.419 0.104
862.90 -71.419 0.104
862.95 -71.419 0.104
863.00 -71.418 0.104
863.05 -71.418 0.104
863.10 -71.418 0.104
863.15 -71.417 0.104
863.20 -71.417 0.104
863.25 -71.417 0.104
863.30 -71.416 0.104
863.35 -71.416 0.104
863.40 -71.416 0.104
863.45 -71.415 0.104
863.50 -71.415 0.104
863.55 -71.415 0.104
863.60 -71.414 0.104
863.65 -71.414 0.103
863.70 -71.414 0.103
863.75 -71.413 0.103
863.80 -71.413 0.103
863.85 -71.413 0.103
863.90 -71.412 0.103
863.95 -71.412 0.103
864.00 -71.412 0.103
864.05 -71.411 0.103
864.10 -71.411 0.103
864.15 -71.411 0.103
864.20 -71.410 0.103
864.25 -71.410 0.103
864.30 -71.410 0.103
864.35 -71.409 0.103
864.40 -71.409 0.103
864.45 -71.409 0.103
864.50 -71.408 0.103
864.55 -71.408 0.103
864.60 -71.408 0.103
864.65 -71.407 0.103
864.70 -71.407 0.103
864.75 -71.407 0.103
864.80 -71.406 0.103
864.85 -71.406 0.103
864.90 -71.406 0.103
864.95 -71.405 0.103
865.00 -71.405 0.103
865.05 -71.405 0.103
865.10 -71.404 0.103
865.15 -71.404 0.103
865.20 -71.404 0.103
865.25 -71.403 0.103
865.30 -71.403 0.103
865.35 -71.403 0.103
865.40 -71.402 0.103
865.45 -71.402 0.103
865.50 -71.402 0.103
865.55 -71.401 0.103
865.60 -71.401 0.102
865.65 -71.401 0.102
865.70 -71.400 0.102
865.75 -71.400 0.102
865.80 -71.400 0.102
865.85 -71.399 0.102
865.90 -71.399 0.102
865.95 -71.399 0.102
866.00 -71.398 0.102
866.05 -71.398 0.102
866.10 -71.398 0.102
866.15 -71.397 0.102
866.20 -71.397 0.102
866.25 -71.397 0.102
866.30 -71.396 0.102
866.35 -71.396 0.102
866.40 -71.396 0.102
866.45 -71.395 0.102
866.50 -71.395 0.102
866.55 -71.395 0.102
866.60 -71.394 0.102
866.65 -71.394 0.102
866.70 -71.394 0.102
866.75 -71.393 0.102
866.80 -71.393 0.102
866.85 -71.393 0.102
866.90 -71.392 0.102
866.95 -71.392 0.102
867.00 -71.392 0.102
867.05 -71.391 0.102
867.10 -71.391 0.102
867.15 -71.391 0.102
867.20 -71.390 0.102
867.25 -71.390 0.102
867.30 -71.390 0.102
867.35 -71.389 0.102
867.40 -71.389 0.102
867.45 -71.389 0.102
867.50 -71.388 0.102
867.55 -71.388 0.101
867.60 -71.388 0.101
867.65 -71.387 0.101
867.70 -71.387 0.101
867.75 -71.387 0.101
867.80 -71.386 0.101
867.85 -71.386 0.101
867.90 -71.386 0.101
867.95 -71.385 0.101
868.00 -71.385 0.101
868.05 -71.385 0.101
868.10 -71.384 0.101
868.15 -71.384 0.101
868.20 -71.384 0.101
868.25 -71.383 0.101
868.30 -71.383 0.101
868.35 -71.383 0.101
868.40 -71.382 0.101
868.45 -71.382 0.101
868.50 -71.382 0.101
868.55 -71.381 0.101
868.60 -71.381 0.101
868.65 -71.381 0.101
868.70 -71.380 0.101
868.75 -71.380 0.101
868.80 -71.380 0.101
868.85 -71.379 0.101
868.90 -71.379 0.101
868.95 -71.379 0.101
869.00 -71.378 0.101
869.05 -71.378 0.101
869.10 -71.378 0.101
869.15 -71.377 0.101
869.20 -71.377 0.101
869.25 -71.377 0.101
869.30 -71.376 0.101
869.35 -71.376 0.101
869.40 -71.376 0.101
869.45 -71.375 0.101
869.50 -71.375 0.100
869.55 -71.375 0.100
869.60 -71.375 0.100
869.65 -71.374 0.100
869.70 -71.374 0.100
869.75 -71.374 0.100
869.80 -71.373 0.100
869.85 -71.373 0.100
869.90 -71.373 0.100
869.95 -71.372 0.100
870.00 -71.372 0.100
870.05 -71.372 0.100
870.10 -71.371 0.100
870.15 -71.371 0.100
870.20 -71.371 0.100
870.25 -71.370 0.100
870.30 -71.370 0.100
870.35 -71.370 0.100
870.40 -71.369 0.100
870.45 -71.369 0.100
870.50 -71.369 0.100
870.55 -71.368 0.100
870.60 -71.368 0.100
870.65 -71.368 0.100
870.70 -71.367 0.100
870.75 -71.367 0.100
870.80 -71.367 0.100
870.85 -71.366 0.100
870.90 -71.366 0.100
870.95 -71.366 0.100
871.00 -71.365 0.100
871.05 -71.365 0.100
871.10 -71.365 0.100
871.15 -71.364 0.100
871.20 -71.364 0.100
871.25 -71.364 0.100
871.30 -71.364 0.100
871.35 -71.363 0.100
871.40 -71.363 0.100
871.45 -71.363 0.100
871.50 -71.362 0.099
871.55 -71.362 0.099
871.60 -71.362 0.099
871.65 -71.361 0.099
871.70 -71.361 0.099
871.75 -71.361 0.099
871.80 -71.360 0.099
871.85 -71.360 0.099
871.90 -71.360 0.099
871.95 -71.359 0.099
872.00 -71.359 0.099
872.05 -71.359 0.099
872.10 -71.358 0.099
872.15 -71.358 0.099
872.20 -71.358 0.099
872.25 -71.357 0.099
872.30 -71.357 0.099
872.35 -71.357 0.099
872.40 -71.356 0.099
872.45 -71.356 0.099
872.50 -71.356 0.099
872.55 -71.356 0.099
872.60 -71.355 0.099
872.65 -71.355 0.099
872.70 -71.355 0.099
872.75 -71.354 0.099
872.80 -71.354 0.099
872.85 -71.354 0.099
872.90 -71.353 0.099
872.95 -71.353 0.099
873.00 -71.353 0.099
873.05 -71.352 0.099
873.10 -71.352 0.099
873.15 -71.352 0.099
873.20 -71.351 0.099
873.25 -71.351 0.099
873.30 -71.351 0.099
873.35 -71.350 0.099
873.40 -71.350 0.099
873.45 -71.350 0.099
873.50 -71.349 0.099
873.55 -71.349 0.098
873.60 -71.349 0.098
873.65 -71.349 0.098
873.70 -71.348 0.098
873.75 -71.348 0.098
873.80 -71.348 0.098
873.85 -71.347 0.098
873.90 -71.347 0.098
873.95 -71.347 0.098
874.00 -71.346 0.098
874.05 -71.346 0.098
874.10 -71.346 0.098
874.15 -71.345 0.098
874.20 -71.345 0.098
874.25 -71.345 0.098
874.30 -71.344 0.098
874.35 -71.344 0.098
874.40 -71.344 0.098
874.45 -71.343 0.098
874.50 -71.343 0.098
874.55 -71.343 0.098
874.60 -71.343 0.098
874.65 -71.342 0.098
874.70 -71.342 0.098
874.75 -71.342 0.098
874.80 -71.341 0.098
874.85 -71.341 0.098
874.90 -71.341 0.098
874.95 -71.340 0.098
875.00 -71.340 0.098
875.05 -71.340 0.098
875.10 -71.339 0.098
875.15 -71.339 0.098
875.20 -71.339 0.098
875.25 -71.338 0.098
875.30 -71.338 0.098
875.35 -71.338 0.098
875.40 -71.338 0.098
875.45 -71.337 0.098
875.50 -71.337 0.098
875.55 -71.337 0.098
875.60 -71.336 0.097
875.65 -71.336 0.097
875.70 -71.336 0.097
875.75 -71.335 0.097
875.80 -71.335 0.097
875.85 -71.335 0.097
875.90 -71.334 0.097
875.95 -71.334 0.097
876.00 -71.334 0.097
876.05 -71.333 0.097
876.10 -71.333 0.097
876.15 -71.333 0.097
876.20 -71.333 0.097
876.25 -71.332 0.097
876.30 -71.332 0.097
876.35 -71.332 0.097
876.40 -71.331 0.097
876.45 -71.331 0.097
876.50 -71.331 0.097
876.55 -71.330 0.097
876.60 -71.330 0.097
876.65 -71.330 0.097
876.70 -71.329 0.097
876.75 -71.329 0.097
876.80 -71.329 0.097
876.85 -71.329 0.097
876.90 -71.328 0.097
876.95 -71.328 0.097
877.00 -71.328 0.097
877.05 -71.327 0.097
877.10 -71.327 0.097
877.15 -71.327 0.097
877.20 -71.326 0.097
877.25 -71.326 0.097
877.30 -71.326 0.097
877.35 -71.325 0.097
877.40 -71.325 0.097
877.45 -71.325 0.097
877.50 -71.324 0.097
877.55 -71.324 0.097
877.60 -71.324 0.097
877.65 -71.324 0.097
877.70 -71.323 0.096
877.75 -71.323 0.096
877.80 -71.323 0.096
877.85 -71.322 0.096
877.90 -71.322 0.096
877.95 -71.322 0.096
878.00 -71.321 0.096
878.05 -71.321 0.096
878.10 -71.321 0.096
878.15 -71.320 0.096
878.20 -71.320 0.096
878.25 -71.320 0.096
878.30 -71.320 0.096
878.35 -71.319 0.096
878.40 -71.319 0.096
878.45 -71.319 0.096
878.50 -71.318 0.096
878.55 -71.318 0.096
878.60 -71.318 0.096
878.65 -71.317 0.096
878.70 -71.317 0.096
878.75 -71.317 0.096
878.80 -71.316 0.096
878.85 -71.316 0.096
878.90 -71.316 0.096
878.95 -71.316 0.096
879.00 -71.315 0.096
879.05 -71.315 0.096
879.10 -71.315 0.096
879.15 -71.314 0.096
879.20 -71.314 0.096
879.25 -71.314 0.096
879.30 -71.313 0.096
879.35 -71.313 0.096
879.40 -71.313 0.096
879.45 -71.313 0.096
879.50 -71.312 0.096
879.55 -71.312 0.096
879.60 -71.312 0.096
879.65 -71.311 0.096
879.70 -71.311 0.096
879.75 -71.311 0.096
879.80 -71.310 0.096
879.85 -71.310 0.095
879.90 -71.310 0.095
879.95 -71.309 0.095
880.00 -71.309 0.095
880.05 -71.309 0.095
880.10 -71.309 0.095
880.15 -71.308 0.095
880.20 -71.308 0.095
880.25 -71.308 0.095
880.30 -71.307 0.095
880.35 -71.307 0.095
880.40 -71.307 0.095
880.45 -71.306 0.095
880.50 -71.306 0.095
880.55 -71.306 0.095
880.60 -71.306 0.095
880.65 -71.305 0.095
880.70 -71.305 0.095
880.75 -71.305 0.095
880.80 -71.304 0.095
880.85 -71.304 0.095
880.90 -71.304 0.095
880.95 -71.303 0.095
881.00 -71.303 0.095
881.05 -71.303 0.095
881.10 -71.303 0.095
881.15 -71.302 0.095
881.20 -71.302 0.095
881.25 -71.302 0.095
881.30 -71.301 0.095
881.35 -71.301 0.095
881.40 -71.301 0.095
881.45 -71.300 0.095
881.50 -71.300 0.095
881.55 -71.300 0.095
881.60 -71.300 0.095
881.65 -71.299 0.095
881.70 -71.299 0.095
881.75 -71.299 0.095
881.80 -71.298 0.095
881.85 -71.298 0.095
881.90 -71.298 0.095
881.95 -71.297 0.095
882.00 -71.297 0.094
882.05 -71.297 0.094
882.10 -71.297 0.094
882.15 -71.296 0.094
882.20 -71.296 0.094
882.25 -71.296 0.094
882.30 -71.295 0.094
882.35 -71.295 0.094
882.40 -71.295 0.094
882.45 -71.294 0.094
882.50 -71.294 0.094
882.55 -71.294 0.094
882.60 -71.294 0.094
882.65 -71.293 0.094
882.70 -71.293 0.094
882.75 -71.293 0.094
882.80 -71.292 0.094
882.85 -71.292 0.094
882.90 -71.292 0.094
882.95 -71.291 0.094
883.00 -71.291 0.094
883.05 -71.291 0.094
883.10 -71.291 0.094
883.15 -71.290 0.094
883.20 -71.290 0.094
883.25 -71.290 0.094
883.30 -71.289 0.094
883.35 -71.289 0.094
883.40 -71.289 0.094
883.45 -71.288 0.094
883.50 -71.288 0.094
883.55 -71.288 0.094
883.60 -71.288 0.094
883.65 -71.287 0.094
883.70 -71.287 0.094
883.75 -71.287 0.094
883.80 -71.286 0.094
883.85 -71.286 0.094
883.90 -71.286 0.094
883.95 -71.285 0.094
884.00 -71.285 0.094
884.05 -71.285 0.094
884.10 -71.285 0.094
884.15 -71.284 0.094
884.20 -71.284 0.093
884.25 -71.284 0.093
884.30 -71.283 0.093
884.35 -71.283 0.093
884.40 -71.283 0.093
884.45 -71.283 0.093
884.50 -71.282 0.093
884.55 -71.282 0.093
884.60 -71.282 0.093
884.65 -71.281 0.093
884.70 -71.281 0.093
884.75 -71.281 0.093
884.80 -71.280 0.093
884.85 -71.280 0.093
884.90 -71.280 0.093
884.95 -71.280 0.093
885.00 -71.279 0.093
885.05 -71.279 0.093
885.10 -71.279 0.093
885.15 -71.278 0.093
885.20 -71.278 0.093
885.25 -71.278 0.093
885.30 -71.278 0.093
885.35 -71.277 0.093
885.40 -71.277 0.093
885.45 -71.277 0.093
885.50 -71.276 0.093
885.55 -71.276 0.093
885.60 -71.276 0.093
885.65 -71.275 0.093
885.70 -71.275 0.093
885.75 -71.275 0.093
885.80 -71.275 0.093
885.85 -71.274 0.093
885.90 -71.274 0.093
885.95 -71.274 0.093
886.00 -71.273 0.093
886.05 -71.273 0.093
886.10 -71.273 0.093
886.15 -71.273 0.093
886.20 -71.272 0.093
886.25 -71.272 0.093
886.30 -71.272 0.093
886.35 -71.271 0.093
886.40 -71.271 0.093
886.45 -71.271 0.092
886.50 -71.271 0.092
886.55 -71.270 0.092
886.60 -71.270 0.092
886.65 -71.270 0.092
886.70 -71.269 0.092
886.75 -71.269 0.092
886.80 -71.269 0.092
886.85 -71.268 0.092
886.90 -71.268 0.092
886.95 -71.268 0.092
887.00 -71.268 0.092
887.05 -71.267 0.092
887.10 -71.267 0.092
887.15 -71.267 0.092
887.20 -71.266 0.092
887.25 -71.266 0.092
887.30 -71.266 0.092
887.35 -71.266 0.092
887.40 -71.265 0.092
887.45 -71.265 0.092
887.50 -71.265 0.092
887.55 -71.264 0.092
887.60 -71.264 0.092
887.65 -71.264 0.092
887.70 -71.264 0.092
887.75 -71.263 0.092
887.80 -71.263 0.092
887.85 -71.263 0.092
887.90 -71.262 0.092
887.95 -71.262 0.092
888.00 -71.262 0.092
888.05 -71.262 0.092
888.10 -71.261 0.092
888.15 -71.261 0.092
888.20 -71.261 0.092
888.25 -71.260 0.092
888.30 -71.260 0.092
888.35 -71.260 0.092
888.40 -71.260 0.092
888.45 -71.259 0.092
888.50 -71.259 0.092
888.55 -71.259 0.092
888.60 -71.258 0.092
888.65 -71.258 0.092
888.70 -71.258 0.091
888.75 -71.258 0.091
888.80 -71.257 0.091
888.85 -71.257 0.091
888.90 -71.257 0.091
888.95 -71.256 0.091
889.00 -71.256 0.091
889.05 -71.256 0.091
889.10 -71.256 0.091
889.15 -71.255 0.091
889.20 -71.255 0.091
889.25 -71.255 0.091
889.30 -71.254 0.091
889.35 -71.254 0.091
889.40 -71.254 0.091
889.45 -71.254 0.091
889.50 -71.253 0.091
889.55 -71.253 0.091
889.60 -71.253 0.091
889.65 -71.252 0.091
889.70 -71.252 0.091
889.75 -71.252 0.091
889.80 -71.252 0.091
889.85 -71.251 0.091
889.90 -71.251 0.091
889.95 -71.251 0.091
890.00 -71.250 0.091
890.05 -71.250 0.091
890.10 -71.250 0.091
890.15 -71.250 0.091
890.20 -71.249 0.091
890.25 -71.249 0.091
890.30 -71.249 0.091
890.35 -71.248 0.091
890.40 -71.248 0.091
890.45 -71.248 0.091
890.50 -71.248 0.091
890.55 -71.247 0.091
890.60 -71.247 0.091
890.65 -71.247 0.091
890.70 -71.246 0.091
890.75 -71.246 0.091
890.80 -71.246 0.091
890.85 -71.246 0.091
890.90 -71.245 0.091
890.95 -71.245 0.091
891.00 -71.245 0.091
891.05 -71.244 0.090
891.10 -71.244 0.090
891.15 -71.244 0.090
891.20 -71.244 0.090
891.25 -71.243 0.090
891.30 -71.243 0.090
891.35 -71.243 0.090
891.40 -71.242 0.090
891.45 -71.242 0.090
891.50 -71.242 0.090
891.55 -71.242 0.090
891.60 -71.241 0.090
891.65 -71.241 0.090
891.70 -71.241 0.090
891.75 -71.240 0.090
891.80 -71.240 0.090
891.85 -71.240 0.090
891.90 -71.240 0.090
891.95 -71.239 0.090
892.00 -71.239 0.090
892.05 -71.239 0.090
892.10 -71.238 0.090
892.15 -71.238 0.090
892.20 -71.238 0.090
892.25 -71.238 0.090
892.30 -71.237 0.090
892.35 -71.237 0.090
892.40 -71.237 0.090
892.45 -71.237 0.090
892.50 -71.236 0.090
892.55 -71.236 0.090
892.60 -71.236 0.090
892.65 -71.235 0.090
892.70 -71.235 0.090
892.75 -71.235 0.090
892.80 -71.235 0.090
892.85 -71.234 0.090
892.90 -71.234 0.090
892.95 -71.234 0.090
893.00 -71.233 0.090
893.05 -71.233 0.090
893.10 -71.233 0.090
893.15 -71.233 0.090
893.20 -71.232 0.090
893.25 -71.232 0.090
893.30 -71.232 0.090
893.35 -71.232 0.089
893.40 -71.231 0.089
893.45 -71.231 0.089
893.50 -71.231 0.089
893.55 -71.230 0.089
893.60 -71.230 0.089
893.65 -71.230 0.089
893.70 -71.230 0.089
893.75 -71.229 0.089
893.80 -71.229 0.089
893.85 -71.229 0.089
893.90 -71.228 0.089
893.95 -71.228 0.089
894.00 -71.228 0.089
894.05 -71.228 0.089
894.10 -71.227 0.089
894.15 -71.227 0.089
894.20 -71.227 0.089
894.25 -71.227 0.089
894.30 -71.226 0.089
894.35 -71.226 0.089
894.40 -71.226 0.089
894.45 -71.225 0.089
894.50 -71.225 0.089
894.55 -71.225 0.089
894.60 -71.225 0.089
894.65 -71.224 0.089
894.70 -71.224 0.089
894.75 -71.224 0.089
894.80 -71.223 0.089
894.85 -71.223 0.089
894.90 -71.223 0.089
894.95 -71.223 0.089
895.00 -71.222 0.089
895.05 -71.222 0.089
895.10 -71.222 0.089
895.15 -71.222 0.089
895.20 -71.221 0.089
895.25 -71.221 0.089
895.30 -71.221 0.089
895.35 -71.220 0.089
895.40 -71.220 0.089
895.45 -71.220 0.089
895.50 -71.220 0.089
895.55 -71.219 0.089
895.60 -71.219 0.089
895.65 -71.219 0.089
895.70 -71.219 0.089
895.75 -71.218 0.088
895.80 -71.218 0.088
895.85 -71.218 0.088
895.90 -71.217 0.088
895.95 -71.217 0.088
896.00 -71.217 0.088
896.05 -71.217 0.088
896.10 -71.216 0.088
896.15 -71.216 0.088
896.20 -71.216 0.088
896.25 -71.216 0.088
896.30 -71.215 0.088
896.35 -71.215 0.088
896.40 -71.215 0.088
896.45 -71.214 0.088
896.50 -71.214 0.088
896.55 -71.214 0.088
896.60 -71.214 0.088
896.65 -71.213 0.088
896.70 -71.213 0.088
896.75 -71.213 0.088
896.80 -71.213 0.088
896.85 -71.212 0.088
896.90 -71.212 0.088
896.95 -71.212 0.088
897.00 -71.211 0.088
897.05 -71.211 0.088
897.10 -71.211 0.088
897.15 -71.211 0.088
897.20 -71.210 0.088
897.25 -71.210 0.088
897.30 -71.210 0.088
897.35 -71.210 0.088
897.40 -71.209 0.088
897.45 -71.209 0.088
897.50 -71.209 0.088
897.55 -71.208 0.088
897.60 -71.208 0.088
897.65 -71.208 0.088
897.70 -71.208 0.088
897.75 -71.207 0.088
897.80 -71.207 0.088
897.85 -71.207 0.088
897.90 -71.207 0.088
897.95 -71.206 0.088
898.00 -71.206 0.088
898.05 -71.206 0.088
898.10 -71.205 0.088
898.15 -71.205 0.088
898.20 -71.205 0.087
898.25 -71.205 0.087
898.30 -71.204 0.087
898.35 -71.204 0.087
898.40 -71.204 0.087
898.45 -71.204 0.087
898.50 -71.203 0.087
898.55 -71.203 0.087
898.60 -71.203 0.087
898.65 -71.202 0.087
898.70 -71.202 0.087
898.75 -71.202 0.087
898.80 -71.202 0.087
898.85 -71.201 0.087
898.90 -71.201 0.087
898.95 -71.201 0.087
899.00 -71.201 0.087
899.05 -71.200 0.087
899.10 -71.200 0.087
899.15 -71.200 0.087
899.20 -71.200 0.087
899.25 -71.199 0.087
899.30 -71.199 0.087
899.35 -71.199 0.087
899.40 -71.198 0.087
899.45 -71.198 0.087
899.50 -71.198 0.087
899.55 -71.198 0.087
899.60 -71.197 0.087
899.65 -71.197 0.087
899.70 -71.197 0.087
899.75 -71.197 0.087
899.80 -71.196 0.087
899.85 -71.196 0.087
899.90 -71.196 0.087
899.95 -71.196 0.087
900.00 -71.195 0.087
900.05 -71.195 0.087
900.10 -71.195 0.087
900.15 -71.194 0.087
900.20 -71.194 0.087
900.25 -71.194 0.087
900.30 -71.194 0.087
900.35 -71.193 0.087
900.40 -71.193 0.087
900.45 -71.193 0.087
900.50 -71.193 0.087
900.55 -71.192 0.087
900.60 -71.192 0.087
900.65 -71.192 0.086
900.70 -71.192 0.086
900.75 -71.191 0.086
900.80 -71.191 0.086
900.85 -71.191 0.086
900.90 -71.190 0.086
900.95 -71.190 0.086
901.00 -71.190 0.086
901.05 -71.190 0.086
901.10 -71.189 0.086
901.15 -71.189 0.086
901.20 -71.189 0.086
901.25 -71.189 0.086
901.30 -71.188 0.086
901.35 -71.188 0.086
901.40 -71.188 0.086
901.45 -71.188 0.086
901.50 -71.187 0.086
901.55 -71.187 0.086
901.60 -71.187 0.086
901.65 -71.187 0.086
901.70 -71.186 0.086
901.75 -71.186 0.086
901.80 -71.186 0.086
901.85 -71.185 0.086
901.90 -71.185 0.086
901.95 -71.185 0.086
902.00 -71.185 0.086
902.05 -71.184 0.086
902.10 -71.184 0.086
902.15 -71.184 0.086
902.20 -71.184 0.086
902.25 -71.183 0.086
902.30 -71.183 0.086
902.35 -71.183 0.086
902.40 -71.183 0.086
902.45 -71.182 0.086
902.50 -71.182 0.086
902.55 -71.182 0.086
902.60 -71.182 0.086
902.65 -71.181 0.086
902.70 -71.181 0.086
902.75 -71.181 0.086
902.80 -71.180 0.086
902.85 -71.180 0.086
902.90 -71.180 0.086
902.95 -71.180 0.086
903.00 -71.179 0.086
903.05 -71.179 0.086
903.10 -71.179 0.086
903.15 -71.179 0.085
903.20 -71.178 0.085
903.25 -71.178 0.085
903.30 -71.178 0.085
903.35 -71.178 0.085
903.40 -71.177 0.085
903.45 -71.177 0.085
903.50 -71.177 0.085
903.55 -71.177 0.085
903.60 -71.176 0.085
903.65 -71.176 0.085
903.70 -71.176 0.085
903.75 -71.176 0.085
903.80 -71.175 0.085
903.85 -71.175 0.085
903.90 -71.175 0.085
903.95 -71.174 0.085
904.00 -71.174 0.085
904.05 -71.174 0.085
904.10 -71.174 0.085
904.15 -71.173 0.085
904.20 -71.173 0.085
904.25 -71.173 0.085
904.30 -71.173 0.085
904.35 -71.172 0.085
904.40 -71.172 0.085
904.45 -71.172 0.085
904.50 -71.172 0.085
904.55 -71.171 0.085
904.60 -71.171 0.085
904.65 -71.171 0.085
904.70 -71.171 0.085
904.75 -71.170 0.085
904.80 -71.170 0.085
904.85 -71.170 0.085
904.90 -71.170 0.085
904.95 -71.169 0.085
905.00 -71.169 0.085
905.05 -71.169 0.085
905.10 -71.169 0.085
905.15 -71.168 0.085
905.20 -71.168 0.085
905.25 -71.168 0.085
905.30 -71.167 0.085
905.35 -71.167 0.085
905.40 -71.167 0.085
905.45 -71.167 0.085
905.50 -71.166 0.085
905.55 -71.166 0.085
905.60 -71.166 0.085
905.65 -71.166 0.085
905.70 -71.165 0.084
905.75 -71.165 0.084
905.80 -71.165 0.084
905.85 -71.165 0.084
905.90 -71.164 0.084
905.95 -71.164 0.084
906.00 -71.164 0.084
906.05 -71.164 0.084
906.10 -71.163 0.084
906.15 -71.163 0.084
906.20 -71.163 0.084
906.25 -71.163 0.084
906.30 -71.162 0.084
906.35 -71.162 0.084
906.40 -71.162 0.084
906.45 -71.162 0.084
906.50 -71.161 0.084
906.55 -71.161 0.084
906.60 -71.161 0.084
906.65 -71.161 0.084
906.70 -71.160 0.084
906.75 -71.160 0.084
906.80 -71.160 0.084
906.85 -71.160 0.084
906.90 -71.159 0.084
906.95 -71.159 0.084
907.00 -71.159 0.084
907.05 -71.159 0.084
907.10 -71.158 0.084
907.15 -71.158 0.084
907.20 -71.158 0.084
907.25 -71.158 0.084
907.30 -71.157 0.084
907.35 -71.157 0.084
907.40 -71.157 0.084
907.45 -71.156 0.084
907.50 -71.156 0.084
907.55 -71.156 0.084
907.60 -71.156 0.084
907.65 -71.155 0.084
907.70 -71.155 0.084
907.75 -71.155 0.084
907.80 -71.155 0.084
907.85 -71.154 0.084
907.90 -71.154 0.084
907.95 -71.154 0.084
908.00 -71.154 0.084
908.05 -71.153 0.084
908.10 -71.153 0.084
908.15 -71.153 0.084
908.20 -71.153 0.084
908.25 -71.152 0.084
908.30 -71.152 0.084
908.35 -71.152 0.083
908.40 -71.152 0.083
908.45 -71.151 0.083
908.50 -71.151 0.083
908.55 -71.151 0.083
908.60 -71.151 0.083
908.65 -71.150 0.083
908.70 -71.150 0.083
908.75 -71.150 0.083
908.80 -71.150 0.083
908.85 -71.149 0.083
908.90 -71.149 0.083
908.95 -71.149 0.083
909.00 -71.149 0.083
909.05 -71.148 0.083
909.10 -71.148 0.083
909.15 -71.148 0.083
909.20 -71.148 0.083
909.25 -71.147 0.083
909.30 -71.147 0.083
909.35 -71.147 0.083
909.40 -71.147 0.083
909.45 -71.146 0.083
909.50 -71.146 0.083
909.55 -71.146 0.083
909.60 -71.146 0.083
909.65 -71.145 0.083
909.70 -71.145 0.083
909.75 -71.145 0.083
909.80 -71.145 0.083
909.85 -71.144 0.083
909.90 -71.144 0.083
909.95 -71.144 0.083
910.00 -71.144 0.083
910.05 -71.143 0.083
910.10 -71.143 0.083
910.15 -71.143 0.083
910.20 -71.143 0.083
910.25 -71.142 0.083
910.30 -71.142 0.083
910.35 -71.142 0.083
910.40 -71.142 0.083
910.45 -71.141 0.083
910.50 -71.141 0.083
910.55 -71.141 0.083
910.60 -71.141 0.083
910.65 -71.140 0.083
910.70 -71.140 0.083
910.75 -71.140 0.083
910.80 -71.140 0.083
910.85 -71.139 0.083
910.90 -71.139 0.083
910.95 -71.139 0.083
911.00 -71.139 0.082
911.05 -71.138 0.082
911.10 -71.138 0.082
911.15 -71.138 0.082
911.20 -71.138 0.082
911.25 -71.137 0.082
911.30 -71.137 0.082
911.35 -71.137 0.082
911.40 -71.137 0.082
911.45 -71.136 0.082
911.50 -71.136 0.082
911.55 -71.136 0.082
911.60 -71.136 0.082
911.65 -71.135 0.082
911.70 -71.135 0.082
911.75 -71.135 0.082
911.80 -71.135 0.082
911.85 -71.134 0.082
911.90 -71.134 0.082
911.95 -71.134 0.082
912.00 -71.134 0.082
912.05 -71.133 0.082
912.10 -71.133 0.082
912.15 -71.133 0.082
912.20 -71.133 0.082
912.25 -71.132 0.082
912.30 -71.132 0.082
912.35 -71.132 0.082
912.40 -71.132 0.082
912.45 -71.131 0.082
912.50 -71.131 0.082
912.55 -71.131 0.082
912.60 -71.131 0.082
912.65 -71.131 0.082
912.70 -71.130 0.082
912.75 -71.130 0.082
912.80 -71.130 0.082
912.85 -71.130 0.082
912.90 -71.129 0.082
912.95 -71.129 0.082
913.00 -71.129 0.082
913.05 -71.129 0.082
913.10 -71.128 0.082
913.15 -71.128 0.082
913.20 -71.128 0.082
913.25 -71.128 0.082
913.30 -71.127 0.082
913.35 -71.127 0.082
913.40 -71.127 0.082
913.45 -71.127 0.082
913.50 -71.126 0.082
913.55 -71.126 0.082
913.60 -71.126 0.082
913.65 -71.126 0.082
913.70 -71.125 0.081
913.75 -71.125 0.081
913.80 -71.125 0.081
913.85 -71.125 0.081
913.90 -71.124 0.081
913.95 -71.124 0.081
914.00 -71.124 0.081
914.05 -71.124 0.081
914.10 -71.123 0.081
914.15 -71.123 0.081
914.20 -71.123 0.081
914.25 -71.123 0.081
914.30 -71.122 0.081
914.35 -71.122 0.081
914.40 -71.122 0.081
914.45 -71.122 0.081
914.50 -71.121 0.081
914.55 -71.121 0.081
914.60 -71.121 0.081
914.65 -71.121 0.081
914.70 -71.121 0.081
914.75 -71.120 0.081
914.80 -71.120 0.081
914.85 -71.120 0.081
914.90 -71.120 0.081
914.95 -71.119 0.081
915.00 -71.119 0.081
915.05 -71.119 0.081
915.10 -71.119 0.081
915.15 -71.118 0.081
915.20 -71.118 0.081
915.25 -71.118 0.081
915.30 -71.118 0.081
915.35 -71.117 0.081
915.40 -71.117 0.081
915.45 -71.117 0.081
915.50 -71.117 0.081
915.55 -71.116 0.081
915.60 -71.116 0.081
915.65 -71.116 0.081
915.70 -71.116 0.081
915.75 -71.115 0.081
915.80 -71.115 0.081
915.85 -71.115 0.081
915.90 -71.115 0.081
915.95 -71.114 0.081
916.00 -71.114 0.081
916.05 -71.114 0.081
916.10 -71.114 0.081
916.15 -71.114 0.081
916.20 -71.113 0.081
916.25 -71.113 0.081
916.30 -71.113 0.081
916.35 -71.113 0.081
916.40 -71.112 0.081
916.45 -71.112 0.080
916.50 -71.112 0.080
916.55 -71.112 0.080
916.60 -71.111 0.080
916.65 -71.111 0.080
916.70 -71.111 0.080
916.75 -71.111 0.080
916.80 -71.110 0.080
916.85 -71.110 0.080
916.90 -71.110 0.080
916.95 -71.110 0.080
917.00 -71.109 0.080
917.05 -71.109 0.080
917.10 -71.109 0.080
917.15 -71.109 0.080
917.20 -71.109 0.080
917.25 -71.108 0.080
917.30 -71.108 0.080
917.35 -71.108 0.080
917.40 -71.108 0.080
917.45 -71.107 0.080
917.50 -71.107 0.080
917.55 -71.107 0.080
917.60 -71.107 0.080
917.65 -71.106 0.080
917.70 -71.106 0.080
917.75 -71.106 0.080
917.80 -71.106 0.080
917.85 -71.105 0.080
917.90 -71.105 0.080
917.95 -71.105 0.080
918.00 -71.105 0.080
918.05 -71.104 0.080
918.10 -71.104 0.080
918.15 -71.104 0.080
918.20 -71.104 0.080
918.25 -71.104 0.080
918.30 -71.103 0.080
918.35 -71.103 0.080
918.40 -71.103 0.080
918.45 -71.103 0.080
918.50 -71.102 0.080
918.55 -71.102 0.080
918.60 -71.102 0.080
918.65 -71.102 0.080
918.70 -71.101 0.080
918.75 -71.101 0.080
918.80 -71.101 0.080
918.85 -71.101 0.080
918.90 -71.100 0.080
918.95 -71.100 0.080
919.00 -71.100 0.080
919.05 -71.100 0.080
919.10 -71.100 0.080
919.15 -71.099 0.080
919.20 -71.099 0.080
919.25 -71.099 0.079
919.30 -71.099 0.079
919.35 -71.098 0.079
919.40 -71.098 0.079
919.45 -71.098 0.079
919.50 -71.098 0.079
919.55 -71.097 0.079
919.60 -71.097 0.079
919.65 -71.097 0.079
919.70 -71.097 0.079
919.75 -71.096 0.079
919.80 -71.096 0.079
919.85 -71.096 0.079
919.90 -71.096 0.079
919.95 -71.096 0.079
920.00 -71.095 0.079
920.05 -71.095 0.079
920.10 -71.095 0.079
920.15 -71.095 0.079
920.20 -71.094 0.079
920.25 -71.094 0.079
920.30 -71.094 0.079
920.35 -71.094 0.079
920.40 -71.093 0.079
920.45 -71.093 0.079
920.50 -71.093 0.079
920.55 -71.093 0.079
920.60 -71.092 0.079
920.65 -71.092 0.079
920.70 -71.092 0.079
920.75 -71.092 0.079
920.80 -71.092 0.079
920.85 -71.091 0.079
920.90 -71.091 0.079
920.95 -71.091 0.079
921.00 -71.091 0.079
921.05 -71.090 0.079
921.10 -71.090 0.079
921.15 -71.090 0.079
921.20 -71.090 0.079
921.25 -71.089 0.079
921.30 -71.089 0.079
921.35 -71.089 0.079
921.40 -71.089 0.079
921.45 -71.089 0.079
921.50 -71.088 0.079
921.55 -71.088 0.079
921.60 -71.088 0.079
921.65 -71.088 0.079
921.70 -71.087 0.079
921.75 -71.087 0.079
921.80 -71.087 0.079
921.85 -71.087 0.079
921.90 -71.086 0.079
921.95 -71.086 0.079
922.00 -71.086 0.079
922.05 -71.086 0.079
922.10 -71.086 0.079
922.15 -71.085 0.078
922.20 -71.085 0.078
922.25 -71.085 0.078
922.30 -71.085 0.078
922.35 -71.084 0.078
922.40 -71.084 0.078
922.45 -71.084 0.078
922.50 -71.084 0.078
922.55 -71.083 0.078
922.60 -71.083 0.078
922.65 -71.083 0.078
922.70 -71.083 0.078
922.75 -71.083 0.078
922.80 -71.082 0.078
922.85 -71.082 0.078
922.90 -71.082 0.078
922.95 -71.082 0.078
923.00 -71.081 0.078
923.05 -71.081 0.078
923.10 -71.081 0.078
923.15 -71.081 0.078
923.20 -71.080 0.078
923.25 -71.080 0.078
923.30 -71.080 0.078
923.35 -71.080 0.078
923.40 -71.080 0.078
923.45 -71.079 0.078
923.50 -71.079 0.078
923.55 -71.079 0.078
923.60 -71.079 0.078
923.65 -71.078 0.078
923.70 -71.078 0.078
923.75 -71.078 0.078
923.80 -71.078 0.078
923.85 -71.077 0.078
923.90 -71.077 0.078
923.95 -71.077 0.078
924.00 -71.077 0.078
924.05 -71.077 0.078
924.10 -71.076 0.078
924.15 -71.076 0.078
924.20 -71.076 0.078
924.25 -71.076 0.078
924.30 -71.075 0.078
924.35 -71.075 0.078
924.40 -71.075 0.078
924.45 -71.075 0.078
924.50 -71.075 0.078
924.55 -71.074 0.078
924.60 -71.074 0.078
924.65 -71.074 0.078
924.70 -71.074 0.078
924.75 -71.073 0.078
924.80 -71.073 0.078
924.85 -71.073 0.078
924.90 -71.073 0.078
924.95 -71.072 0.078
925.00 -71.072 0.078
925.05 -71.072 0.077
925.10 -71.072 0.077
925.15 -71.072 0.077
925.20 -71.071 0.077
925.25 -71.071 0.077
925.30 -71.071 0.077
925.35 -71.071 0.077
925.40 -71.070 0.077
925.45 -71.070 0.077
925.50 -71.070 0.077
925.55 -71.070 0.077
925.60 -71.070 0.077
925.65 -71.069 0.077
925.70 -71.069 0.077
925.75 -71.069 0.077
925.80 -71.069 0.077
925.85 -71.068 0.077
925.90 -71.068 0.077
925.95 -71.068 0.077
926.00 -71.068 0.077
926.05 -71.068 0.077
926.10 -71.067 0.077
926.15 -71.067 0.077
926.20 -71.067 0.077
926.25 -71.067 0.077
926.30 -71.066 0.077
926.35 -71.066 0.077
926.40 -71.066 0.077
926.45 -71.066 0.077
926.50 -71.065 0.077
926.55 -71.065 0.077
926.60 -71.065 0.077
926.65 -71.065 0.077
926.70 -71.065 0.077
926.75 -71.064 0.077
926.80 -71.064 0.077
926.85 -71.064 0.077
926.90 -71.064 0.077
926.95 -71.063 0.077
927.00 -71.063 0.077
927.05 -71.063 0.077
927.10 -71.063 0.077
927.15 -71.063 0.077
927.20 -71.062 0.077
927.25 -71.062 0.077
927.30 -71.062 0.077
927.35 -71.062 0.077
927.40 -71.061 0.077
927.45 -71.061 0.077
927.50 -71.061 0.077
927.55 -71.061 0.077
927.60 -71.061 0.077
927.65 -71.060 0.077
927.70 -71.060 0.077
927.75 -71.060 0.077
927.80 -71.060 0.077
927.85 -71.059 0.077
927.90 -71.059 0.077
927.95 -71.059 0.077
928.00 -71.059 0.077
928.05 -71.059 0.076
928.10 -71.058 0.076
928.15 -71.058 0.076
928.20 -71.058 0.076
928.25 -71.058 0.076
928.30 -71.057 0.076
928.35 -71.057 0.076
928.40 -71.057 0.076
928.45 -71.057 0.076
928.50 -71.057 0.076
928.55 -71.056 0.076
928.60 -71.056 0.076
928.65 -71.056 0.076
928.70 -71.056 0.076
928.75 -71.055 0.076
928.80 -71.055 0.076
928.85 -71.055 0.076
928.90 -71.055 0.076
928.95 -71.055 0.076
929.00 -71.054 0.076
929.05 -71.054 0.076
929.10 -71.054 0.076
929.15 -71.054 0.076
929.20 -71.053 0.076
929.25 -71.053 0.076
929.30 -71.053 0.076
929.35 -71.053 0.076
929.40 -71.053 0.076
929.45 -71.052 0.076
929.50 -71.052 0.076
929.55 -71.052 0.076
929.60 -71.052 0.076
929.65 -71.052 0.076
929.70 -71.051 0.076
929.75 -71.051 0.076
929.80 -71.051 0.076
929.85 -71.051 0.076
929.90 -71.050 0.076
929.95 -71.050 0.076
930.00 -71.050 0.076
930.05 -71.050 0.076
930.10 -71.050 0.076
930.15 -71.049 0.076
930.20 -71.049 0.076
930.25 -71.049 0.076
930.30 -71.049 0.076
930.35 -71.048 0.076
930.40 -71.048 0.076
930.45 -71.048 0.076
930.50 -71.048 0.076
930.55 -71.048 0.076
930.60 -71.047 0.076
930.65 -71.047 0.076
930.70 -71.047 0.076
930.75 -71.047 0.076
930.80 -71.046 0.076
930.85 -71.046 0.076
930.90 -71.046 0.076
930.95 -71.046 0.076
931.00 -71.046 0.076
931.05 -71.045 0.076
931.10 -71.045 0.075
931.15 -71.045 0.075
931.20 -71.045 0.075
931.25 -71.045 0.075
931.30 -71.044 0.075
931.35 -71.044 0.075
931.40 -71.044 0.075
931.45 -71.044 0.075
931.50 -71.043 0.075
931.55 -71.043 0.075
931.60 -71.043 0.075
931.65 -71.043 0.075
931.70 -71.043 0.075
931.75 -71.042 0.075
931.80 -71.042 0.075
931.85 -71.042 0.075
931.90 -71.042 0.075
931.95 -71.041 0.075
932.00 -71.041 0.075
932.05 -71.041 0.075
932.10 -71.041 0.075
932.15 -71.041 0.075
932.20 -71.040 0.075
932.25 -71.040 0.075
932.30 -71.040 0.075
932.35 -71.040 0.075
932.40 -71.040 0.075
932.45 -71.039 0.075
932.50 -71.039 0.075
932.55 -71.039 0.075
932.60 -71.039 0.075
932.65 -71.038 0.075
932.70 -71.038 0.075
932.75 -71.038 0.075
932.80 -71.038 0.075
932.85 -71.038 0.075
932.90 -71.037 0.075
932.95 -71.037 0.075
933.00 -71.037 0.075
933.05 -71.037 0.075
933.10 -71.037 0.075
933.15 -71.036 0.075
933.20 -71.036 0.075
933.25 -71.036 0.075
933.30 -71.036 0.075
933.35 -71.035 0.075
933.40 -71.035 0.075
933.45 -71.035 0.075
933.50 -71.035 0.075
933.55 -71.035 0.075
933.60 -71.034 0.075
933.65 -71.034 0.075
933.70 -71.034 0.075
933.75 -71.034 0.075
933.80 -71.034 0.075
933.85 -71.033 0.075
933.90 -71.033 0.075
933.95 -71.033 0.075
934.00 -71.033 0.075
934.05 -71.032 0.075
934.10 -71.032 0.075
934.15 -71.032 0.075
934.20 -71.032 0.074
934.25 -71.032 0.074
934.30 -71.031 0.074
934.35 -71.031 0.074
934.40 -71.031 0.074
934.45 -71.031 0.074
934.50 -71.031 0.074
934.55 -71.030 0.074
934.60 -71.030 0.074
934.65 -71.030 0.074
934.70 -71.030 0.074
934.75 -71.029 0.074
934.80 -71.029 0.074
934.85 -71.029 0.074
934.90 -71.029 0.074
934.95 -71.029 0.074
935.00 -71.028 0.074
935.05 -71.028 0.074
935.10 -71.028 0.074
935.15 -71.028 0.074
935.20 -71.028 0.074
935.25 -71.027 0.074
935.30 -71.027 0.074
935.35 -71.027 0.074
935.40 -71.027 0.074
935.45 -71.027 0.074
935.50 -71.026 0.074
935.55 -71.026 0.074
935.60 -71.026 0.074
935.65 -71.026 0.074
935.70 -71.025 0.074
935.75 -71.025 0.074
935.80 -71.025 0.074
935.85 -71.025 0.074
935.90 -71.025 0.074
935.95 -71.024 0.074
936.00 -71.024 0.074
936.05 -71.024 0.074
936.10 -71.024 0.074
936.15 -71.024 0.074
936.20 -71.023 0.074
936.25 -71.023 0.074
936.30 -71.023 0.074
936.35 -71.023 0.074
936.40 -71.023 0.074
936.45 -71.022 0.074
936.50 -71.022 0.074
936.55 -71.022 0.074
936.60 -71.022 0.074
936.65 -71.021 0.074
936.70 -71.021 0.074
936.75 -71.021 0.074
936.80 -71.021 0.074
936.85 -71.021 0.074
936.90 -71.020 0.074
936.95 -71.020 0.074
937.00 -71.020 0.074
937.05 -71.020 0.074
937.10 -71.020 0.074
937.15 -71.019 0.074
937.20 -71.019 0.074
937.25 -71.019 0.074
937.30 -71.019 0.074
937.35 -71.019 0.074
937.40 -71.018 0.073
937.45 -71.018 0.073
937.50 -71.018 0.073
937.55 -71.018 0.073
937.60 -71.017 0.073
937.65 -71.017 0.073
937.70 -71.017 0.073
937.75 -71.017 0.073
937.80 -71.017 0.073
937.85 -71.016 0.073
937.90 -71.016 0.073
937.95 -71.016 0.073
938.00 -71.016 0.073
938.05 -71.016 0.073
938.10 -71.015 0.073
938.15 -71.015 0.073
938.20 -71.015 0.073
938.25 -71.015 0.073
938.30 -71.015 0.073
938.35 -71.014 0.073
938.40 -71.014 0.073
938.45 -71.014 0.073
938.50 -71.014 0.073
938.55 -71.014 0.073
938.60 -71.013 0.073
938.65 -71.013 0.073
938.70 -71.013 0.073
938.75 -71.013 0.073
938.80 -71.012 0.073
938.85 -71.012 0.073
938.90 -71.012 0.073
938.95 -71.012 0.073
939.00 -71.012 0.073
939.05 -71.011 0.073
939.10 -71.011 0.073
939.15 -71.011 0.073
939.20 -71.011 0.073
939.25 -71.011 0.073
939.30 -71.010 0.073
939.35 -71.010 0.073
939.40 -71.010 0.073
939.45 -71.010 0.073
939.50 -71.010 0.073
939.55 -71.009 0.073
939.60 -71.009 0.073
939.65 -71.009 0.073
939.70 -71.009 0.073
939.75 -71.009 0.073
939.80 -71.008 0.073
939.85 -71.008 0.073
939.90 -71.008 0.073
939.95 -71.008 0.073
940.00 -71.008 0.073
940.05 -71.007 0.073
940.10 -71.007 0.073
940.15 -71.007 0.073
940.20 -71.007 0.073
940.25 -71.007 0.073
940.30 -71.006 0.073
940.35 -71.006 0.073
940.40 -71.006 0.073
940.45 -71.006 0.073
940.50 -71.005 0.073
940.55 -71.005 0.073
940.60 -71.005 0.073
940.65 -71.005 0.073
940.70 -71.005 0.072
940.75 -71.004 0.072
940.80 -71.004 0.072
940.85 -71.004 0.072
940.90 -71.004 0.072
940.95 -71.004 0.072
941.00 -71.003 0.072
941.05 -71.003 0.072
941.10 -71.003 0.072
941.15 -71.003 0.072
941.20 -71.003 0.072
941.25 -71.002 0.072
941.30 -71.002 0.072
941.35 -71.002 0.072
941.40 -71.002 0.072
941.45 -71.002 0.072
941.50 -71.001 0.072
941.55 -71.001 0.072
941.60 -71.001 0.072
941.65 -71.001 0.072
941.70 -71.001 0.072
941.75 -71.000 0.072
941.80 -71.000 0.072
941.85 -71.000 0.072
941.90 -71.000 0.072
941.95 -71.000 0.072
942.00 -70.999 0.072
942.05 -70.999 0.072
942.10 -70.999 0.072
942.15 -70.999 0.072
942.20 -70.999 0.072
942.25 -70.998 0.072
942.30 -70.998 0.072
942.35 -70.998 0.072
942.40 -70.998 0.072
942.45 -70.998 0.072
942.50 -70.997 0.072
942.55 -70.997 0.072
942.60 -70.997 0.072
942.65 -70.997 0.072
942.70 -70.997 0.072
942.75 -70.996 0.072
942.80 -70.996 0.072
942.85 -70.996 0.072
942.90 -70.996 0.072
942.95 -70.996 0.072
943.00 -70.995 0.072
943.05 -70.995 0.072
943.10 -70.995 0.072
943.15 -70.995 0.072
943.20 -70.995 0.072
943.25 -70.994 0.072
943.30 -70.994 0.072
943.35 -70.994 0.072
943.40 -70.994 0.072
943.45 -70.994 0.072
943.50 -70.993 0.072
943.55 -70.993 0.072
943.60 -70.993 0.072
943.65 -70.993 0.072
943.70 -70.993 0.072
943.75 -70.992 0.072
943.80 -70.992 0.072
943.85 -70.992 0.072
943.90 -70.992 0.072
943.95 -70.992 0.072
944.00 -70.991 0.071
944.05 -70.991 0.071
944.10 -70.991 0.071
944.15 -70.991 0.071
944.20 -70.991 0.071
944.25 -70.990 0.071
944.30 -70.990 0.071
944.35 -70.990 0.071
944.40 -70.990 0.071
944.45 -70.990 0.071
944.50 -70.989 0.071
944.55 -70.989 0.071
944.60 -70.989 0.071
944.65 -70.989 0.071
944.70 -70.989 0.071
944.75 -70.988 0.071
944.80 -70.988 0.071
944.85 -70.988 0.071
944.90 -70.988 0.071
944.95 -70.988 0.071
945.00 -70.987 0.071
945.05 -70.987 0.071
945.10 -70.987 0.071
945.15 -70.987 0.071
945.20 -70.987 0.071
945.25 -70.986 0.071
945.30 -70.986 0.071
945.35 -70.986 0.071
945.40 -70.986 0.071
945.45 -70.986 0.071
945.50 -70.985 0.071
945.55 -70.985 0.071
945.60 -70.985 0.071
945.65 -70.985 0.071
945.70 -70.985 0.071
945.75 -70.984 0.071
945.80 -70.984 0.071
945.85 -70.984 0.071
945.90 -70.984 0.071
945.95 -70.984 0.071
946.00 -70.983 0.071
946.05 -70.983 0.071
946.10 -70.983 0.071
946.15 -70.983 0.071
946.20 -70.983 0.071
946.25 -70.982 0.071
946.30 -70.982 0.071
946.35 -70.982 0.071
946.40 -70.982 0.071
946.45 -70.982 0.071
946.50 -70.981 0.071
946.55 -70.981 0.071
946.60 -70.981 0.071
946.65 -70.981 0.071
946.70 -70.981 0.071
946.75 -70.980 0.071
946.80 -70.980 0.071
946.85 -70.980 0.071
946.90 -70.980 0.071
946.95 -70.980 0.071
947.00 -70.979 0.071
947.05 -70.979 0.071
947.10 -70.979 0.071
947.15 -70.979 0.071
947.20 -70.979 0.071
947.25 -70.978 0.071
947.30 -70.978 0.071
947.35 -70.978 0.071
947.40 -70.978 0.071
947.45 -70.978 0.070
947.50 -70.978 0.070
947.55 -70.977 0.070
947.60 -70.977 0.070
947.65 -70.977 0.070
947.70 -70.977 0.070
947.75 -70.977 0.070
947.80 -70.976 0.070
947.85 -70.976 0.070
947.90 -70.976 0.070
947.95 -70.976 0.070
948.00 -70.976 0.070
948.05 -70.975 0.070
948.10 -70.975 0.070
948.15 -70.975 0.070
948.20 -70.975 0.070
948.25 -70.975 0.070
948.30 -70.974 0.070
948.35 -70.974 0.070
948.40 -70.974 0.070
948.45 -70.974 0.070
948.50 -70.974 0.070
948.55 -70.973 0.070
948.60 -70.973 0.070
948.65 -70.973 0.070
948.70 -70.973 0.070
948.75 -70.973 0.070
948.80 -70.972 0.070
948.85 -70.972 0.070
948.90 -70.972 0.070
948.95 -70.972 0.070
949.00 -70.972 0.070
949.05 -70.971 0.070
949.10 -70.971 0.070
949.15 -70.971 0.070
949.20 -70.971 0.070
949.25 -70.971 0.070
949.30 -70.971 0.070
949.35 -70.970 0.070
949.40 -70.970 0.070
949.45 -70.970 0.070
949.50 -70.970 0.070
949.55 -70.970 0.070
949.60 -70.969 0.070
949.65 -70.969 0.070
949.70 -70.969 0.070
949.75 -70.969 0.070
949.80 -70.969 0.070
949.85 -70.968 0.070
949.90 -70.968 0.070
949.95 -70.968 0.070
950.00 -70.968 0.070
950.05 -70.968 0.070
950.10 -70.967 0.070
950.15 -70.967 0.070
950.20 -70.967 0.070
950.25 -70.967 0.070
950.30 -70.967 0.070
950.35 -70.966 0.070
950.40 -70.966 0.070
950.45 -70.966 0.070
950.50 -70.966 0.070
950.55 -70.966 0.070
950.60 -70.966 0.070
950.65 -70.965 0.070
950.70 -70.965 0.070
950.75 -70.965 0.070
950.80 -70.965 0.070
950.85 -70.965 0.070
950.90 -70.964 0.070
950.95 -70.964 0.069
951.00 -70.964 0.069
951.05 -70.964 0.069
951.10 -70.964 0.069
951.15 -70.963 0.069
951.20 -70.963 0.069
951.25 -70.963 0.069
951.30 -70.963 0.069
951.35 -70.963 0.069
951.40 -70.962 0.069
951.45 -70.962 0.069
951.50 -70.962 0.069
951.55 -70.962 0.069
951.60 -70.962 0.069
951.65 -70.962 0.069
951.70 -70.961 0.069
951.75 -70.961 0.069
951.80 -70.961 0.069
951.85 -70.961 0.069
951.90 -70.961 0.069
951.95 -70.960 0.069
952.00 -70.960 0.069
952.05 -70.960 0.069
952.10 -70.960 0.069
952.15 -70.960 0.069
952.20 -70.959 0.069
952.25 -70.959 0.069
952.30 -70.959 0.069
952.35 -70.959 0.069
952.40 -70.959 0.069
952.45 -70.958 0.069
952.50 -70.958 0.069
952.55 -70.958 0.069
952.60 -70.958 0.069
952.65 -70.958 0.069
952.70 -70.958 0.069
952.75 -70.957 0.069
952.80 -70.957 0.069
952.85 -70.957 0.069
952.90 -70.957 0.069
952.95 -70.957 0.069
953.00 -70.956 0.069
953.05 -70.956 0.069
953.10 -70.956 0.069
953.15 -70.956 0.069
953.20 -70.956 0.069
953.25 -70.955 0.069
953.30 -70.955 0.069
953.35 -70.955 0.069
953.40 -70.955 0.069
953.45 -70.955 0.069
953.50 -70.955 0.069
953.55 -70.954 0.069
953.60 -70.954 0.069
953.65 -70.954 0.069
953.70 -70.954 0.069
953.75 -70.954 0.069
953.80 -70.953 0.069
953.85 -70.953 0.069
953.90 -70.953 0.069
953.95 -70.953 0.069
954.00 -70.953 0.069
954.05 -70.952 0.069
954.10 -70.952 0.069
954.15 -70.952 0.069
954.20 -70.952 0.069
954.25 -70.952 0.069
954.30 -70.952 0.069
954.35 -70.951 0.069
954.40 -70.951 0.069
954.45 -70.951 0.069
954.50 -70.951 0.069
954.55 -70.951 0.068
954.60 -70.950 0.068
954.65 -70.950 0.068
954.70 -70.950 0.068
954.75 -70.950 0.068
954.80 -70.950 0.068
954.85 -70.949 0.068
954.90 -70.949 0.068
954.95 -70.949 0.068
955.00 -70.949 0.068
955.05 -70.949 0.068
955.10 -70.949 0.068
955.15 -70.948 0.068
955.20 -70.948 0.068
955.25 -70.948 0.068
955.30 -70.948 0.068
955.35 -70.948 0.068
955.40 -70.947 0.068
955.45 -70.947 0.068
955.50 -70.947 0.068
955.55 -70.947 0.068
955.60 -70.947 0.068
955.65 -70.946 0.068
955.70 -70.946 0.068
955.75 -70.946 0.068
955.80 -70.946 0.068
955.85 -70.946 0.068
955.90 -70.946 0.068
955.95 -70.945 0.068
956.00 -70.945 0.068
956.05 -70.945 0.068
956.10 -70.945 0.068
956.15 -70.945 0.068
956.20 -70.944 0.068
956.25 -70.944 0.068
956.30 -70.944 0.068
956.35 -70.944 0.068
956.40 -70.944 0.068
956.45 -70.944 0.068
956.50 -70.943 0.068
956.55 -70.943 0.068
956.60 -70.943 0.068
956.65 -70.943 0.068
956.70 -70.943 0.068
956.75 -70.942 0.068
956.80 -70.942 0.068
956.85 -70.942 0.068
956.90 -70.942 0.068
956.95 -70.942 0.068
957.00 -70.942 0.068
957.05 -70.941 0.068
957.10 -70.941 0.068
957.15 -70.941 0.068
957.20 -70.941 0.068
957.25 -70.941 0.068
957.30 -70.940 0.068
957.35 -70.940 0.068
957.40 -70.940 0.068
957.45 -70.940 0.068
957.50 -70.940 0.068
957.55 -70.939 0.068
957.60 -70.939 0.068
957.65 -70.939 0.068
957.70 -70.939 0.068
957.75 -70.939 0.068
957.80 -70.939 0.068
957.85 -70.938 0.068
957.90 -70.938 0.068
957.95 -70.938 0.068
958.00 -70.938 0.068
958.05 -70.938 0.068
958.10 -70.937 0.068
958.15 -70.937 0.068
958.20 -70.937 0.067
958.25 -70.937 0.067
958.30 -70.937 0.067
958.35 -70.937 0.067
958.40 -70.936 0.067
958.45 -70.936 0.067
958.50 -70.936 0.067
958.55 -70.936 0.067
958.60 -70.936 0.067
958.65 -70.935 0.067
958.70 -70.935 0.067
958.75 -70.935 0.067
958.80 -70.935 0.067
958.85 -70.935 0.067
958.90 -70.935 0.067
958.95 -70.934 0.067
959.00 -70.934 0.067
959.05 -70.934 0.067
959.10 -70.934 0.067
959.15 -70.934 0.067
959.20 -70.933 0.067
959.25 -70.933 0.067
959.30 -70.933 0.067
959.35 -70.933 0.067
959.40 -70.933 0.067
959.45 -70.933 0.067
959.50 -70.932 0.067
959.55 -70.932 0.067
959.60 -70.932 0.067
959.65 -70.932 0.067
959.70 -70.932 0.067
959.75 -70.932 0.067
959.80 -70.931 0.067
959.85 -70.931 0.067
959.90 -70.931 0.067
959.95 -70.931 0.067
960.00 -70.931 0.067
960.05 -70.930 0.067
960.10 -70.930 0.067
960.15 -70.930 0.067
960.20 -70.930 0.067
960.25 -70.930 0.067
960.30 -70.930 0.067
960.35 -70.929 0.067
960.40 -70.929 0.067
960.45 -70.929 0.067
960.50 -70.929 0.067
960.55 -70.929 0.067
960.60 -70.928 0.067
960.65 -70.928 0.067
960.70 -70.928 0.067
960.75 -70.928 0.067
960.80 -70.928 0.067
960.85 -70.928 0.067
960.90 -70.927 0.067
960.95 -70.927 0.067
961.00 -70.927 0.067
961.05 -70.927 0.067
961.10 -70.927 0.067
961.15 -70.926 0.067
961.20 -70.926 0.067
961.25 -70.926 0.067
961.30 -70.926 0.067
961.35 -70.926 0.067
961.40 -70.926 0.067
961.45 -70.925 0.067
961.50 -70.925 0.067
961.55 -70.925 0.067
961.60 -70.925 0.067
961.65 -70.925 0.067
961.70 -70.925 0.067
961.75 -70.924 0.067
961.80 -70.924 0.067
961.85 -70.924 0.067
961.90 -70.924 0.067
961.95 -70.924 0.067
962.00 -70.923 0.066
962.05 -70.923 0.066
962.10 -70.923 0.066
962.15 -70.923 0.066
962.20 -70.923 0.066
962.25 -70.923 0.066
962.30 -70.922 0.066
962.35 -70.922 0.066
962.40 -70.922 0.066
962.45 -70.922 0.066
962.50 -70.922 0.066
962.55 -70.921 0.066
962.60 -70.921 0.066
962.65 -70.921 0.066
962.70 -70.921 0.066
962.75 -70.921 0.066
962.80 -70.921 0.066
962.85 -70.920 0.066
962.90 -70.920 0.066
962.95 -70.920 0.066
963.00 -70.920 0.066
963.05 -70.920 0.066
963.10 -70.920 0.066
963.15 -70.919 0.066
963.20 -70.919 0.066
963.25 -70.919 0.066
963.30 -70.919 0.066
963.35 -70.919 0.066
963.40 -70.918 0.066
963.45 -70.918 0.066
963.50 -70.918 0.066
963.55 -70.918 0.066
963.60 -70.918 0.066
963.65 -70.918 0.066
963.70 -70.917 0.066
963.75 -70.917 0.066
963.80 -70.917 0.066
963.85 -70.917 0.066
963.90 -70.917 0.066
963.95 -70.917 0.066
964.00 -70.916 0.066
964.05 -70.916 0.066
964.10 -70.916 0.066
964.15 -70.916 0.066
964.20 -70.916 0.066
964.25 -70.916 0.066
964.30 -70.915 0.066
964.35 -70.915 0.066
964.40 -70.915 0.066
964.45 -70.915 0.066
964.50 -70.915 0.066
964.55 -70.914 0.066
964.60 -70.914 0.066
964.65 -70.914 0.066
964.70 -70.914 0.066
964.75 -70.914 0.066
964.80 -70.914 0.066
964.85 -70.913 0.066
964.90 -70.913 0.066
964.95 -70.913 0.066
965.00 -70.913 0.066
965.05 -70.913 0.066
965.10 -70.913 0.066
965.15 -70.912 0.066
965.20 -70.912 0.066
965.25 -70.912 0.066
965.30 -70.912 0.066
965.35 -70.912 0.066
965.40 -70.911 0.066
965.45 -70.911 0.066
965.50 -70.911 0.066
965.55 -70.911 0.066
965.60 -70.911 0.066
965.65 -70.911 0.066
965.70 -70.910 0.066
965.75 -70.910 0.066
965.80 -70.910 0.066
965.85 -70.910 0.066
965.90 -70.910 0.065
965.95 -70.910 0.065
966.00 -70.909 0.065
966.05 -70.909 0.065
966.10 -70.909 0.065
966.15 -70.909 0.065
966.20 -70.909 0.065
966.25 -70.909 0.065
966.30 -70.908 0.065
966.35 -70.908 0.065
966.40 -70.908 0.065
966.45 -70.908 0.065
966.50 -70.908 0.065
966.55 -70.908 0.065
966.60 -70.907 0.065
966.65 -70.907 0.065
966.70 -70.907 0.065
966.75 -70.907 0.065
966.80 -70.907 0.065
966.85 -70.906 0.065
966.90 -70.906 0.065
966.95 -70.906 0.065
967.00 -70.906 0.065
967.05 -70.906 0.065
967.10 -70.906 0.065
967.15 -70.905 0.065
967.20 -70.905 0.065
967.25 -70.905 0.065
967.30 -70.905 0.065
967.35 -70.905 0.065
967.40 -70.905 0.065
967.45 -70.904 0.065
967.50 -70.904 0.065
967.55 -70.904 0.065
967.60 -70.904 0.065
967.65 -70.904 0.065
967.70 -70.904 0.065
967.75 -70.903 0.065
967.80 -70.903 0.065
967.85 -70.903 0.065
967.90 -70.903 0.065
967.95 -70.903 0.065
968.00 -70.903 0.065
968.05 -70.902 0.065
968.10 -70.902 0.065
968.15 -70.902 0.065
968.20 -70.902 0.065
968.25 -70.902 0.065
968.30 -70.902 0.065
968.35 -70.901 0.065
968.40 -70.901 0.065
968.45 -70.901 0.065
968.50 -70.901 0.065
968.55 -70.901 0.065
968.60 -70.900 0.065
968.65 -70.900 0.065
968.70 -70.900 0.065
968.75 -70.900 0.065
968.80 -70.900 0.065
968.85 -70.900 0.065
968.90 -70.899 0.065
968.95 -70.899 0.065
969.00 -70.899 0.065
969.05 -70.899 0.065
969.10 -70.899 0.065
969.15 -70.899 0.065
969.20 -70.898 0.065
969.25 -70.898 0.065
969.30 -70.898 0.065
969.35 -70.898 0.065
969.40 -70.898 0.065
969.45 -70.898 0.065
969.50 -70.897 0.065
969.55 -70.897 0.065
969.60 -70.897 0.065
969.65 -70.897 0.065
969.70 -70.897 0.065
969.75 -70.897 0.065
969.80 -70.896 0.065
969.85 -70.896 0.064
969.90 -70.896 0.064
969.95 -70.896 0.064
970.00 -70.896 0.064
970.05 -70.896 0.064
970.10 -70.895 0.064
970.15 -70.895 0.064
970.20 -70.895 0.064
970.25 -70.895 0.064
970.30 -70.895 0.064
970.35 -70.895 0.064
970.40 -70.894 0.064
970.45 -70.894 0.064
970.50 -70.894 0.064
970.55 -70.894 0.064
970.60 -70.894 0.064
970.65 -70.894 0.064
970.70 -70.893 0.064
970.75 -70.893 0.064
970.80 -70.893 0.064
970.85 -70.893 0.064
970.90 -70.893 0.064
970.95 -70.893 0.064
971.00 -70.892 0.064
971.05 -70.892 0.064
971.10 -70.892 0.064
971.15 -70.892 0.064
971.20 -70.892 0.064
971.25 -70.892 0.064
971.30 -70.891 0.064
971.35 -70.891 0.064
971.40 -70.891 0.064
971.45 -70.891 0.064
971.50 -70.891 0.064
971.55 -70.891 0.064
971.60 -70.890 0.064
971.65 -70.890 0.064
971.70 -70.890 0.064
971.75 -70.890 0.064
971.80 -70.890 0.064
971.85 -70.890 0.064
971.90 -70.889 0.064
971.95 -70.889 0.064
972.00 -70.889 0.064
972.05 -70.889 0.064
972.10 -70.889 0.064
972.15 -70.889 0.064
972.20 -70.888 0.064
972.25 -70.888 0.064
972.30 -70.888 0.064
972.35 -70.888 0.064
972.40 -70.888 0.064
972.45 -70.888 0.064
972.50 -70.887 0.064
972.55 -70.887 0.064
972.60 -70.887 0.064
972.65 -70.887 0.064
972.70 -70.887 0.064
972.75 -70.887 0.064
972.80 -70.886 0.064
972.85 -70.886 0.064
972.90 -70.886 0.064
972.95 -70.886 0.064
973.00 -70.886 0.064
973.05 -70.886 0.064
973.10 -70.885 0.064
973.15 -70.885 0.064
973.20 -70.885 0.064
973.25 -70.885 0.064
973.30 -70.885 0.064
973.35 -70.885 0.064
973.40 -70.884 0.064
973.45 -70.884 0.064
973.50 -70.884 0.064
973.55 -70.884 0.064
973.60 -70.884 0.064
973.65 -70.884 0.064
973.70 -70.883 0.064
973.75 -70.883 0.064
973.80 -70.883 0.064
973.85 -70.883 0.064
973.90 -70.883 0.064
973.95 -70.883 0.064
974.00 -70.882 0.063
974.05 -70.882 0.063
974.10 -70.882 0.063
974.15 -70.882 0.063
974.20 -70.882 0.063
974.25 -70.882 0.063
974.30 -70.881 0.063
974.35 -70.881 0.063
974.40 -70.881 0.063
974.45 -70.881 0.063
974.50 -70.881 0.063
974.55 -70.881 0.063
974.60 -70.880 0.063
974.65 -70.880 0.063
974.70 -70.880 0.063
974.75 -70.880 0.063
974.80 -70.880 0.063
974.85 -70.880 0.063
974.90 -70.880 0.063
974.95 -70.879 0.063
975.00 -70.879 0.063
975.05 -70.879 0.063
975.10 -70.879 0.063
975.15 -70.879 0.063
975.20 -70.879 0.063
975.25 -70.878 0.063
975.30 -70.878 0.063
975.35 -70.878 0.063
975.40 -70.878 0.063
975.45 -70.878 0.063
975.50 -70.878 0.063
975.55 -70.877 0.063
975.60 -70.877 0.063
975.65 -70.877 0.063
975.70 -70.877 0.063
975.75 -70.877 0.063
975.80 -70.877 0.063
975.85 -70.876 0.063
975.90 -70.876 0.063
975.95 -70.876 0.063
976.00 -70.876 0.063
976.05 -70.876 0.063
976.10 -70.876 0.063
976.15 -70.875 0.063
976.20 -70.875 0.063
976.25 -70.875 0.063
976.30 -70.875 0.063
976.35 -70.875 0.063
976.40 -70.875 0.063
976.45 -70.874 0.063
976.50 -70.874 0.063
976.55 -70.874 0.063
976.60 -70.874 0.063
976.65 -70.874 0.063
976.70 -70.874 0.063
976.75 -70.873 0.063
976.80 -70.873 0.063
976.85 -70.873 0.063
976.90 -70.873 0.063
976.95 -70.873 0.063
977.00 -70.873 0.063
977.05 -70.873 0.063
977.10 -70.872 0.063
977.15 -70.872 0.063
977.20 -70.872 0.063
977.25 -70.872 0.063
977.30 -70.872 0.063
977.35 -70.872 0.063
977.40 -70.871 0.063
977.45 -70.871 0.063
977.50 -70.871 0.063
977.55 -70.871 0.063
977.60 -70.871 0.063
977.65 -70.871 0.063
977.70 -70.870 0.063
977.75 -70.870 0.063
977.80 -70.870 0.063
977.85 -70.870 0.063
977.90 -70.870 0.063
977.95 -70.870 0.063
978.00 -70.869 0.063
978.05 -70.869 0.063
978.10 -70.869 0.063
978.15 -70.869 0.063
978.20 -70.869 0.062
978.25 -70.869 0.062
978.30 -70.869 0.062
978.35 -70.868 0.062
978.40 -70.868 0.062
978.45 -70.868 0.062
978.50 -70.868 0.062
978.55 -70.868 0.062
978.60 -70.868 0.062
978.65 -70.867 0.062
978.70 -70.867 0.062
978.75 -70.867 0.062
978.80 -70.867 0.062
978.85 -70.867 0.062
978.90 -70.867 0.062
978.95 -70.866 0.062
979.00 -70.866 0.062
979.05 -70.866 0.062
979.10 -70.866 0.062
979.15 -70.866 0.062
979.20 -70.866 0.062
979.25 -70.866 0.062
979.30 -70.865 0.062
979.35 -70.865 0.062
979.40 -70.865 0.062
979.45 -70.865 0.062
979.50 -70.865 0.062
979.55 -70.865 0.062
979.60 -70.864 0.062
979.65 -70.864 0.062
979.70 -70.864 0.062
979.75 -70.864 0.062
979.80 -70.864 0.062
979.85 -70.864 0.062
979.90 -70.863 0.062
979.95 -70.863 0.062
980.00 -70.863 0.062
980.05 -70.863 0.062
980.10 -70.863 0.062
980.15 -70.863 0.062
980.20 -70.863 0.062
980.25 -70.862 0.062
980.30 -70.862 0.062
980.35 -70.862 0.062
980.40 -70.862 0.062
980.45 -70.862 0.062
980.50 -70.862 0.062
980.55 -70.861 0.062
980.60 -70.861 0.062
980.65 -70.861 0.062
980.70 -70.861 0.062
980.75 -70.861 0.062
980.80 -70.861 0.062
980.85 -70.860 0.062
980.90 -70.860 0.062
980.95 -70.860 0.062
981.00 -70.860 0.062
981.05 -70.860 0.062
981.10 -70.860 0.062
981.15 -70.860 0.062
981.20 -70.859 0.062
981.25 -70.859 0.062
981.30 -70.859 0.062
981.35 -70.859 0.062
981.40 -70.859 0.062
981.45 -70.859 0.062
981.50 -70.858 0.062
981.55 -70.858 0.062
981.60 -70.858 0.062
981.65 -70.858 0.062
981.70 -70.858 0.062
981.75 -70.858 0.062
981.80 -70.857 0.062
981.85 -70.857 0.062
981.90 -70.857 0.062
981.95 -70.857 0.062
982.00 -70.857 0.062
982.05 -70.857 0.062
982.10 -70.857 0.062
982.15 -70.856 0.062
982.20 -70.856 0.062
982.25 -70.856 0.062
982.30 -70.856 0.062
982.35 -70.856 0.062
982.40 -70.856 0.062
982.45 -70.855 0.062
982.50 -70.855 0.062
982.55 -70.855 0.061
982.60 -70.855 0.061
982.65 -70.855 0.061
982.70 -70.855 0.061
982.75 -70.855 0.061
982.80 -70.854 0.061
982.85 -70.854 0.061
982.90 -70.854 0.061
982.95 -70.854 0.061
983.00 -70.854 0.061
983.05 -70.854 0.061
983.10 -70.853 0.061
983.15 -70.853 0.061
983.20 -70.853 0.061
983.25 -70.853 0.061
983.30 -70.853 0.061
983.35 -70.853 0.061
983.40 -70.853 0.061
983.45 -70.852 0.061
983.50 -70.852 0.061
983.55 -70.852 0.061
983.60 -70.852 0.061
983.65 -70.852 0.061
983.70 -70.852 0.061
983.75 -70.851 0.061
983.80 -70.851 0.061
983.85 -70.851 0.061
983.90 -70.851 0.061
983.95 -70.851 0.061
984.00 -70.851 0.061
984.05 -70.851 0.061
984.10 -70.850 0.061
984.15 -70.850 0.061
984.20 -70.850 0.061
984.25 -70.850 0.061
984.30 -70.850 0.061
984.35 -70.850 0.061
984.40 -70.849 0.061
984.45 -70.849 0.061
984.50 -70.849 0.061
984.55 -70.849 0.061
984.60 -70.849 0.061
984.65 -70.849 0.061
984.70 -70.849 0.061
984.75 -70.848 0.061
984.80 -70.848 0.061
984.85 -70.848 0.061
984.90 -70.848 0.061
984.95 -70.848 0.061
985.00 -70.848 0.061
985.05 -70.847 0.061
985.10 -70.847 0.061
985.15 -70.847 0.061
985.20 -70.847 0.061
985.25 -70.847 0.061
985.30 -70.847 0.061
985.35 -70.847 0.061
985.40 -70.846 0.061
985.45 -70.846 0.061
985.50 -70.846 0.061
985.55 -70.846 0.061
985.60 -70.846 0.061
985.65 -70.846 0.061
985.70 -70.845 0.061
985.75 -70.845 0.061
985.80 -70.845 0.061
985.85 -70.845 0.061
985.90 -70.845 0.061
985.95 -70.845 0.061
986.00 -70.845 0.061
986.05 -70.844 0.061
986.10 -70.844 0.061
986.15 -70.844 0.061
986.20 -70.844 0.061
986.25 -70.844 0.061
986.30 -70.844 0.061
986.35 -70.844 0.061
986.40 -70.843 0.061
986.45 -70.843 0.061
986.50 -70.843 0.061
986.55 -70.843 0.061
986.60 -70.843 0.061
986.65 -70.843 0.061
986.70 -70.842 0.061
986.75 -70.842 0.061
986.80 -70.842 0.061
986.85 -70.842 0.061
986.90 -70.842 0.061
986.95 -70.842 0.061
987.00 -70.842 0.061
987.05 -70.841 0.060
987.10 -70.841 0.060
987.15 -70.841 0.060
987.20 -70.841 0.060
987.25 -70.841 0.060
987.30 -70.841 0.060
987.35 -70.840 0.060
987.40 -70.840 0.060
987.45 -70.840 0.060
987.50 -70.840 0.060
987.55 -70.840 0.060
987.60 -70.840 0.060
987.65 -70.840 0.060
987.70 -70.839 0.060
987.75 -70.839 0.060
987.80 -70.839 0.060
987.85 -70.839 0.060
987.90 -70.839 0.060
987.95 -70.839 0.060
988.00 -70.839 0.060
988.05 -70.838 0.060
988.10 -70.838 0.060
988.15 -70.838 0.060
988.20 -70.838 0.060
988.25 -70.838 0.060
988.30 -70.838 0.060
988.35 -70.837 0.060
988.40 -70.837 0.060
988.45 -70.837 0.060
988.50 -70.837 0.060
988.55 -70.837 0.060
988.60 -70.837 0.060
988.65 -70.837 0.060
988.70 -70.836 0.060
988.75 -70.836 0.060
988.80 -70.836 0.060
988.85 -70.836 0.060
988.90 -70.836 0.060
988.95 -70.836 0.060
989.00 -70.836 0.060
989.05 -70.835 0.060
989.10 -70.835 0.060
989.15 -70.835 0.060
989.20 -70.835 0.060
989.25 -70.835 0.060
989.30 -70.835 0.060
989.35 -70.835 0.060
989.40 -70.834 0.060
989.45 -70.834 0.060
989.50 -70.834 0.060
989.55 -70.834 0.060
989.60 -70.834 0.060
989.65 -70.834 0.060
989.70 -70.833 0.060
989.75 -70.833 0.060
989.80 -70.833 0.060
989.85 -70.833 0.060
989.90 -70.833 0.060
989.95 -70.833 0.060
990.00 -70.833 0.060
990.05 -70.832 0.060
990.10 -70.832 0.060
990.15 -70.832 0.060
990.20 -70.832 0.060
990.25 -70.832 0.060
990.30 -70.832 0.060
990.35 -70.832 0.060
990.40 -70.831 0.060
990.45 -70.831 0.060
990.50 -70.831 0.060
990.55 -70.831 0.060
990.60 -70.831 0.060
990.65 -70.831 0.060
990.70 -70.831 0.060
990.75 -70.830 0.060
990.80 -70.830 0.060
990.85 -70.830 0.060
990.90 -70.830 0.060
990.95 -70.830 0.060
991.00 -70.830 0.060
991.05 -70.829 0.060
991.10 -70.829 0.060
991.15 -70.829 0.060
991.20 -70.829 0.060
991.25 -70.829 0.060
991.30 -70.829 0.060
991.35 -70.829 0.060
991.40 -70.828 0.060
991.45 -70.828 0.060
991.50 -70.828 0.060
991.55 -70.828 0.060
991.60 -70.828 0.060
991.65 -70.828 0.059
991.70 -70.828 0.059
991.75 -70.827 0.059
991.80 -70.827 0.059
991.85 -70.827 0.059
991.90 -70.827 0.059
991.95 -70.827 0.059
992.00 -70.827 0.059
992.05 -70.827 0.059
992.10 -70.826 0.059
992.15 -70.826 0.059
992.20 -70.826 0.059
992.25 -70.826 0.059
992.30 -70.826 0.059
992.35 -70.826 0.059
992.40 -70.826 0.059
992.45 -70.825 0.059
992.50 -70.825 0.059
992.55 -70.825 0.059
992.60 -70.825 0.059
992.65 -70.825 0.059
992.70 -70.825 0.059
992.75 -70.825 0.059
992.80 -70.824 0.059
992.85 -70.824 0.059
992.90 -70.824 0.059
992.95 -70.824 0.059
993.00 -70.824 0.059
993.05 -70.824 0.059
993.10 -70.824 0.059
993.15 -70.823 0.059
993.20 -70.823 0.059
993.25 -70.823 0.059
993.30 -70.823 0.059
993.35 -70.823 0.059
993.40 -70.823 0.059
993.45 -70.823 0.059
993.50 -70.822 0.059
993.55 -70.822 0.059
993.60 -70.822 0.059
993.65 -70.822 0.059
993.70 -70.822 0.059
993.75 -70.822 0.059
993.80 -70.821 0.059
993.85 -70.821 0.059
993.90 -70.821 0.059
993.95 -70.821 0.059
994.00 -70.821 0.059
994.05 -70.821 0.059
994.10 -70.821 0.059
994.15 -70.820 0.059
994.20 -70.820 0.059
994.25 -70.820 0.059
994.30 -70.820 0.059
994.35 -70.820 0.059
994.40 -70.820 0.059
994.45 -70.820 0.059
994.50 -70.819 0.059
994.55 -70.819 0.059
994.60 -70.819 0.059
994.65 -70.819 0.059
994.70 -70.819 0.059
994.75 -70.819 0.059
994.80 -70.819 0.059
994.85 -70.818 0.059
994.90 -70.818 0.059
994.95 -70.818 0.059
995.00 -70.818 0.059
995.05 -70.818 0.059
995.10 -70.818 0.059
995.15 -70.818 0.059
995.20 -70.817 0.059
995.25 -70.817 0.059
995.30 -70.817 0.059
995.35 -70.817 0.059
995.40 -70.817 0.059
995.45 -70.817 0.059
995.50 -70.817 0.059
995.55 -70.816 0.059
995.60 -70.816 0.059
995.65 -70.816 0.059
995.70 -70.816 0.059
995.75 -70.816 0.059
995.80 -70.816 0.059
995.85 -70.816 0.059
995.90 -70.815 0.059
995.95 -70.815 0.059
996.00 -70.815 0.059
996.05 -70.815 0.059
996.10 -70.815 0.059
996.15 -70.815 0.059
996.20 -70.815 0.059
996.25 -70.814 0.059
996.30 -70.814 0.059
996.35 -70.814 0.059
996.40 -70.814 0.059
996.45 -70.814 0.058
996.50 -70.814 0.058
996.55 -70.814 0.058
996.60 -70.814 0.058
996.65 -70.813 0.058
996.70 -70.813 0.058
996.75 -70.813 0.058
996.80 -70.813 0.058
996.85 -70.813 0.058
996.90 -70.813 0.058
996.95 -70.813 0.058
997.00 -70.812 0.058
997.05 -70.812 0.058
997.10 -70.812 0.058
997.15 -70.812 0.058
997.20 -70.812 0.058
997.25 -70.812 0.058
997.30 -70.812 0.058
997.35 -70.811 0.058
997.40 -70.811 0.058
997.45 -70.811 0.058
997.50 -70.811 0.058
997.55 -70.811 0.058
997.60 -70.811 0.058
997.65 -70.811 0.058
997.70 -70.810 0.058
997.75 -70.810 0.058
997.80 -70.810 0.058
997.85 -70.810 0.058
997.90 -70.810 0.058
997.95 -70.810 0.058
998.00 -70.810 0.058
998.05 -70.809 0.058
998.10 -70.809 0.058
998.15 -70.809 0.058
998.20 -70.809 0.058
998.25 -70.809 0.058
998.30 -70.809 0.058
998.35 -70.809 0.058
998.40 -70.808 0.058
998.45 -70.808 0.058
998.50 -70.808 0.058
998.55 -70.808 0.058
998.60 -70.808 0.058
998.65 -70.808 0.058
998.70 -70.808 0.058
998.75 -70.807 0.058
998.80 -70.807 0.058
998.85 -70.807 0.058
998.90 -70.807 0.058
998.95 -70.807 0.058
999.00 -70.807 0.058
999.05 -70.807 0.058
999.10 -70.806 0.058
999.15 -70.806 0.058
999.20 -70.806 0.058
999.25 -70.806 0.058
999.30 -70.806 0.058
999.35 -70.806 0.058
999.40 -70.806 0.058
999.45 -70.806 0.058
999.50 -70.805 0.058
999.55 -70.805 0.058
999.60 -70.805 0.058
999.65 -70.805 0.058
999.70 -70.805 0.058
999.75 -70.805 0.058
999.80 -70.805 0.058
999.85 -70.804 0.058
999.90 -70.804 0.058
999.95 -70.804 0.058
1000.00 -70.804 0.058
